STRUCTURE,STRUCTURE_ID,STRUCTURE_NAME,ACTION,REF_AREA,Reference area,FREQ,Frequency of observation,MEASURE,Measure,UNIT_MEASURE,Unit of measure,FINANCING_SCHEME,Financing scheme,FINANCING_SCHEME_REV,Revenues of financing schemes,FUNCTION,Health function,MODE_PROVISION,Mode of provision,PROVIDER,Healthcare provider,FACTOR_PROVISION,Factor of provision,ASSET_TYPE,Asset type,PRICE_BASE,Price base,TIME_PERIOD,Time period,OBS_VALUE,Observation value,BASE_PER,Base period,CURRENCY,Currency,OBS_STATUS,Observation status,OBS_STATUS2,Observation status 2,OBS_STATUS3,Observation status 3,UNIT_MULT,Unit multiplier,DECIMALS,Decimals
DATAFLOW,OECD.ELS.HD:DSD_SHA@DF_SHA(1.1),Health expenditure and financing,I,ROU,Romania,A,Annual,EXP_HEALTH,Expenditure,PT_B1GQ,Percentage of GDP,_T,Total,_Z,Not application,_T,Total,_T,Total,_T,Total,_Z,Not applicable,_Z,Not applicable,_Z,Not applicable,2023,,5.759,,,,,,,,,,,,0,Units,1,One
DATAFLOW,OECD.ELS.HD:DSD_SHA@DF_SHA(1.1),Health expenditure and financing,I,PER,Peru,A,Annual,EXP_HEALTH,Expenditure,PT_B1GQ,Percentage of GDP,_T,Total,_Z,Not application,_T,Total,_T,Total,_T,Total,_Z,Not applicable,_Z,Not applicable,_Z,Not applicable,2006,,4.41,,,,,,B,Time series break,,,,,0,Units,1,One
DATAFLOW,OECD.ELS.HD:DSD_SHA@DF_SHA(1.1),Health expenditure and financing,I,ROU,Romania,A,Annual,EXP_HEALTH,Expenditure,PT_B1GQ,Percentage of GDP,_T,Total,_Z,Not application,_T,Total,_T,Total,_T,Total,_Z,Not applicable,_Z,Not applicable,_Z,Not applicable,2011,,4.475,,,,,,B,Time series break,,,,,0,Units,1,One
DATAFLOW,OECD.ELS.HD:DSD_SHA@DF_SHA(1.1),Health expenditure and financing,I,CYP,Cyprus,A,Annual,EXP_HEALTH,Expenditure,PT_B1GQ,Percentage of GDP,_T,Total,_Z,Not application,_T,Total,_T,Total,_T,Total,_Z,Not applicable,_Z,Not applicable,_Z,Not applicable,2015,,6.794,,,,,,B,Time series break,,,,,0,Units,1,One
DATAFLOW,OECD.ELS.HD:DSD_SHA@DF_SHA(1.1),Health expenditure and financing,I,CYP,Cyprus,A,Annual,EXP_HEALTH,Expenditure,PT_B1GQ,Percentage of GDP,_T,Total,_Z,Not application,_T,Total,_T,Total,_T,Total,_Z,Not applicable,_Z,Not applicable,_Z,Not applicable,2023,,7.766,,,,,,P,Provisional value,,,,,0,Units,1,One
DATAFLOW,OECD.ELS.HD:DSD_SHA@DF_SHA(1.1),Health expenditure and financing,I,IND,India,A,Annual,EXP_HEALTH,Expenditure,PT_B1GQ,Percentage of GDP,_T,Total,_Z,Not application,_T,Total,_T,Total,_T,Total,_Z,Not applicable,_Z,Not applicable,_Z,Not applicable,2000,,4.161,,,,,,,,,,,,0,Units,1,One
DATAFLOW,OECD.ELS.HD:DSD_SHA@DF_SHA(1.1),Health expenditure and financing,I,IND,India,A,Annual,EXP_HEALTH,Expenditure,PT_B1GQ,Percentage of GDP,_T,Total,_Z,Not application,_T,Total,_T,Total,_T,Total,_Z,Not applicable,_Z,Not applicable,_Z,Not applicable,2001,,4.396,,,,,,,,,,,,0,Units,1,One
DATAFLOW,OECD.ELS.HD:DSD_SHA@DF_SHA(1.1),Health expenditure and financing,I,IND,India,A,Annual,EXP_HEALTH,Expenditure,PT_B1GQ,Percentage of GDP,_T,Total,_Z,Not application,_T,Total,_T,Total,_T,Total,_Z,Not applicable,_Z,Not applicable,_Z,Not applicable,2002,,4.373,,,,,,,,,,,,0,Units,1,One
DATAFLOW,OECD.ELS.HD:DSD_SHA@DF_SHA(1.1),Health expenditure and financing,I,IND,India,A,Annual,EXP_HEALTH,Expenditure,PT_B1GQ,Percentage of GDP,_T,Total,_Z,Not application,_T,Total,_T,Total,_T,Total,_Z,Not applicable,_Z,Not applicable,_Z,Not applicable,2003,,4.134,,,,,,,,,,,,0,Units,1,One
DATAFLOW,OECD.ELS.HD:DSD_SHA@DF_SHA(1.1),Health expenditure and financing,I,IND,India,A,Annual,EXP_HEALTH,Expenditure,PT_B1GQ,Percentage of GDP,_T,Total,_Z,Not application,_T,Total,_T,Total,_T,Total,_Z,Not applicable,_Z,Not applicable,_Z,Not applicable,2004,,4.081,,,,,,,,,,,,0,Units,1,One
DATAFLOW,OECD.ELS.HD:DSD_SHA@DF_SHA(1.1),Health expenditure and financing,I,IND,India,A,Annual,EXP_HEALTH,Expenditure,PT_B1GQ,Percentage of GDP,_T,Total,_Z,Not application,_T,Total,_T,Total,_T,Total,_Z,Not applicable,_Z,Not applicable,_Z,Not applicable,2005,,3.91,,,,,,,,,,,,0,Units,1,One
DATAFLOW,OECD.ELS.HD:DSD_SHA@DF_SHA(1.1),Health expenditure and financing,I,IND,India,A,Annual,EXP_HEALTH,Expenditure,PT_B1GQ,Percentage of GDP,_T,Total,_Z,Not application,_T,Total,_T,Total,_T,Total,_Z,Not applicable,_Z,Not applicable,_Z,Not applicable,2006,,3.749,,,,,,,,,,,,0,Units,1,One
DATAFLOW,OECD.ELS.HD:DSD_SHA@DF_SHA(1.1),Health expenditure and financing,I,IND,India,A,Annual,EXP_HEALTH,Expenditure,PT_B1GQ,Percentage of GDP,_T,Total,_Z,Not application,_T,Total,_T,Total,_T,Total,_Z,Not applicable,_Z,Not applicable,_Z,Not applicable,2007,,3.628,,,,,,,,,,,,0,Units,1,One
DATAFLOW,OECD.ELS.HD:DSD_SHA@DF_SHA(1.1),Health expenditure and financing,I,IND,India,A,Annual,EXP_HEALTH,Expenditure,PT_B1GQ,Percentage of GDP,_T,Total,_Z,Not application,_T,Total,_T,Total,_T,Total,_Z,Not applicable,_Z,Not applicable,_Z,Not applicable,2008,,3.625,,,,,,,,,,,,0,Units,1,One
DATAFLOW,OECD.ELS.HD:DSD_SHA@DF_SHA(1.1),Health expenditure and financing,I,IND,India,A,Annual,EXP_HEALTH,Expenditure,PT_B1GQ,Percentage of GDP,_T,Total,_Z,Not application,_T,Total,_T,Total,_T,Total,_Z,Not applicable,_Z,Not applicable,_Z,Not applicable,2009,,3.594,,,,,,,,,,,,0,Units,1,One
DATAFLOW,OECD.ELS.HD:DSD_SHA@DF_SHA(1.1),Health expenditure and financing,I,IND,India,A,Annual,EXP_HEALTH,Expenditure,PT_B1GQ,Percentage of GDP,_T,Total,_Z,Not application,_T,Total,_T,Total,_T,Total,_Z,Not applicable,_Z,Not applicable,_Z,Not applicable,2010,,3.375,,,,,,,,,,,,0,Units,1,One
DATAFLOW,OECD.ELS.HD:DSD_SHA@DF_SHA(1.1),Health expenditure and financing,I,IND,India,A,Annual,EXP_HEALTH,Expenditure,PT_B1GQ,Percentage of GDP,_T,Total,_Z,Not application,_T,Total,_T,Total,_T,Total,_Z,Not applicable,_Z,Not applicable,_Z,Not applicable,2011,,3.246,,,,,,,,,,,,0,Units,1,One
DATAFLOW,OECD.ELS.HD:DSD_SHA@DF_SHA(1.1),Health expenditure and financing,I,IND,India,A,Annual,EXP_HEALTH,Expenditure,PT_B1GQ,Percentage of GDP,_T,Total,_Z,Not application,_T,Total,_T,Total,_T,Total,_Z,Not applicable,_Z,Not applicable,_Z,Not applicable,2012,,3.329,,,,,,,,,,,,0,Units,1,One
DATAFLOW,OECD.ELS.HD:DSD_SHA@DF_SHA(1.1),Health expenditure and financing,I,IND,India,A,Annual,EXP_HEALTH,Expenditure,PT_B1GQ,Percentage of GDP,_T,Total,_Z,Not application,_T,Total,_T,Total,_T,Total,_Z,Not applicable,_Z,Not applicable,_Z,Not applicable,2013,,3.749,,,,,,,,,,,,0,Units,1,One
DATAFLOW,OECD.ELS.HD:DSD_SHA@DF_SHA(1.1),Health expenditure and financing,I,IND,India,A,Annual,EXP_HEALTH,Expenditure,PT_B1GQ,Percentage of GDP,_T,Total,_Z,Not application,_T,Total,_T,Total,_T,Total,_Z,Not applicable,_Z,Not applicable,_Z,Not applicable,2014,,3.62,,,,,,,,,,,,0,Units,1,One
DATAFLOW,OECD.ELS.HD:DSD_SHA@DF_SHA(1.1),Health expenditure and financing,I,IND,India,A,Annual,EXP_HEALTH,Expenditure,PT_B1GQ,Percentage of GDP,_T,Total,_Z,Not application,_T,Total,_T,Total,_T,Total,_Z,Not applicable,_Z,Not applicable,_Z,Not applicable,2015,,3.596,,,,,,,,,,,,0,Units,1,One
DATAFLOW,OECD.ELS.HD:DSD_SHA@DF_SHA(1.1),Health expenditure and financing,I,IND,India,A,Annual,EXP_HEALTH,Expenditure,PT_B1GQ,Percentage of GDP,_T,Total,_Z,Not application,_T,Total,_T,Total,_T,Total,_Z,Not applicable,_Z,Not applicable,_Z,Not applicable,2016,,3.504,,,,,,,,,,,,0,Units,1,One
DATAFLOW,OECD.ELS.HD:DSD_SHA@DF_SHA(1.1),Health expenditure and financing,I,IND,India,A,Annual,EXP_HEALTH,Expenditure,PT_B1GQ,Percentage of GDP,_T,Total,_Z,Not application,_T,Total,_T,Total,_T,Total,_Z,Not applicable,_Z,Not applicable,_Z,Not applicable,2017,,2.936,,,,,,,,,,,,0,Units,1,One
DATAFLOW,OECD.ELS.HD:DSD_SHA@DF_SHA(1.1),Health expenditure and financing,I,IND,India,A,Annual,EXP_HEALTH,Expenditure,PT_B1GQ,Percentage of GDP,_T,Total,_Z,Not application,_T,Total,_T,Total,_T,Total,_Z,Not applicable,_Z,Not applicable,_Z,Not applicable,2018,,2.858,,,,,,,,,,,,0,Units,1,One
DATAFLOW,OECD.ELS.HD:DSD_SHA@DF_SHA(1.1),Health expenditure and financing,I,IND,India,A,Annual,EXP_HEALTH,Expenditure,PT_B1GQ,Percentage of GDP,_T,Total,_Z,Not application,_T,Total,_T,Total,_T,Total,_Z,Not applicable,_Z,Not applicable,_Z,Not applicable,2019,,2.953,,,,,,,,,,,,0,Units,1,One
DATAFLOW,OECD.ELS.HD:DSD_SHA@DF_SHA(1.1),Health expenditure and financing,I,IND,India,A,Annual,EXP_HEALTH,Expenditure,PT_B1GQ,Percentage of GDP,_T,Total,_Z,Not application,_T,Total,_T,Total,_T,Total,_Z,Not applicable,_Z,Not applicable,_Z,Not applicable,2020,,3.341,,,,,,,,,,,,0,Units,1,One
DATAFLOW,OECD.ELS.HD:DSD_SHA@DF_SHA(1.1),Health expenditure and financing,I,IND,India,A,Annual,EXP_HEALTH,Expenditure,PT_B1GQ,Percentage of GDP,_T,Total,_Z,Not application,_T,Total,_T,Total,_T,Total,_Z,Not applicable,_Z,Not applicable,_Z,Not applicable,2021,,3.347,,,,,,,,,,,,0,Units,1,One
DATAFLOW,OECD.ELS.HD:DSD_SHA@DF_SHA(1.1),Health expenditure and financing,I,IND,India,A,Annual,EXP_HEALTH,Expenditure,PT_B1GQ,Percentage of GDP,_T,Total,_Z,Not application,_T,Total,_T,Total,_T,Total,_Z,Not applicable,_Z,Not applicable,_Z,Not applicable,2022,,3.396,,,,,,,,,,,,0,Units,1,One
DATAFLOW,OECD.ELS.HD:DSD_SHA@DF_SHA(1.1),Health expenditure and financing,I,IND,India,A,Annual,EXP_HEALTH,Expenditure,PT_B1GQ,Percentage of GDP,_T,Total,_Z,Not application,_T,Total,_T,Total,_T,Total,_Z,Not applicable,_Z,Not applicable,_Z,Not applicable,2023,,3.339,,,,,,,,,,,,0,Units,1,One
DATAFLOW,OECD.ELS.HD:DSD_SHA@DF_SHA(1.1),Health expenditure and financing,I,MDA,Moldova,A,Annual,EXP_HEALTH,Expenditure,PT_B1GQ,Percentage of GDP,_T,Total,_Z,Not application,_T,Total,_T,Total,_T,Total,_Z,Not applicable,_Z,Not applicable,_Z,Not applicable,2000,,5.927,,,,,,,,,,,,0,Units,1,One
DATAFLOW,OECD.ELS.HD:DSD_SHA@DF_SHA(1.1),Health expenditure and financing,I,MDA,Moldova,A,Annual,EXP_HEALTH,Expenditure,PT_B1GQ,Percentage of GDP,_T,Total,_Z,Not application,_T,Total,_T,Total,_T,Total,_Z,Not applicable,_Z,Not applicable,_Z,Not applicable,2001,,6.235,,,,,,,,,,,,0,Units,1,One
DATAFLOW,OECD.ELS.HD:DSD_SHA@DF_SHA(1.1),Health expenditure and financing,I,MDA,Moldova,A,Annual,EXP_HEALTH,Expenditure,PT_B1GQ,Percentage of GDP,_T,Total,_Z,Not application,_T,Total,_T,Total,_T,Total,_Z,Not applicable,_Z,Not applicable,_Z,Not applicable,2002,,7.404,,,,,,,,,,,,0,Units,1,One
DATAFLOW,OECD.ELS.HD:DSD_SHA@DF_SHA(1.1),Health expenditure and financing,I,MDA,Moldova,A,Annual,EXP_HEALTH,Expenditure,PT_B1GQ,Percentage of GDP,_T,Total,_Z,Not application,_T,Total,_T,Total,_T,Total,_Z,Not applicable,_Z,Not applicable,_Z,Not applicable,2003,,7.022,,,,,,,,,,,,0,Units,1,One
DATAFLOW,OECD.ELS.HD:DSD_SHA@DF_SHA(1.1),Health expenditure and financing,I,MDA,Moldova,A,Annual,EXP_HEALTH,Expenditure,PT_B1GQ,Percentage of GDP,_T,Total,_Z,Not application,_T,Total,_T,Total,_T,Total,_Z,Not applicable,_Z,Not applicable,_Z,Not applicable,2004,,8.971,,,,,,,,,,,,0,Units,1,One
DATAFLOW,OECD.ELS.HD:DSD_SHA@DF_SHA(1.1),Health expenditure and financing,I,MDA,Moldova,A,Annual,EXP_HEALTH,Expenditure,PT_B1GQ,Percentage of GDP,_T,Total,_Z,Not application,_T,Total,_T,Total,_T,Total,_Z,Not applicable,_Z,Not applicable,_Z,Not applicable,2005,,9.558,,,,,,,,,,,,0,Units,1,One
DATAFLOW,OECD.ELS.HD:DSD_SHA@DF_SHA(1.1),Health expenditure and financing,I,MDA,Moldova,A,Annual,EXP_HEALTH,Expenditure,PT_B1GQ,Percentage of GDP,_T,Total,_Z,Not application,_T,Total,_T,Total,_T,Total,_Z,Not applicable,_Z,Not applicable,_Z,Not applicable,2006,,10.544,,,,,,,,,,,,0,Units,1,One
DATAFLOW,OECD.ELS.HD:DSD_SHA@DF_SHA(1.1),Health expenditure and financing,I,MDA,Moldova,A,Annual,EXP_HEALTH,Expenditure,PT_B1GQ,Percentage of GDP,_T,Total,_Z,Not application,_T,Total,_T,Total,_T,Total,_Z,Not applicable,_Z,Not applicable,_Z,Not applicable,2007,,11.021,,,,,,,,,,,,0,Units,1,One
DATAFLOW,OECD.ELS.HD:DSD_SHA@DF_SHA(1.1),Health expenditure and financing,I,MDA,Moldova,A,Annual,EXP_HEALTH,Expenditure,PT_B1GQ,Percentage of GDP,_T,Total,_Z,Not application,_T,Total,_T,Total,_T,Total,_Z,Not applicable,_Z,Not applicable,_Z,Not applicable,2008,,10.949,,,,,,,,,,,,0,Units,1,One
DATAFLOW,OECD.ELS.HD:DSD_SHA@DF_SHA(1.1),Health expenditure and financing,I,MDA,Moldova,A,Annual,EXP_HEALTH,Expenditure,PT_B1GQ,Percentage of GDP,_T,Total,_Z,Not application,_T,Total,_T,Total,_T,Total,_Z,Not applicable,_Z,Not applicable,_Z,Not applicable,2009,,13.677,,,,,,,,,,,,0,Units,1,One
DATAFLOW,OECD.ELS.HD:DSD_SHA@DF_SHA(1.1),Health expenditure and financing,I,MDA,Moldova,A,Annual,EXP_HEALTH,Expenditure,PT_B1GQ,Percentage of GDP,_T,Total,_Z,Not application,_T,Total,_T,Total,_T,Total,_Z,Not applicable,_Z,Not applicable,_Z,Not applicable,2010,,10.131,,,,,,,,,,,,0,Units,1,One
DATAFLOW,OECD.ELS.HD:DSD_SHA@DF_SHA(1.1),Health expenditure and financing,I,MDA,Moldova,A,Annual,EXP_HEALTH,Expenditure,PT_B1GQ,Percentage of GDP,_T,Total,_Z,Not application,_T,Total,_T,Total,_T,Total,_Z,Not applicable,_Z,Not applicable,_Z,Not applicable,2011,,9.097,,,,,,,,,,,,0,Units,1,One
DATAFLOW,OECD.ELS.HD:DSD_SHA@DF_SHA(1.1),Health expenditure and financing,I,MDA,Moldova,A,Annual,EXP_HEALTH,Expenditure,PT_B1GQ,Percentage of GDP,_T,Total,_Z,Not application,_T,Total,_T,Total,_T,Total,_Z,Not applicable,_Z,Not applicable,_Z,Not applicable,2012,,9.14,,,,,,,,,,,,0,Units,1,One
DATAFLOW,OECD.ELS.HD:DSD_SHA@DF_SHA(1.1),Health expenditure and financing,I,MDA,Moldova,A,Annual,EXP_HEALTH,Expenditure,PT_B1GQ,Percentage of GDP,_T,Total,_Z,Not application,_T,Total,_T,Total,_T,Total,_Z,Not applicable,_Z,Not applicable,_Z,Not applicable,2013,,8.683,,,,,,,,,,,,0,Units,1,One
DATAFLOW,OECD.ELS.HD:DSD_SHA@DF_SHA(1.1),Health expenditure and financing,I,MDA,Moldova,A,Annual,EXP_HEALTH,Expenditure,PT_B1GQ,Percentage of GDP,_T,Total,_Z,Not application,_T,Total,_T,Total,_T,Total,_Z,Not applicable,_Z,Not applicable,_Z,Not applicable,2014,,8.732,,,,,,,,,,,,0,Units,1,One
DATAFLOW,OECD.ELS.HD:DSD_SHA@DF_SHA(1.1),Health expenditure and financing,I,MDA,Moldova,A,Annual,EXP_HEALTH,Expenditure,PT_B1GQ,Percentage of GDP,_T,Total,_Z,Not application,_T,Total,_T,Total,_T,Total,_Z,Not applicable,_Z,Not applicable,_Z,Not applicable,2015,,8.5,,,,,,,,,,,,0,Units,1,One
DATAFLOW,OECD.ELS.HD:DSD_SHA@DF_SHA(1.1),Health expenditure and financing,I,MDA,Moldova,A,Annual,EXP_HEALTH,Expenditure,PT_B1GQ,Percentage of GDP,_T,Total,_Z,Not application,_T,Total,_T,Total,_T,Total,_Z,Not applicable,_Z,Not applicable,_Z,Not applicable,2016,,7.621,,,,,,,,,,,,0,Units,1,One
DATAFLOW,OECD.ELS.HD:DSD_SHA@DF_SHA(1.1),Health expenditure and financing,I,MDA,Moldova,A,Annual,EXP_HEALTH,Expenditure,PT_B1GQ,Percentage of GDP,_T,Total,_Z,Not application,_T,Total,_T,Total,_T,Total,_Z,Not applicable,_Z,Not applicable,_Z,Not applicable,2017,,7.128,,,,,,,,,,,,0,Units,1,One
DATAFLOW,OECD.ELS.HD:DSD_SHA@DF_SHA(1.1),Health expenditure and financing,I,MDA,Moldova,A,Annual,EXP_HEALTH,Expenditure,PT_B1GQ,Percentage of GDP,_T,Total,_Z,Not application,_T,Total,_T,Total,_T,Total,_Z,Not applicable,_Z,Not applicable,_Z,Not applicable,2018,,6.708,,,,,,,,,,,,0,Units,1,One
DATAFLOW,OECD.ELS.HD:DSD_SHA@DF_SHA(1.1),Health expenditure and financing,I,MDA,Moldova,A,Annual,EXP_HEALTH,Expenditure,PT_B1GQ,Percentage of GDP,_T,Total,_Z,Not application,_T,Total,_T,Total,_T,Total,_Z,Not applicable,_Z,Not applicable,_Z,Not applicable,2019,,6.497,,,,,,,,,,,,0,Units,1,One
DATAFLOW,OECD.ELS.HD:DSD_SHA@DF_SHA(1.1),Health expenditure and financing,I,MDA,Moldova,A,Annual,EXP_HEALTH,Expenditure,PT_B1GQ,Percentage of GDP,_T,Total,_Z,Not application,_T,Total,_T,Total,_T,Total,_Z,Not applicable,_Z,Not applicable,_Z,Not applicable,2020,,7.005,,,,,,,,,,,,0,Units,1,One
DATAFLOW,OECD.ELS.HD:DSD_SHA@DF_SHA(1.1),Health expenditure and financing,I,MDA,Moldova,A,Annual,EXP_HEALTH,Expenditure,PT_B1GQ,Percentage of GDP,_T,Total,_Z,Not application,_T,Total,_T,Total,_T,Total,_Z,Not applicable,_Z,Not applicable,_Z,Not applicable,2021,,7.749,,,,,,,,,,,,0,Units,1,One
DATAFLOW,OECD.ELS.HD:DSD_SHA@DF_SHA(1.1),Health expenditure and financing,I,MDA,Moldova,A,Annual,EXP_HEALTH,Expenditure,PT_B1GQ,Percentage of GDP,_T,Total,_Z,Not application,_T,Total,_T,Total,_T,Total,_Z,Not applicable,_Z,Not applicable,_Z,Not applicable,2022,,6.965,,,,,,,,,,,,0,Units,1,One
DATAFLOW,OECD.ELS.HD:DSD_SHA@DF_SHA(1.1),Health expenditure and financing,I,MDA,Moldova,A,Annual,EXP_HEALTH,Expenditure,PT_B1GQ,Percentage of GDP,_T,Total,_Z,Not application,_T,Total,_T,Total,_T,Total,_Z,Not applicable,_Z,Not applicable,_Z,Not applicable,2023,,6.736,,,,,,,,,,,,0,Units,1,One
DATAFLOW,OECD.ELS.HD:DSD_SHA@DF_SHA(1.1),Health expenditure and financing,I,MKD,North Macedonia,A,Annual,EXP_HEALTH,Expenditure,PT_B1GQ,Percentage of GDP,_T,Total,_Z,Not application,_T,Total,_T,Total,_T,Total,_Z,Not applicable,_Z,Not applicable,_Z,Not applicable,2000,,8.87,,,,,,,,,,,,0,Units,1,One
DATAFLOW,OECD.ELS.HD:DSD_SHA@DF_SHA(1.1),Health expenditure and financing,I,MKD,North Macedonia,A,Annual,EXP_HEALTH,Expenditure,PT_B1GQ,Percentage of GDP,_T,Total,_Z,Not application,_T,Total,_T,Total,_T,Total,_Z,Not applicable,_Z,Not applicable,_Z,Not applicable,2001,,8.382,,,,,,,,,,,,0,Units,1,One
DATAFLOW,OECD.ELS.HD:DSD_SHA@DF_SHA(1.1),Health expenditure and financing,I,MKD,North Macedonia,A,Annual,EXP_HEALTH,Expenditure,PT_B1GQ,Percentage of GDP,_T,Total,_Z,Not application,_T,Total,_T,Total,_T,Total,_Z,Not applicable,_Z,Not applicable,_Z,Not applicable,2002,,8.978,,,,,,,,,,,,0,Units,1,One
DATAFLOW,OECD.ELS.HD:DSD_SHA@DF_SHA(1.1),Health expenditure and financing,I,MKD,North Macedonia,A,Annual,EXP_HEALTH,Expenditure,PT_B1GQ,Percentage of GDP,_T,Total,_Z,Not application,_T,Total,_T,Total,_T,Total,_Z,Not applicable,_Z,Not applicable,_Z,Not applicable,2003,,9.009,,,,,,,,,,,,0,Units,1,One
DATAFLOW,OECD.ELS.HD:DSD_SHA@DF_SHA(1.1),Health expenditure and financing,I,MKD,North Macedonia,A,Annual,EXP_HEALTH,Expenditure,PT_B1GQ,Percentage of GDP,_T,Total,_Z,Not application,_T,Total,_T,Total,_T,Total,_Z,Not applicable,_Z,Not applicable,_Z,Not applicable,2004,,8.465,,,,,,,,,,,,0,Units,1,One
DATAFLOW,OECD.ELS.HD:DSD_SHA@DF_SHA(1.1),Health expenditure and financing,I,MKD,North Macedonia,A,Annual,EXP_HEALTH,Expenditure,PT_B1GQ,Percentage of GDP,_T,Total,_Z,Not application,_T,Total,_T,Total,_T,Total,_Z,Not applicable,_Z,Not applicable,_Z,Not applicable,2005,,7.679,,,,,,,,,,,,0,Units,1,One
DATAFLOW,OECD.ELS.HD:DSD_SHA@DF_SHA(1.1),Health expenditure and financing,I,MKD,North Macedonia,A,Annual,EXP_HEALTH,Expenditure,PT_B1GQ,Percentage of GDP,_T,Total,_Z,Not application,_T,Total,_T,Total,_T,Total,_Z,Not applicable,_Z,Not applicable,_Z,Not applicable,2006,,7.383,,,,,,,,,,,,0,Units,1,One
DATAFLOW,OECD.ELS.HD:DSD_SHA@DF_SHA(1.1),Health expenditure and financing,I,MKD,North Macedonia,A,Annual,EXP_HEALTH,Expenditure,PT_B1GQ,Percentage of GDP,_T,Total,_Z,Not application,_T,Total,_T,Total,_T,Total,_Z,Not applicable,_Z,Not applicable,_Z,Not applicable,2007,,6.571,,,,,,,,,,,,0,Units,1,One
DATAFLOW,OECD.ELS.HD:DSD_SHA@DF_SHA(1.1),Health expenditure and financing,I,MKD,North Macedonia,A,Annual,EXP_HEALTH,Expenditure,PT_B1GQ,Percentage of GDP,_T,Total,_Z,Not application,_T,Total,_T,Total,_T,Total,_Z,Not applicable,_Z,Not applicable,_Z,Not applicable,2008,,6.553,,,,,,,,,,,,0,Units,1,One
DATAFLOW,OECD.ELS.HD:DSD_SHA@DF_SHA(1.1),Health expenditure and financing,I,MKD,North Macedonia,A,Annual,EXP_HEALTH,Expenditure,PT_B1GQ,Percentage of GDP,_T,Total,_Z,Not application,_T,Total,_T,Total,_T,Total,_Z,Not applicable,_Z,Not applicable,_Z,Not applicable,2009,,6.528,,,,,,,,,,,,0,Units,1,One
DATAFLOW,OECD.ELS.HD:DSD_SHA@DF_SHA(1.1),Health expenditure and financing,I,MKD,North Macedonia,A,Annual,EXP_HEALTH,Expenditure,PT_B1GQ,Percentage of GDP,_T,Total,_Z,Not application,_T,Total,_T,Total,_T,Total,_Z,Not applicable,_Z,Not applicable,_Z,Not applicable,2010,,6.714,,,,,,,,,,,,0,Units,1,One
DATAFLOW,OECD.ELS.HD:DSD_SHA@DF_SHA(1.1),Health expenditure and financing,I,MKD,North Macedonia,A,Annual,EXP_HEALTH,Expenditure,PT_B1GQ,Percentage of GDP,_T,Total,_Z,Not application,_T,Total,_T,Total,_T,Total,_Z,Not applicable,_Z,Not applicable,_Z,Not applicable,2011,,6.519,,,,,,,,,,,,0,Units,1,One
DATAFLOW,OECD.ELS.HD:DSD_SHA@DF_SHA(1.1),Health expenditure and financing,I,MKD,North Macedonia,A,Annual,EXP_HEALTH,Expenditure,PT_B1GQ,Percentage of GDP,_T,Total,_Z,Not application,_T,Total,_T,Total,_T,Total,_Z,Not applicable,_Z,Not applicable,_Z,Not applicable,2012,,6.615,,,,,,,,,,,,0,Units,1,One
DATAFLOW,OECD.ELS.HD:DSD_SHA@DF_SHA(1.1),Health expenditure and financing,I,MKD,North Macedonia,A,Annual,EXP_HEALTH,Expenditure,PT_B1GQ,Percentage of GDP,_T,Total,_Z,Not application,_T,Total,_T,Total,_T,Total,_Z,Not applicable,_Z,Not applicable,_Z,Not applicable,2013,,6.719,,,,,,,,,,,,0,Units,1,One
DATAFLOW,OECD.ELS.HD:DSD_SHA@DF_SHA(1.1),Health expenditure and financing,I,MKD,North Macedonia,A,Annual,EXP_HEALTH,Expenditure,PT_B1GQ,Percentage of GDP,_T,Total,_Z,Not application,_T,Total,_T,Total,_T,Total,_Z,Not applicable,_Z,Not applicable,_Z,Not applicable,2014,,6.29,,,,,,,,,,,,0,Units,1,One
DATAFLOW,OECD.ELS.HD:DSD_SHA@DF_SHA(1.1),Health expenditure and financing,I,MKD,North Macedonia,A,Annual,EXP_HEALTH,Expenditure,PT_B1GQ,Percentage of GDP,_T,Total,_Z,Not application,_T,Total,_T,Total,_T,Total,_Z,Not applicable,_Z,Not applicable,_Z,Not applicable,2015,,6.342,,,,,,,,,,,,0,Units,1,One
DATAFLOW,OECD.ELS.HD:DSD_SHA@DF_SHA(1.1),Health expenditure and financing,I,MKD,North Macedonia,A,Annual,EXP_HEALTH,Expenditure,PT_B1GQ,Percentage of GDP,_T,Total,_Z,Not application,_T,Total,_T,Total,_T,Total,_Z,Not applicable,_Z,Not applicable,_Z,Not applicable,2016,,6.379,,,,,,,,,,,,0,Units,1,One
DATAFLOW,OECD.ELS.HD:DSD_SHA@DF_SHA(1.1),Health expenditure and financing,I,MKD,North Macedonia,A,Annual,EXP_HEALTH,Expenditure,PT_B1GQ,Percentage of GDP,_T,Total,_Z,Not application,_T,Total,_T,Total,_T,Total,_Z,Not applicable,_Z,Not applicable,_Z,Not applicable,2017,,6.439,,,,,,,,,,,,0,Units,1,One
DATAFLOW,OECD.ELS.HD:DSD_SHA@DF_SHA(1.1),Health expenditure and financing,I,MKD,North Macedonia,A,Annual,EXP_HEALTH,Expenditure,PT_B1GQ,Percentage of GDP,_T,Total,_Z,Not application,_T,Total,_T,Total,_T,Total,_Z,Not applicable,_Z,Not applicable,_Z,Not applicable,2018,,6.457,,,,,,,,,,,,0,Units,1,One
DATAFLOW,OECD.ELS.HD:DSD_SHA@DF_SHA(1.1),Health expenditure and financing,I,MKD,North Macedonia,A,Annual,EXP_HEALTH,Expenditure,PT_B1GQ,Percentage of GDP,_T,Total,_Z,Not application,_T,Total,_T,Total,_T,Total,_Z,Not applicable,_Z,Not applicable,_Z,Not applicable,2019,,7.067,,,,,,,,,,,,0,Units,1,One
DATAFLOW,OECD.ELS.HD:DSD_SHA@DF_SHA(1.1),Health expenditure and financing,I,MKD,North Macedonia,A,Annual,EXP_HEALTH,Expenditure,PT_B1GQ,Percentage of GDP,_T,Total,_Z,Not application,_T,Total,_T,Total,_T,Total,_Z,Not applicable,_Z,Not applicable,_Z,Not applicable,2020,,7.732,,,,,,,,,,,,0,Units,1,One
DATAFLOW,OECD.ELS.HD:DSD_SHA@DF_SHA(1.1),Health expenditure and financing,I,MKD,North Macedonia,A,Annual,EXP_HEALTH,Expenditure,PT_B1GQ,Percentage of GDP,_T,Total,_Z,Not application,_T,Total,_T,Total,_T,Total,_Z,Not applicable,_Z,Not applicable,_Z,Not applicable,2021,,8.419,,,,,,,,,,,,0,Units,1,One
DATAFLOW,OECD.ELS.HD:DSD_SHA@DF_SHA(1.1),Health expenditure and financing,I,MKD,North Macedonia,A,Annual,EXP_HEALTH,Expenditure,PT_B1GQ,Percentage of GDP,_T,Total,_Z,Not application,_T,Total,_T,Total,_T,Total,_Z,Not applicable,_Z,Not applicable,_Z,Not applicable,2022,,7.422,,,,,,,,,,,,0,Units,1,One
DATAFLOW,OECD.ELS.HD:DSD_SHA@DF_SHA(1.1),Health expenditure and financing,I,MKD,North Macedonia,A,Annual,EXP_HEALTH,Expenditure,PT_B1GQ,Percentage of GDP,_T,Total,_Z,Not application,_T,Total,_T,Total,_T,Total,_Z,Not applicable,_Z,Not applicable,_Z,Not applicable,2023,,7.384,,,,,,,,,,,,0,Units,1,One
DATAFLOW,OECD.ELS.HD:DSD_SHA@DF_SHA(1.1),Health expenditure and financing,I,PER,Peru,A,Annual,EXP_HEALTH,Expenditure,PT_B1GQ,Percentage of GDP,_T,Total,_Z,Not application,_T,Total,_T,Total,_T,Total,_Z,Not applicable,_Z,Not applicable,_Z,Not applicable,2002,,4.939,,,,,,,,,,,,0,Units,1,One
DATAFLOW,OECD.ELS.HD:DSD_SHA@DF_SHA(1.1),Health expenditure and financing,I,PER,Peru,A,Annual,EXP_HEALTH,Expenditure,PT_B1GQ,Percentage of GDP,_T,Total,_Z,Not application,_T,Total,_T,Total,_T,Total,_Z,Not applicable,_Z,Not applicable,_Z,Not applicable,2003,,4.587,,,,,,,,,,,,0,Units,1,One
DATAFLOW,OECD.ELS.HD:DSD_SHA@DF_SHA(1.1),Health expenditure and financing,I,PER,Peru,A,Annual,EXP_HEALTH,Expenditure,PT_B1GQ,Percentage of GDP,_T,Total,_Z,Not application,_T,Total,_T,Total,_T,Total,_Z,Not applicable,_Z,Not applicable,_Z,Not applicable,2004,,4.43,,,,,,,,,,,,0,Units,1,One
DATAFLOW,OECD.ELS.HD:DSD_SHA@DF_SHA(1.1),Health expenditure and financing,I,PER,Peru,A,Annual,EXP_HEALTH,Expenditure,PT_B1GQ,Percentage of GDP,_T,Total,_Z,Not application,_T,Total,_T,Total,_T,Total,_Z,Not applicable,_Z,Not applicable,_Z,Not applicable,2005,,4.666,,,,,,,,,,,,0,Units,1,One
DATAFLOW,OECD.ELS.HD:DSD_SHA@DF_SHA(1.1),Health expenditure and financing,I,PER,Peru,A,Annual,EXP_HEALTH,Expenditure,PT_B1GQ,Percentage of GDP,_T,Total,_Z,Not application,_T,Total,_T,Total,_T,Total,_Z,Not applicable,_Z,Not applicable,_Z,Not applicable,2007,,4.426,,,,,,,,,,,,0,Units,1,One
DATAFLOW,OECD.ELS.HD:DSD_SHA@DF_SHA(1.1),Health expenditure and financing,I,PER,Peru,A,Annual,EXP_HEALTH,Expenditure,PT_B1GQ,Percentage of GDP,_T,Total,_Z,Not application,_T,Total,_T,Total,_T,Total,_Z,Not applicable,_Z,Not applicable,_Z,Not applicable,2008,,4.546,,,,,,,,,,,,0,Units,1,One
DATAFLOW,OECD.ELS.HD:DSD_SHA@DF_SHA(1.1),Health expenditure and financing,I,PER,Peru,A,Annual,EXP_HEALTH,Expenditure,PT_B1GQ,Percentage of GDP,_T,Total,_Z,Not application,_T,Total,_T,Total,_T,Total,_Z,Not applicable,_Z,Not applicable,_Z,Not applicable,2009,,4.947,,,,,,,,,,,,0,Units,1,One
DATAFLOW,OECD.ELS.HD:DSD_SHA@DF_SHA(1.1),Health expenditure and financing,I,PER,Peru,A,Annual,EXP_HEALTH,Expenditure,PT_B1GQ,Percentage of GDP,_T,Total,_Z,Not application,_T,Total,_T,Total,_T,Total,_Z,Not applicable,_Z,Not applicable,_Z,Not applicable,2010,,4.704,,,,,,,,,,,,0,Units,1,One
DATAFLOW,OECD.ELS.HD:DSD_SHA@DF_SHA(1.1),Health expenditure and financing,I,PER,Peru,A,Annual,EXP_HEALTH,Expenditure,PT_B1GQ,Percentage of GDP,_T,Total,_Z,Not application,_T,Total,_T,Total,_T,Total,_Z,Not applicable,_Z,Not applicable,_Z,Not applicable,2011,,4.541,,,,,,,,,,,,0,Units,1,One
DATAFLOW,OECD.ELS.HD:DSD_SHA@DF_SHA(1.1),Health expenditure and financing,I,PER,Peru,A,Annual,EXP_HEALTH,Expenditure,PT_B1GQ,Percentage of GDP,_T,Total,_Z,Not application,_T,Total,_T,Total,_T,Total,_Z,Not applicable,_Z,Not applicable,_Z,Not applicable,2012,,4.736,,,,,,,,,,,,0,Units,1,One
DATAFLOW,OECD.ELS.HD:DSD_SHA@DF_SHA(1.1),Health expenditure and financing,I,PER,Peru,A,Annual,EXP_HEALTH,Expenditure,PT_B1GQ,Percentage of GDP,_T,Total,_Z,Not application,_T,Total,_T,Total,_T,Total,_Z,Not applicable,_Z,Not applicable,_Z,Not applicable,2013,,4.712,,,,,,,,,,,,0,Units,1,One
DATAFLOW,OECD.ELS.HD:DSD_SHA@DF_SHA(1.1),Health expenditure and financing,I,PER,Peru,A,Annual,EXP_HEALTH,Expenditure,PT_B1GQ,Percentage of GDP,_T,Total,_Z,Not application,_T,Total,_T,Total,_T,Total,_Z,Not applicable,_Z,Not applicable,_Z,Not applicable,2014,,4.9,,,,,,,,,,,,0,Units,1,One
DATAFLOW,OECD.ELS.HD:DSD_SHA@DF_SHA(1.1),Health expenditure and financing,I,PER,Peru,A,Annual,EXP_HEALTH,Expenditure,PT_B1GQ,Percentage of GDP,_T,Total,_Z,Not application,_T,Total,_T,Total,_T,Total,_Z,Not applicable,_Z,Not applicable,_Z,Not applicable,2015,,4.865,,,,,,,,,,,,0,Units,1,One
DATAFLOW,OECD.ELS.HD:DSD_SHA@DF_SHA(1.1),Health expenditure and financing,I,PER,Peru,A,Annual,EXP_HEALTH,Expenditure,PT_B1GQ,Percentage of GDP,_T,Total,_Z,Not application,_T,Total,_T,Total,_T,Total,_Z,Not applicable,_Z,Not applicable,_Z,Not applicable,2016,,4.83,,,,,,,,,,,,0,Units,1,One
DATAFLOW,OECD.ELS.HD:DSD_SHA@DF_SHA(1.1),Health expenditure and financing,I,PER,Peru,A,Annual,EXP_HEALTH,Expenditure,PT_B1GQ,Percentage of GDP,_T,Total,_Z,Not application,_T,Total,_T,Total,_T,Total,_Z,Not applicable,_Z,Not applicable,_Z,Not applicable,2017,,4.745,,,,,,,,,,,,0,Units,1,One
DATAFLOW,OECD.ELS.HD:DSD_SHA@DF_SHA(1.1),Health expenditure and financing,I,PER,Peru,A,Annual,EXP_HEALTH,Expenditure,PT_B1GQ,Percentage of GDP,_T,Total,_Z,Not application,_T,Total,_T,Total,_T,Total,_Z,Not applicable,_Z,Not applicable,_Z,Not applicable,2018,,5.034,,,,,,,,,,,,0,Units,1,One
DATAFLOW,OECD.ELS.HD:DSD_SHA@DF_SHA(1.1),Health expenditure and financing,I,PER,Peru,A,Annual,EXP_HEALTH,Expenditure,PT_B1GQ,Percentage of GDP,_T,Total,_Z,Not application,_T,Total,_T,Total,_T,Total,_Z,Not applicable,_Z,Not applicable,_Z,Not applicable,2019,,5.051,,,,,,,,,,,,0,Units,1,One
DATAFLOW,OECD.ELS.HD:DSD_SHA@DF_SHA(1.1),Health expenditure and financing,I,PER,Peru,A,Annual,EXP_HEALTH,Expenditure,PT_B1GQ,Percentage of GDP,_T,Total,_Z,Not application,_T,Total,_T,Total,_T,Total,_Z,Not applicable,_Z,Not applicable,_Z,Not applicable,2020,,6.241,,,,,,,,,,,,0,Units,1,One
DATAFLOW,OECD.ELS.HD:DSD_SHA@DF_SHA(1.1),Health expenditure and financing,I,PER,Peru,A,Annual,EXP_HEALTH,Expenditure,PT_B1GQ,Percentage of GDP,_T,Total,_Z,Not application,_T,Total,_T,Total,_T,Total,_Z,Not applicable,_Z,Not applicable,_Z,Not applicable,2021,,6.567,,,,,,,,,,,,0,Units,1,One
DATAFLOW,OECD.ELS.HD:DSD_SHA@DF_SHA(1.1),Health expenditure and financing,I,PER,Peru,A,Annual,EXP_HEALTH,Expenditure,PT_B1GQ,Percentage of GDP,_T,Total,_Z,Not application,_T,Total,_T,Total,_T,Total,_Z,Not applicable,_Z,Not applicable,_Z,Not applicable,2022,,6.001,,,,,,,,,,,,0,Units,1,One
DATAFLOW,OECD.ELS.HD:DSD_SHA@DF_SHA(1.1),Health expenditure and financing,I,PER,Peru,A,Annual,EXP_HEALTH,Expenditure,PT_B1GQ,Percentage of GDP,_T,Total,_Z,Not application,_T,Total,_T,Total,_T,Total,_Z,Not applicable,_Z,Not applicable,_Z,Not applicable,2023,,5.538,,,,,,,,,,,,0,Units,1,One
DATAFLOW,OECD.ELS.HD:DSD_SHA@DF_SHA(1.1),Health expenditure and financing,I,GEO,Georgia,A,Annual,EXP_HEALTH,Expenditure,PT_B1GQ,Percentage of GDP,_T,Total,_Z,Not application,_T,Total,_T,Total,_T,Total,_Z,Not applicable,_Z,Not applicable,_Z,Not applicable,2000,,7.195,,,,,,,,,,,,0,Units,1,One
DATAFLOW,OECD.ELS.HD:DSD_SHA@DF_SHA(1.1),Health expenditure and financing,I,GEO,Georgia,A,Annual,EXP_HEALTH,Expenditure,PT_B1GQ,Percentage of GDP,_T,Total,_Z,Not application,_T,Total,_T,Total,_T,Total,_Z,Not applicable,_Z,Not applicable,_Z,Not applicable,2001,,7.169,,,,,,,,,,,,0,Units,1,One
DATAFLOW,OECD.ELS.HD:DSD_SHA@DF_SHA(1.1),Health expenditure and financing,I,GEO,Georgia,A,Annual,EXP_HEALTH,Expenditure,PT_B1GQ,Percentage of GDP,_T,Total,_Z,Not application,_T,Total,_T,Total,_T,Total,_Z,Not applicable,_Z,Not applicable,_Z,Not applicable,2002,,7.814,,,,,,,,,,,,0,Units,1,One
DATAFLOW,OECD.ELS.HD:DSD_SHA@DF_SHA(1.1),Health expenditure and financing,I,GEO,Georgia,A,Annual,EXP_HEALTH,Expenditure,PT_B1GQ,Percentage of GDP,_T,Total,_Z,Not application,_T,Total,_T,Total,_T,Total,_Z,Not applicable,_Z,Not applicable,_Z,Not applicable,2003,,8.03,,,,,,,,,,,,0,Units,1,One
DATAFLOW,OECD.ELS.HD:DSD_SHA@DF_SHA(1.1),Health expenditure and financing,I,GEO,Georgia,A,Annual,EXP_HEALTH,Expenditure,PT_B1GQ,Percentage of GDP,_T,Total,_Z,Not application,_T,Total,_T,Total,_T,Total,_Z,Not applicable,_Z,Not applicable,_Z,Not applicable,2004,,8.089,,,,,,,,,,,,0,Units,1,One
DATAFLOW,OECD.ELS.HD:DSD_SHA@DF_SHA(1.1),Health expenditure and financing,I,GEO,Georgia,A,Annual,EXP_HEALTH,Expenditure,PT_B1GQ,Percentage of GDP,_T,Total,_Z,Not application,_T,Total,_T,Total,_T,Total,_Z,Not applicable,_Z,Not applicable,_Z,Not applicable,2005,,8.077,,,,,,,,,,,,0,Units,1,One
DATAFLOW,OECD.ELS.HD:DSD_SHA@DF_SHA(1.1),Health expenditure and financing,I,GEO,Georgia,A,Annual,EXP_HEALTH,Expenditure,PT_B1GQ,Percentage of GDP,_T,Total,_Z,Not application,_T,Total,_T,Total,_T,Total,_Z,Not applicable,_Z,Not applicable,_Z,Not applicable,2006,,7.632,,,,,,,,,,,,0,Units,1,One
DATAFLOW,OECD.ELS.HD:DSD_SHA@DF_SHA(1.1),Health expenditure and financing,I,GEO,Georgia,A,Annual,EXP_HEALTH,Expenditure,PT_B1GQ,Percentage of GDP,_T,Total,_Z,Not application,_T,Total,_T,Total,_T,Total,_Z,Not applicable,_Z,Not applicable,_Z,Not applicable,2007,,7.435,,,,,,,,,,,,0,Units,1,One
DATAFLOW,OECD.ELS.HD:DSD_SHA@DF_SHA(1.1),Health expenditure and financing,I,GEO,Georgia,A,Annual,EXP_HEALTH,Expenditure,PT_B1GQ,Percentage of GDP,_T,Total,_Z,Not application,_T,Total,_T,Total,_T,Total,_Z,Not applicable,_Z,Not applicable,_Z,Not applicable,2008,,8.444,,,,,,,,,,,,0,Units,1,One
DATAFLOW,OECD.ELS.HD:DSD_SHA@DF_SHA(1.1),Health expenditure and financing,I,GEO,Georgia,A,Annual,EXP_HEALTH,Expenditure,PT_B1GQ,Percentage of GDP,_T,Total,_Z,Not application,_T,Total,_T,Total,_T,Total,_Z,Not applicable,_Z,Not applicable,_Z,Not applicable,2009,,9.567,,,,,,,,,,,,0,Units,1,One
DATAFLOW,OECD.ELS.HD:DSD_SHA@DF_SHA(1.1),Health expenditure and financing,I,GEO,Georgia,A,Annual,EXP_HEALTH,Expenditure,PT_B1GQ,Percentage of GDP,_T,Total,_Z,Not application,_T,Total,_T,Total,_T,Total,_Z,Not applicable,_Z,Not applicable,_Z,Not applicable,2010,,9.021,,,,,,,,,,,,0,Units,1,One
DATAFLOW,OECD.ELS.HD:DSD_SHA@DF_SHA(1.1),Health expenditure and financing,I,GEO,Georgia,A,Annual,EXP_HEALTH,Expenditure,PT_B1GQ,Percentage of GDP,_T,Total,_Z,Not application,_T,Total,_T,Total,_T,Total,_Z,Not applicable,_Z,Not applicable,_Z,Not applicable,2011,,7.882,,,,,,,,,,,,0,Units,1,One
DATAFLOW,OECD.ELS.HD:DSD_SHA@DF_SHA(1.1),Health expenditure and financing,I,GEO,Georgia,A,Annual,EXP_HEALTH,Expenditure,PT_B1GQ,Percentage of GDP,_T,Total,_Z,Not application,_T,Total,_T,Total,_T,Total,_Z,Not applicable,_Z,Not applicable,_Z,Not applicable,2012,,7.952,,,,,,,,,,,,0,Units,1,One
DATAFLOW,OECD.ELS.HD:DSD_SHA@DF_SHA(1.1),Health expenditure and financing,I,GEO,Georgia,A,Annual,EXP_HEALTH,Expenditure,PT_B1GQ,Percentage of GDP,_T,Total,_Z,Not application,_T,Total,_T,Total,_T,Total,_Z,Not applicable,_Z,Not applicable,_Z,Not applicable,2013,,8.006,,,,,,,,,,,,0,Units,1,One
DATAFLOW,OECD.ELS.HD:DSD_SHA@DF_SHA(1.1),Health expenditure and financing,I,GEO,Georgia,A,Annual,EXP_HEALTH,Expenditure,PT_B1GQ,Percentage of GDP,_T,Total,_Z,Not application,_T,Total,_T,Total,_T,Total,_Z,Not applicable,_Z,Not applicable,_Z,Not applicable,2014,,8.294,,,,,,,,,,,,0,Units,1,One
DATAFLOW,OECD.ELS.HD:DSD_SHA@DF_SHA(1.1),Health expenditure and financing,I,GEO,Georgia,A,Annual,EXP_HEALTH,Expenditure,PT_B1GQ,Percentage of GDP,_T,Total,_Z,Not application,_T,Total,_T,Total,_T,Total,_Z,Not applicable,_Z,Not applicable,_Z,Not applicable,2015,,8.66,,,,,,,,,,,,0,Units,1,One
DATAFLOW,OECD.ELS.HD:DSD_SHA@DF_SHA(1.1),Health expenditure and financing,I,GEO,Georgia,A,Annual,EXP_HEALTH,Expenditure,PT_B1GQ,Percentage of GDP,_T,Total,_Z,Not application,_T,Total,_T,Total,_T,Total,_Z,Not applicable,_Z,Not applicable,_Z,Not applicable,2016,,9.073,,,,,,,,,,,,0,Units,1,One
DATAFLOW,OECD.ELS.HD:DSD_SHA@DF_SHA(1.1),Health expenditure and financing,I,GEO,Georgia,A,Annual,EXP_HEALTH,Expenditure,PT_B1GQ,Percentage of GDP,_T,Total,_Z,Not application,_T,Total,_T,Total,_T,Total,_Z,Not applicable,_Z,Not applicable,_Z,Not applicable,2017,,8.701,,,,,,,,,,,,0,Units,1,One
DATAFLOW,OECD.ELS.HD:DSD_SHA@DF_SHA(1.1),Health expenditure and financing,I,GEO,Georgia,A,Annual,EXP_HEALTH,Expenditure,PT_B1GQ,Percentage of GDP,_T,Total,_Z,Not application,_T,Total,_T,Total,_T,Total,_Z,Not applicable,_Z,Not applicable,_Z,Not applicable,2018,,7.755,,,,,,,,,,,,0,Units,1,One
DATAFLOW,OECD.ELS.HD:DSD_SHA@DF_SHA(1.1),Health expenditure and financing,I,GEO,Georgia,A,Annual,EXP_HEALTH,Expenditure,PT_B1GQ,Percentage of GDP,_T,Total,_Z,Not application,_T,Total,_T,Total,_T,Total,_Z,Not applicable,_Z,Not applicable,_Z,Not applicable,2019,,7.313,,,,,,,,,,,,0,Units,1,One
DATAFLOW,OECD.ELS.HD:DSD_SHA@DF_SHA(1.1),Health expenditure and financing,I,GEO,Georgia,A,Annual,EXP_HEALTH,Expenditure,PT_B1GQ,Percentage of GDP,_T,Total,_Z,Not application,_T,Total,_T,Total,_T,Total,_Z,Not applicable,_Z,Not applicable,_Z,Not applicable,2020,,9.23,,,,,,,,,,,,0,Units,1,One
DATAFLOW,OECD.ELS.HD:DSD_SHA@DF_SHA(1.1),Health expenditure and financing,I,GEO,Georgia,A,Annual,EXP_HEALTH,Expenditure,PT_B1GQ,Percentage of GDP,_T,Total,_Z,Not application,_T,Total,_T,Total,_T,Total,_Z,Not applicable,_Z,Not applicable,_Z,Not applicable,2021,,10.538,,,,,,,,,,,,0,Units,1,One
DATAFLOW,OECD.ELS.HD:DSD_SHA@DF_SHA(1.1),Health expenditure and financing,I,GEO,Georgia,A,Annual,EXP_HEALTH,Expenditure,PT_B1GQ,Percentage of GDP,_T,Total,_Z,Not application,_T,Total,_T,Total,_T,Total,_Z,Not applicable,_Z,Not applicable,_Z,Not applicable,2022,,8.296,,,,,,,,,,,,0,Units,1,One
DATAFLOW,OECD.ELS.HD:DSD_SHA@DF_SHA(1.1),Health expenditure and financing,I,GEO,Georgia,A,Annual,EXP_HEALTH,Expenditure,PT_B1GQ,Percentage of GDP,_T,Total,_Z,Not application,_T,Total,_T,Total,_T,Total,_Z,Not applicable,_Z,Not applicable,_Z,Not applicable,2023,,6.858,,,,,,,,,,,,0,Units,1,One
DATAFLOW,OECD.ELS.HD:DSD_SHA@DF_SHA(1.1),Health expenditure and financing,I,TUR,Türkiye,A,Annual,EXP_HEALTH,Expenditure,PT_B1GQ,Percentage of GDP,_T,Total,_Z,Not application,_T,Total,_T,Total,_T,Total,_Z,Not applicable,_Z,Not applicable,_Z,Not applicable,2006,,5.122,,,,,,,,,,,,0,Units,1,One
DATAFLOW,OECD.ELS.HD:DSD_SHA@DF_SHA(1.1),Health expenditure and financing,I,TUR,Türkiye,A,Annual,EXP_HEALTH,Expenditure,PT_B1GQ,Percentage of GDP,_T,Total,_Z,Not application,_T,Total,_T,Total,_T,Total,_Z,Not applicable,_Z,Not applicable,_Z,Not applicable,2007,,5.208,,,,,,,,,,,,0,Units,1,One
DATAFLOW,OECD.ELS.HD:DSD_SHA@DF_SHA(1.1),Health expenditure and financing,I,TUR,Türkiye,A,Annual,EXP_HEALTH,Expenditure,PT_B1GQ,Percentage of GDP,_T,Total,_Z,Not application,_T,Total,_T,Total,_T,Total,_Z,Not applicable,_Z,Not applicable,_Z,Not applicable,2008,,5.184,,,,,,,,,,,,0,Units,1,One
DATAFLOW,OECD.ELS.HD:DSD_SHA@DF_SHA(1.1),Health expenditure and financing,I,TUR,Türkiye,A,Annual,EXP_HEALTH,Expenditure,PT_B1GQ,Percentage of GDP,_T,Total,_Z,Not application,_T,Total,_T,Total,_T,Total,_Z,Not applicable,_Z,Not applicable,_Z,Not applicable,2009,,5.456,,,,,,,,,,,,0,Units,1,One
DATAFLOW,OECD.ELS.HD:DSD_SHA@DF_SHA(1.1),Health expenditure and financing,I,TUR,Türkiye,A,Annual,EXP_HEALTH,Expenditure,PT_B1GQ,Percentage of GDP,_T,Total,_Z,Not application,_T,Total,_T,Total,_T,Total,_Z,Not applicable,_Z,Not applicable,_Z,Not applicable,2010,,4.985,,,,,,,,,,,,0,Units,1,One
DATAFLOW,OECD.ELS.HD:DSD_SHA@DF_SHA(1.1),Health expenditure and financing,I,TUR,Türkiye,A,Annual,EXP_HEALTH,Expenditure,PT_B1GQ,Percentage of GDP,_T,Total,_Z,Not application,_T,Total,_T,Total,_T,Total,_Z,Not applicable,_Z,Not applicable,_Z,Not applicable,2011,,4.623,,,,,,,,,,,,0,Units,1,One
DATAFLOW,OECD.ELS.HD:DSD_SHA@DF_SHA(1.1),Health expenditure and financing,I,TUR,Türkiye,A,Annual,EXP_HEALTH,Expenditure,PT_B1GQ,Percentage of GDP,_T,Total,_Z,Not application,_T,Total,_T,Total,_T,Total,_Z,Not applicable,_Z,Not applicable,_Z,Not applicable,2012,,4.42,,,,,,,,,,,,0,Units,1,One
DATAFLOW,OECD.ELS.HD:DSD_SHA@DF_SHA(1.1),Health expenditure and financing,I,TUR,Türkiye,A,Annual,EXP_HEALTH,Expenditure,PT_B1GQ,Percentage of GDP,_T,Total,_Z,Not application,_T,Total,_T,Total,_T,Total,_Z,Not applicable,_Z,Not applicable,_Z,Not applicable,2013,,4.351,,,,,,,,,,,,0,Units,1,One
DATAFLOW,OECD.ELS.HD:DSD_SHA@DF_SHA(1.1),Health expenditure and financing,I,TUR,Türkiye,A,Annual,EXP_HEALTH,Expenditure,PT_B1GQ,Percentage of GDP,_T,Total,_Z,Not application,_T,Total,_T,Total,_T,Total,_Z,Not applicable,_Z,Not applicable,_Z,Not applicable,2014,,4.31,,,,,,,,,,,,0,Units,1,One
DATAFLOW,OECD.ELS.HD:DSD_SHA@DF_SHA(1.1),Health expenditure and financing,I,TUR,Türkiye,A,Annual,EXP_HEALTH,Expenditure,PT_B1GQ,Percentage of GDP,_T,Total,_Z,Not application,_T,Total,_T,Total,_T,Total,_Z,Not applicable,_Z,Not applicable,_Z,Not applicable,2015,,4.111,,,,,,,,,,,,0,Units,1,One
DATAFLOW,OECD.ELS.HD:DSD_SHA@DF_SHA(1.1),Health expenditure and financing,I,TUR,Türkiye,A,Annual,EXP_HEALTH,Expenditure,PT_B1GQ,Percentage of GDP,_T,Total,_Z,Not application,_T,Total,_T,Total,_T,Total,_Z,Not applicable,_Z,Not applicable,_Z,Not applicable,2016,,4.279,,,,,,,,,,,,0,Units,1,One
DATAFLOW,OECD.ELS.HD:DSD_SHA@DF_SHA(1.1),Health expenditure and financing,I,TUR,Türkiye,A,Annual,EXP_HEALTH,Expenditure,PT_B1GQ,Percentage of GDP,_T,Total,_Z,Not application,_T,Total,_T,Total,_T,Total,_Z,Not applicable,_Z,Not applicable,_Z,Not applicable,2017,,4.156,,,,,,,,,,,,0,Units,1,One
DATAFLOW,OECD.ELS.HD:DSD_SHA@DF_SHA(1.1),Health expenditure and financing,I,TUR,Türkiye,A,Annual,EXP_HEALTH,Expenditure,PT_B1GQ,Percentage of GDP,_T,Total,_Z,Not application,_T,Total,_T,Total,_T,Total,_Z,Not applicable,_Z,Not applicable,_Z,Not applicable,2018,,4.072,,,,,,,,,,,,0,Units,1,One
DATAFLOW,OECD.ELS.HD:DSD_SHA@DF_SHA(1.1),Health expenditure and financing,I,TUR,Türkiye,A,Annual,EXP_HEALTH,Expenditure,PT_B1GQ,Percentage of GDP,_T,Total,_Z,Not application,_T,Total,_T,Total,_T,Total,_Z,Not applicable,_Z,Not applicable,_Z,Not applicable,2019,,4.276,,,,,,,,,,,,0,Units,1,One
DATAFLOW,OECD.ELS.HD:DSD_SHA@DF_SHA(1.1),Health expenditure and financing,I,TUR,Türkiye,A,Annual,EXP_HEALTH,Expenditure,PT_B1GQ,Percentage of GDP,_T,Total,_Z,Not application,_T,Total,_T,Total,_T,Total,_Z,Not applicable,_Z,Not applicable,_Z,Not applicable,2020,,4.533,,,,,,,,,,,,0,Units,1,One
DATAFLOW,OECD.ELS.HD:DSD_SHA@DF_SHA(1.1),Health expenditure and financing,I,TUR,Türkiye,A,Annual,EXP_HEALTH,Expenditure,PT_B1GQ,Percentage of GDP,_T,Total,_Z,Not application,_T,Total,_T,Total,_T,Total,_Z,Not applicable,_Z,Not applicable,_Z,Not applicable,2021,,4.452,,,,,,,,,,,,0,Units,1,One
DATAFLOW,OECD.ELS.HD:DSD_SHA@DF_SHA(1.1),Health expenditure and financing,I,TUR,Türkiye,A,Annual,EXP_HEALTH,Expenditure,PT_B1GQ,Percentage of GDP,_T,Total,_Z,Not application,_T,Total,_T,Total,_T,Total,_Z,Not applicable,_Z,Not applicable,_Z,Not applicable,2022,,3.627,,,,,,,,,,,,0,Units,1,One
DATAFLOW,OECD.ELS.HD:DSD_SHA@DF_SHA(1.1),Health expenditure and financing,I,TUR,Türkiye,A,Annual,EXP_HEALTH,Expenditure,PT_B1GQ,Percentage of GDP,_T,Total,_Z,Not application,_T,Total,_T,Total,_T,Total,_Z,Not applicable,_Z,Not applicable,_Z,Not applicable,2023,,4.189,,,,,,,,,,,,0,Units,1,One
DATAFLOW,OECD.ELS.HD:DSD_SHA@DF_SHA(1.1),Health expenditure and financing,I,MNE,Montenegro,A,Annual,EXP_HEALTH,Expenditure,PT_B1GQ,Percentage of GDP,_T,Total,_Z,Not application,_T,Total,_T,Total,_T,Total,_Z,Not applicable,_Z,Not applicable,_Z,Not applicable,2011,,8.033,,,,,,,,,,,,0,Units,1,One
DATAFLOW,OECD.ELS.HD:DSD_SHA@DF_SHA(1.1),Health expenditure and financing,I,MNE,Montenegro,A,Annual,EXP_HEALTH,Expenditure,PT_B1GQ,Percentage of GDP,_T,Total,_Z,Not application,_T,Total,_T,Total,_T,Total,_Z,Not applicable,_Z,Not applicable,_Z,Not applicable,2012,,8.326,,,,,,,,,,,,0,Units,1,One
DATAFLOW,OECD.ELS.HD:DSD_SHA@DF_SHA(1.1),Health expenditure and financing,I,MNE,Montenegro,A,Annual,EXP_HEALTH,Expenditure,PT_B1GQ,Percentage of GDP,_T,Total,_Z,Not application,_T,Total,_T,Total,_T,Total,_Z,Not applicable,_Z,Not applicable,_Z,Not applicable,2013,,8.554,,,,,,,,,,,,0,Units,1,One
DATAFLOW,OECD.ELS.HD:DSD_SHA@DF_SHA(1.1),Health expenditure and financing,I,MNE,Montenegro,A,Annual,EXP_HEALTH,Expenditure,PT_B1GQ,Percentage of GDP,_T,Total,_Z,Not application,_T,Total,_T,Total,_T,Total,_Z,Not applicable,_Z,Not applicable,_Z,Not applicable,2014,,8.026,,,,,,,,,,,,0,Units,1,One
DATAFLOW,OECD.ELS.HD:DSD_SHA@DF_SHA(1.1),Health expenditure and financing,I,MNE,Montenegro,A,Annual,EXP_HEALTH,Expenditure,PT_B1GQ,Percentage of GDP,_T,Total,_Z,Not application,_T,Total,_T,Total,_T,Total,_Z,Not applicable,_Z,Not applicable,_Z,Not applicable,2015,,9.122,,,,,,,,,,,,0,Units,1,One
DATAFLOW,OECD.ELS.HD:DSD_SHA@DF_SHA(1.1),Health expenditure and financing,I,MNE,Montenegro,A,Annual,EXP_HEALTH,Expenditure,PT_B1GQ,Percentage of GDP,_T,Total,_Z,Not application,_T,Total,_T,Total,_T,Total,_Z,Not applicable,_Z,Not applicable,_Z,Not applicable,2016,,8.671,,,,,,,,,,,,0,Units,1,One
DATAFLOW,OECD.ELS.HD:DSD_SHA@DF_SHA(1.1),Health expenditure and financing,I,MNE,Montenegro,A,Annual,EXP_HEALTH,Expenditure,PT_B1GQ,Percentage of GDP,_T,Total,_Z,Not application,_T,Total,_T,Total,_T,Total,_Z,Not applicable,_Z,Not applicable,_Z,Not applicable,2017,,8.07,,,,,,,,,,,,0,Units,1,One
DATAFLOW,OECD.ELS.HD:DSD_SHA@DF_SHA(1.1),Health expenditure and financing,I,MNE,Montenegro,A,Annual,EXP_HEALTH,Expenditure,PT_B1GQ,Percentage of GDP,_T,Total,_Z,Not application,_T,Total,_T,Total,_T,Total,_Z,Not applicable,_Z,Not applicable,_Z,Not applicable,2018,,8.456,,,,,,,,,,,,0,Units,1,One
DATAFLOW,OECD.ELS.HD:DSD_SHA@DF_SHA(1.1),Health expenditure and financing,I,MNE,Montenegro,A,Annual,EXP_HEALTH,Expenditure,PT_B1GQ,Percentage of GDP,_T,Total,_Z,Not application,_T,Total,_T,Total,_T,Total,_Z,Not applicable,_Z,Not applicable,_Z,Not applicable,2019,,8.419,,,,,,,,,,,,0,Units,1,One
DATAFLOW,OECD.ELS.HD:DSD_SHA@DF_SHA(1.1),Health expenditure and financing,I,MNE,Montenegro,A,Annual,EXP_HEALTH,Expenditure,PT_B1GQ,Percentage of GDP,_T,Total,_Z,Not application,_T,Total,_T,Total,_T,Total,_Z,Not applicable,_Z,Not applicable,_Z,Not applicable,2020,,11.535,,,,,,,,,,,,0,Units,1,One
DATAFLOW,OECD.ELS.HD:DSD_SHA@DF_SHA(1.1),Health expenditure and financing,I,MNE,Montenegro,A,Annual,EXP_HEALTH,Expenditure,PT_B1GQ,Percentage of GDP,_T,Total,_Z,Not application,_T,Total,_T,Total,_T,Total,_Z,Not applicable,_Z,Not applicable,_Z,Not applicable,2021,,10.621,,,,,,,,,,,,0,Units,1,One
DATAFLOW,OECD.ELS.HD:DSD_SHA@DF_SHA(1.1),Health expenditure and financing,I,MNE,Montenegro,A,Annual,EXP_HEALTH,Expenditure,PT_B1GQ,Percentage of GDP,_T,Total,_Z,Not application,_T,Total,_T,Total,_T,Total,_Z,Not applicable,_Z,Not applicable,_Z,Not applicable,2022,,10.156,,,,,,,,,,,,0,Units,1,One
DATAFLOW,OECD.ELS.HD:DSD_SHA@DF_SHA(1.1),Health expenditure and financing,I,MNE,Montenegro,A,Annual,EXP_HEALTH,Expenditure,PT_B1GQ,Percentage of GDP,_T,Total,_Z,Not application,_T,Total,_T,Total,_T,Total,_Z,Not applicable,_Z,Not applicable,_Z,Not applicable,2023,,9.512,,,,,,,,,,,,0,Units,1,One
DATAFLOW,OECD.ELS.HD:DSD_SHA@DF_SHA(1.1),Health expenditure and financing,I,IDN,Indonesia,A,Annual,EXP_HEALTH,Expenditure,PT_B1GQ,Percentage of GDP,_T,Total,_Z,Not application,_T,Total,_T,Total,_T,Total,_Z,Not applicable,_Z,Not applicable,_Z,Not applicable,2000,,1.842,,,,,,,,,,,,0,Units,1,One
DATAFLOW,OECD.ELS.HD:DSD_SHA@DF_SHA(1.1),Health expenditure and financing,I,IDN,Indonesia,A,Annual,EXP_HEALTH,Expenditure,PT_B1GQ,Percentage of GDP,_T,Total,_Z,Not application,_T,Total,_T,Total,_T,Total,_Z,Not applicable,_Z,Not applicable,_Z,Not applicable,2001,,2.106,,,,,,,,,,,,0,Units,1,One
DATAFLOW,OECD.ELS.HD:DSD_SHA@DF_SHA(1.1),Health expenditure and financing,I,IDN,Indonesia,A,Annual,EXP_HEALTH,Expenditure,PT_B1GQ,Percentage of GDP,_T,Total,_Z,Not application,_T,Total,_T,Total,_T,Total,_Z,Not applicable,_Z,Not applicable,_Z,Not applicable,2002,,1.969,,,,,,,,,,,,0,Units,1,One
DATAFLOW,OECD.ELS.HD:DSD_SHA@DF_SHA(1.1),Health expenditure and financing,I,IDN,Indonesia,A,Annual,EXP_HEALTH,Expenditure,PT_B1GQ,Percentage of GDP,_T,Total,_Z,Not application,_T,Total,_T,Total,_T,Total,_Z,Not applicable,_Z,Not applicable,_Z,Not applicable,2003,,2.235,,,,,,,,,,,,0,Units,1,One
DATAFLOW,OECD.ELS.HD:DSD_SHA@DF_SHA(1.1),Health expenditure and financing,I,IDN,Indonesia,A,Annual,EXP_HEALTH,Expenditure,PT_B1GQ,Percentage of GDP,_T,Total,_Z,Not application,_T,Total,_T,Total,_T,Total,_Z,Not applicable,_Z,Not applicable,_Z,Not applicable,2004,,2.107,,,,,,,,,,,,0,Units,1,One
DATAFLOW,OECD.ELS.HD:DSD_SHA@DF_SHA(1.1),Health expenditure and financing,I,IDN,Indonesia,A,Annual,EXP_HEALTH,Expenditure,PT_B1GQ,Percentage of GDP,_T,Total,_Z,Not application,_T,Total,_T,Total,_T,Total,_Z,Not applicable,_Z,Not applicable,_Z,Not applicable,2005,,2.517,,,,,,,,,,,,0,Units,1,One
DATAFLOW,OECD.ELS.HD:DSD_SHA@DF_SHA(1.1),Health expenditure and financing,I,IDN,Indonesia,A,Annual,EXP_HEALTH,Expenditure,PT_B1GQ,Percentage of GDP,_T,Total,_Z,Not application,_T,Total,_T,Total,_T,Total,_Z,Not applicable,_Z,Not applicable,_Z,Not applicable,2006,,2.604,,,,,,,,,,,,0,Units,1,One
DATAFLOW,OECD.ELS.HD:DSD_SHA@DF_SHA(1.1),Health expenditure and financing,I,IDN,Indonesia,A,Annual,EXP_HEALTH,Expenditure,PT_B1GQ,Percentage of GDP,_T,Total,_Z,Not application,_T,Total,_T,Total,_T,Total,_Z,Not applicable,_Z,Not applicable,_Z,Not applicable,2007,,2.807,,,,,,,,,,,,0,Units,1,One
DATAFLOW,OECD.ELS.HD:DSD_SHA@DF_SHA(1.1),Health expenditure and financing,I,IDN,Indonesia,A,Annual,EXP_HEALTH,Expenditure,PT_B1GQ,Percentage of GDP,_T,Total,_Z,Not application,_T,Total,_T,Total,_T,Total,_Z,Not applicable,_Z,Not applicable,_Z,Not applicable,2008,,2.548,,,,,,,,,,,,0,Units,1,One
DATAFLOW,OECD.ELS.HD:DSD_SHA@DF_SHA(1.1),Health expenditure and financing,I,IDN,Indonesia,A,Annual,EXP_HEALTH,Expenditure,PT_B1GQ,Percentage of GDP,_T,Total,_Z,Not application,_T,Total,_T,Total,_T,Total,_Z,Not applicable,_Z,Not applicable,_Z,Not applicable,2009,,2.623,,,,,,,,,,,,0,Units,1,One
DATAFLOW,OECD.ELS.HD:DSD_SHA@DF_SHA(1.1),Health expenditure and financing,I,IDN,Indonesia,A,Annual,EXP_HEALTH,Expenditure,PT_B1GQ,Percentage of GDP,_T,Total,_Z,Not application,_T,Total,_T,Total,_T,Total,_Z,Not applicable,_Z,Not applicable,_Z,Not applicable,2010,,2.791,,,,,,,,,,,,0,Units,1,One
DATAFLOW,OECD.ELS.HD:DSD_SHA@DF_SHA(1.1),Health expenditure and financing,I,IDN,Indonesia,A,Annual,EXP_HEALTH,Expenditure,PT_B1GQ,Percentage of GDP,_T,Total,_Z,Not application,_T,Total,_T,Total,_T,Total,_Z,Not applicable,_Z,Not applicable,_Z,Not applicable,2011,,2.989,,,,,,,,,,,,0,Units,1,One
DATAFLOW,OECD.ELS.HD:DSD_SHA@DF_SHA(1.1),Health expenditure and financing,I,IDN,Indonesia,A,Annual,EXP_HEALTH,Expenditure,PT_B1GQ,Percentage of GDP,_T,Total,_Z,Not application,_T,Total,_T,Total,_T,Total,_Z,Not applicable,_Z,Not applicable,_Z,Not applicable,2012,,2.914,,,,,,,,,,,,0,Units,1,One
DATAFLOW,OECD.ELS.HD:DSD_SHA@DF_SHA(1.1),Health expenditure and financing,I,IDN,Indonesia,A,Annual,EXP_HEALTH,Expenditure,PT_B1GQ,Percentage of GDP,_T,Total,_Z,Not application,_T,Total,_T,Total,_T,Total,_Z,Not applicable,_Z,Not applicable,_Z,Not applicable,2013,,2.869,,,,,,,,,,,,0,Units,1,One
DATAFLOW,OECD.ELS.HD:DSD_SHA@DF_SHA(1.1),Health expenditure and financing,I,IDN,Indonesia,A,Annual,EXP_HEALTH,Expenditure,PT_B1GQ,Percentage of GDP,_T,Total,_Z,Not application,_T,Total,_T,Total,_T,Total,_Z,Not applicable,_Z,Not applicable,_Z,Not applicable,2014,,2.964,,,,,,,,,,,,0,Units,1,One
DATAFLOW,OECD.ELS.HD:DSD_SHA@DF_SHA(1.1),Health expenditure and financing,I,IDN,Indonesia,A,Annual,EXP_HEALTH,Expenditure,PT_B1GQ,Percentage of GDP,_T,Total,_Z,Not application,_T,Total,_T,Total,_T,Total,_Z,Not applicable,_Z,Not applicable,_Z,Not applicable,2015,,2.924,,,,,,,,,,,,0,Units,1,One
DATAFLOW,OECD.ELS.HD:DSD_SHA@DF_SHA(1.1),Health expenditure and financing,I,IDN,Indonesia,A,Annual,EXP_HEALTH,Expenditure,PT_B1GQ,Percentage of GDP,_T,Total,_Z,Not application,_T,Total,_T,Total,_T,Total,_Z,Not applicable,_Z,Not applicable,_Z,Not applicable,2016,,3.021,,,,,,,,,,,,0,Units,1,One
DATAFLOW,OECD.ELS.HD:DSD_SHA@DF_SHA(1.1),Health expenditure and financing,I,IDN,Indonesia,A,Annual,EXP_HEALTH,Expenditure,PT_B1GQ,Percentage of GDP,_T,Total,_Z,Not application,_T,Total,_T,Total,_T,Total,_Z,Not applicable,_Z,Not applicable,_Z,Not applicable,2017,,2.904,,,,,,,,,,,,0,Units,1,One
DATAFLOW,OECD.ELS.HD:DSD_SHA@DF_SHA(1.1),Health expenditure and financing,I,IDN,Indonesia,A,Annual,EXP_HEALTH,Expenditure,PT_B1GQ,Percentage of GDP,_T,Total,_Z,Not application,_T,Total,_T,Total,_T,Total,_Z,Not applicable,_Z,Not applicable,_Z,Not applicable,2018,,2.868,,,,,,,,,,,,0,Units,1,One
DATAFLOW,OECD.ELS.HD:DSD_SHA@DF_SHA(1.1),Health expenditure and financing,I,IDN,Indonesia,A,Annual,EXP_HEALTH,Expenditure,PT_B1GQ,Percentage of GDP,_T,Total,_Z,Not application,_T,Total,_T,Total,_T,Total,_Z,Not applicable,_Z,Not applicable,_Z,Not applicable,2019,,2.879,,,,,,,,,,,,0,Units,1,One
DATAFLOW,OECD.ELS.HD:DSD_SHA@DF_SHA(1.1),Health expenditure and financing,I,IDN,Indonesia,A,Annual,EXP_HEALTH,Expenditure,PT_B1GQ,Percentage of GDP,_T,Total,_Z,Not application,_T,Total,_T,Total,_T,Total,_Z,Not applicable,_Z,Not applicable,_Z,Not applicable,2020,,3.421,,,,,,,,,,,,0,Units,1,One
DATAFLOW,OECD.ELS.HD:DSD_SHA@DF_SHA(1.1),Health expenditure and financing,I,IDN,Indonesia,A,Annual,EXP_HEALTH,Expenditure,PT_B1GQ,Percentage of GDP,_T,Total,_Z,Not application,_T,Total,_T,Total,_T,Total,_Z,Not applicable,_Z,Not applicable,_Z,Not applicable,2021,,3.706,,,,,,,,,,,,0,Units,1,One
DATAFLOW,OECD.ELS.HD:DSD_SHA@DF_SHA(1.1),Health expenditure and financing,I,IDN,Indonesia,A,Annual,EXP_HEALTH,Expenditure,PT_B1GQ,Percentage of GDP,_T,Total,_Z,Not application,_T,Total,_T,Total,_T,Total,_Z,Not applicable,_Z,Not applicable,_Z,Not applicable,2022,,2.694,,,,,,,,,,,,0,Units,1,One
DATAFLOW,OECD.ELS.HD:DSD_SHA@DF_SHA(1.1),Health expenditure and financing,I,IDN,Indonesia,A,Annual,EXP_HEALTH,Expenditure,PT_B1GQ,Percentage of GDP,_T,Total,_Z,Not application,_T,Total,_T,Total,_T,Total,_Z,Not applicable,_Z,Not applicable,_Z,Not applicable,2023,,2.702,,,,,,,,,,,,0,Units,1,One
DATAFLOW,OECD.ELS.HD:DSD_SHA@DF_SHA(1.1),Health expenditure and financing,I,MLT,Malta,A,Annual,EXP_HEALTH,Expenditure,PT_B1GQ,Percentage of GDP,_T,Total,_Z,Not application,_T,Total,_T,Total,_T,Total,_Z,Not applicable,_Z,Not applicable,_Z,Not applicable,2016,,8.699,,,,,,,,,,,,0,Units,1,One
DATAFLOW,OECD.ELS.HD:DSD_SHA@DF_SHA(1.1),Health expenditure and financing,I,MLT,Malta,A,Annual,EXP_HEALTH,Expenditure,PT_B1GQ,Percentage of GDP,_T,Total,_Z,Not application,_T,Total,_T,Total,_T,Total,_Z,Not applicable,_Z,Not applicable,_Z,Not applicable,2017,,8.314,,,,,,,,,,,,0,Units,1,One
DATAFLOW,OECD.ELS.HD:DSD_SHA@DF_SHA(1.1),Health expenditure and financing,I,MLT,Malta,A,Annual,EXP_HEALTH,Expenditure,PT_B1GQ,Percentage of GDP,_T,Total,_Z,Not application,_T,Total,_T,Total,_T,Total,_Z,Not applicable,_Z,Not applicable,_Z,Not applicable,2018,,8.113,,,,,,,,,,,,0,Units,1,One
DATAFLOW,OECD.ELS.HD:DSD_SHA@DF_SHA(1.1),Health expenditure and financing,I,MLT,Malta,A,Annual,EXP_HEALTH,Expenditure,PT_B1GQ,Percentage of GDP,_T,Total,_Z,Not application,_T,Total,_T,Total,_T,Total,_Z,Not applicable,_Z,Not applicable,_Z,Not applicable,2019,,8.893,,,,,,,,,,,,0,Units,1,One
DATAFLOW,OECD.ELS.HD:DSD_SHA@DF_SHA(1.1),Health expenditure and financing,I,MLT,Malta,A,Annual,EXP_HEALTH,Expenditure,PT_B1GQ,Percentage of GDP,_T,Total,_Z,Not application,_T,Total,_T,Total,_T,Total,_Z,Not applicable,_Z,Not applicable,_Z,Not applicable,2020,,9.857,,,,,,,,,,,,0,Units,1,One
DATAFLOW,OECD.ELS.HD:DSD_SHA@DF_SHA(1.1),Health expenditure and financing,I,MLT,Malta,A,Annual,EXP_HEALTH,Expenditure,PT_B1GQ,Percentage of GDP,_T,Total,_Z,Not application,_T,Total,_T,Total,_T,Total,_Z,Not applicable,_Z,Not applicable,_Z,Not applicable,2021,,9.525,,,,,,,,,,,,0,Units,1,One
DATAFLOW,OECD.ELS.HD:DSD_SHA@DF_SHA(1.1),Health expenditure and financing,I,MLT,Malta,A,Annual,EXP_HEALTH,Expenditure,PT_B1GQ,Percentage of GDP,_T,Total,_Z,Not application,_T,Total,_T,Total,_T,Total,_Z,Not applicable,_Z,Not applicable,_Z,Not applicable,2022,,9.235,,,,,,,,,,,,0,Units,1,One
DATAFLOW,OECD.ELS.HD:DSD_SHA@DF_SHA(1.1),Health expenditure and financing,I,MLT,Malta,A,Annual,EXP_HEALTH,Expenditure,PT_B1GQ,Percentage of GDP,_T,Total,_Z,Not application,_T,Total,_T,Total,_T,Total,_Z,Not applicable,_Z,Not applicable,_Z,Not applicable,2023,,8.681,,,,,,,,,,,,0,Units,1,One
DATAFLOW,OECD.ELS.HD:DSD_SHA@DF_SHA(1.1),Health expenditure and financing,I,GBR,United Kingdom,A,Annual,EXP_HEALTH,Expenditure,PT_B1GQ,Percentage of GDP,_T,Total,_Z,Not application,_T,Total,_T,Total,_T,Total,_Z,Not applicable,_Z,Not applicable,_Z,Not applicable,2000,,7.195,,,,,,,,,,,,0,Units,1,One
DATAFLOW,OECD.ELS.HD:DSD_SHA@DF_SHA(1.1),Health expenditure and financing,I,GBR,United Kingdom,A,Annual,EXP_HEALTH,Expenditure,PT_B1GQ,Percentage of GDP,_T,Total,_Z,Not application,_T,Total,_T,Total,_T,Total,_Z,Not applicable,_Z,Not applicable,_Z,Not applicable,2001,,7.505,,,,,,,,,,,,0,Units,1,One
DATAFLOW,OECD.ELS.HD:DSD_SHA@DF_SHA(1.1),Health expenditure and financing,I,GBR,United Kingdom,A,Annual,EXP_HEALTH,Expenditure,PT_B1GQ,Percentage of GDP,_T,Total,_Z,Not application,_T,Total,_T,Total,_T,Total,_Z,Not applicable,_Z,Not applicable,_Z,Not applicable,2002,,7.951,,,,,,,,,,,,0,Units,1,One
DATAFLOW,OECD.ELS.HD:DSD_SHA@DF_SHA(1.1),Health expenditure and financing,I,GBR,United Kingdom,A,Annual,EXP_HEALTH,Expenditure,PT_B1GQ,Percentage of GDP,_T,Total,_Z,Not application,_T,Total,_T,Total,_T,Total,_Z,Not applicable,_Z,Not applicable,_Z,Not applicable,2003,,8.121,,,,,,,,,,,,0,Units,1,One
DATAFLOW,OECD.ELS.HD:DSD_SHA@DF_SHA(1.1),Health expenditure and financing,I,GBR,United Kingdom,A,Annual,EXP_HEALTH,Expenditure,PT_B1GQ,Percentage of GDP,_T,Total,_Z,Not application,_T,Total,_T,Total,_T,Total,_Z,Not applicable,_Z,Not applicable,_Z,Not applicable,2004,,8.399,,,,,,,,,,,,0,Units,1,One
DATAFLOW,OECD.ELS.HD:DSD_SHA@DF_SHA(1.1),Health expenditure and financing,I,GBR,United Kingdom,A,Annual,EXP_HEALTH,Expenditure,PT_B1GQ,Percentage of GDP,_T,Total,_Z,Not application,_T,Total,_T,Total,_T,Total,_Z,Not applicable,_Z,Not applicable,_Z,Not applicable,2005,,8.453,,,,,,,,,,,,0,Units,1,One
DATAFLOW,OECD.ELS.HD:DSD_SHA@DF_SHA(1.1),Health expenditure and financing,I,GBR,United Kingdom,A,Annual,EXP_HEALTH,Expenditure,PT_B1GQ,Percentage of GDP,_T,Total,_Z,Not application,_T,Total,_T,Total,_T,Total,_Z,Not applicable,_Z,Not applicable,_Z,Not applicable,2006,,8.599,,,,,,,,,,,,0,Units,1,One
DATAFLOW,OECD.ELS.HD:DSD_SHA@DF_SHA(1.1),Health expenditure and financing,I,GBR,United Kingdom,A,Annual,EXP_HEALTH,Expenditure,PT_B1GQ,Percentage of GDP,_T,Total,_Z,Not application,_T,Total,_T,Total,_T,Total,_Z,Not applicable,_Z,Not applicable,_Z,Not applicable,2007,,8.817,,,,,,,,,,,,0,Units,1,One
DATAFLOW,OECD.ELS.HD:DSD_SHA@DF_SHA(1.1),Health expenditure and financing,I,GBR,United Kingdom,A,Annual,EXP_HEALTH,Expenditure,PT_B1GQ,Percentage of GDP,_T,Total,_Z,Not application,_T,Total,_T,Total,_T,Total,_Z,Not applicable,_Z,Not applicable,_Z,Not applicable,2008,,9.052,,,,,,,,,,,,0,Units,1,One
DATAFLOW,OECD.ELS.HD:DSD_SHA@DF_SHA(1.1),Health expenditure and financing,I,GBR,United Kingdom,A,Annual,EXP_HEALTH,Expenditure,PT_B1GQ,Percentage of GDP,_T,Total,_Z,Not application,_T,Total,_T,Total,_T,Total,_Z,Not applicable,_Z,Not applicable,_Z,Not applicable,2009,,9.829,,,,,,,,,,,,0,Units,1,One
DATAFLOW,OECD.ELS.HD:DSD_SHA@DF_SHA(1.1),Health expenditure and financing,I,GBR,United Kingdom,A,Annual,EXP_HEALTH,Expenditure,PT_B1GQ,Percentage of GDP,_T,Total,_Z,Not application,_T,Total,_T,Total,_T,Total,_Z,Not applicable,_Z,Not applicable,_Z,Not applicable,2010,,9.835,,,,,,,,,,,,0,Units,1,One
DATAFLOW,OECD.ELS.HD:DSD_SHA@DF_SHA(1.1),Health expenditure and financing,I,GBR,United Kingdom,A,Annual,EXP_HEALTH,Expenditure,PT_B1GQ,Percentage of GDP,_T,Total,_Z,Not application,_T,Total,_T,Total,_T,Total,_Z,Not applicable,_Z,Not applicable,_Z,Not applicable,2011,,9.802,,,,,,,,,,,,0,Units,1,One
DATAFLOW,OECD.ELS.HD:DSD_SHA@DF_SHA(1.1),Health expenditure and financing,I,GBR,United Kingdom,A,Annual,EXP_HEALTH,Expenditure,PT_B1GQ,Percentage of GDP,_T,Total,_Z,Not application,_T,Total,_T,Total,_T,Total,_Z,Not applicable,_Z,Not applicable,_Z,Not applicable,2012,,9.976,,,,,,,,,,,,0,Units,1,One
DATAFLOW,OECD.ELS.HD:DSD_SHA@DF_SHA(1.1),Health expenditure and financing,I,GBR,United Kingdom,A,Annual,EXP_HEALTH,Expenditure,PT_B1GQ,Percentage of GDP,_T,Total,_Z,Not application,_T,Total,_T,Total,_T,Total,_Z,Not applicable,_Z,Not applicable,_Z,Not applicable,2013,,9.931,,,,,,,,,,,,0,Units,1,One
DATAFLOW,OECD.ELS.HD:DSD_SHA@DF_SHA(1.1),Health expenditure and financing,I,GBR,United Kingdom,A,Annual,EXP_HEALTH,Expenditure,PT_B1GQ,Percentage of GDP,_T,Total,_Z,Not application,_T,Total,_T,Total,_T,Total,_Z,Not applicable,_Z,Not applicable,_Z,Not applicable,2014,,9.91,,,,,,,,,,,,0,Units,1,One
DATAFLOW,OECD.ELS.HD:DSD_SHA@DF_SHA(1.1),Health expenditure and financing,I,GBR,United Kingdom,A,Annual,EXP_HEALTH,Expenditure,PT_B1GQ,Percentage of GDP,_T,Total,_Z,Not application,_T,Total,_T,Total,_T,Total,_Z,Not applicable,_Z,Not applicable,_Z,Not applicable,2015,,9.896,,,,,,,,,,,,0,Units,1,One
DATAFLOW,OECD.ELS.HD:DSD_SHA@DF_SHA(1.1),Health expenditure and financing,I,GBR,United Kingdom,A,Annual,EXP_HEALTH,Expenditure,PT_B1GQ,Percentage of GDP,_T,Total,_Z,Not application,_T,Total,_T,Total,_T,Total,_Z,Not applicable,_Z,Not applicable,_Z,Not applicable,2016,,9.837,,,,,,,,,,,,0,Units,1,One
DATAFLOW,OECD.ELS.HD:DSD_SHA@DF_SHA(1.1),Health expenditure and financing,I,GBR,United Kingdom,A,Annual,EXP_HEALTH,Expenditure,PT_B1GQ,Percentage of GDP,_T,Total,_Z,Not application,_T,Total,_T,Total,_T,Total,_Z,Not applicable,_Z,Not applicable,_Z,Not applicable,2017,,9.677,,,,,,,,,,,,0,Units,1,One
DATAFLOW,OECD.ELS.HD:DSD_SHA@DF_SHA(1.1),Health expenditure and financing,I,GBR,United Kingdom,A,Annual,EXP_HEALTH,Expenditure,PT_B1GQ,Percentage of GDP,_T,Total,_Z,Not application,_T,Total,_T,Total,_T,Total,_Z,Not applicable,_Z,Not applicable,_Z,Not applicable,2018,,9.726,,,,,,,,,,,,0,Units,1,One
DATAFLOW,OECD.ELS.HD:DSD_SHA@DF_SHA(1.1),Health expenditure and financing,I,GBR,United Kingdom,A,Annual,EXP_HEALTH,Expenditure,PT_B1GQ,Percentage of GDP,_T,Total,_Z,Not application,_T,Total,_T,Total,_T,Total,_Z,Not applicable,_Z,Not applicable,_Z,Not applicable,2019,,9.902,,,,,,,,,,,,0,Units,1,One
DATAFLOW,OECD.ELS.HD:DSD_SHA@DF_SHA(1.1),Health expenditure and financing,I,GBR,United Kingdom,A,Annual,EXP_HEALTH,Expenditure,PT_B1GQ,Percentage of GDP,_T,Total,_Z,Not application,_T,Total,_T,Total,_T,Total,_Z,Not applicable,_Z,Not applicable,_Z,Not applicable,2020,,12.044,,,,,,,,,,,,0,Units,1,One
DATAFLOW,OECD.ELS.HD:DSD_SHA@DF_SHA(1.1),Health expenditure and financing,I,GBR,United Kingdom,A,Annual,EXP_HEALTH,Expenditure,PT_B1GQ,Percentage of GDP,_T,Total,_Z,Not application,_T,Total,_T,Total,_T,Total,_Z,Not applicable,_Z,Not applicable,_Z,Not applicable,2021,,11.969,,,,,,,,,,,,0,Units,1,One
DATAFLOW,OECD.ELS.HD:DSD_SHA@DF_SHA(1.1),Health expenditure and financing,I,GBR,United Kingdom,A,Annual,EXP_HEALTH,Expenditure,PT_B1GQ,Percentage of GDP,_T,Total,_Z,Not application,_T,Total,_T,Total,_T,Total,_Z,Not applicable,_Z,Not applicable,_Z,Not applicable,2022,,10.938,,,,,,,,,,,,0,Units,1,One
DATAFLOW,OECD.ELS.HD:DSD_SHA@DF_SHA(1.1),Health expenditure and financing,I,GBR,United Kingdom,A,Annual,EXP_HEALTH,Expenditure,PT_B1GQ,Percentage of GDP,_T,Total,_Z,Not application,_T,Total,_T,Total,_T,Total,_Z,Not applicable,_Z,Not applicable,_Z,Not applicable,2023,,10.792,,,,,,,,,,,,0,Units,1,One
DATAFLOW,OECD.ELS.HD:DSD_SHA@DF_SHA(1.1),Health expenditure and financing,I,CYP,Cyprus,A,Annual,EXP_HEALTH,Expenditure,PT_B1GQ,Percentage of GDP,_T,Total,_Z,Not application,_T,Total,_T,Total,_T,Total,_Z,Not applicable,_Z,Not applicable,_Z,Not applicable,2013,,6.928,,,,,,,,,,,,0,Units,1,One
DATAFLOW,OECD.ELS.HD:DSD_SHA@DF_SHA(1.1),Health expenditure and financing,I,CYP,Cyprus,A,Annual,EXP_HEALTH,Expenditure,PT_B1GQ,Percentage of GDP,_T,Total,_Z,Not application,_T,Total,_T,Total,_T,Total,_Z,Not applicable,_Z,Not applicable,_Z,Not applicable,2014,,6.931,,,,,,,,,,,,0,Units,1,One
DATAFLOW,OECD.ELS.HD:DSD_SHA@DF_SHA(1.1),Health expenditure and financing,I,CYP,Cyprus,A,Annual,EXP_HEALTH,Expenditure,PT_B1GQ,Percentage of GDP,_T,Total,_Z,Not application,_T,Total,_T,Total,_T,Total,_Z,Not applicable,_Z,Not applicable,_Z,Not applicable,2016,,6.653,,,,,,,,,,,,0,Units,1,One
DATAFLOW,OECD.ELS.HD:DSD_SHA@DF_SHA(1.1),Health expenditure and financing,I,CYP,Cyprus,A,Annual,EXP_HEALTH,Expenditure,PT_B1GQ,Percentage of GDP,_T,Total,_Z,Not application,_T,Total,_T,Total,_T,Total,_Z,Not applicable,_Z,Not applicable,_Z,Not applicable,2017,,6.622,,,,,,,,,,,,0,Units,1,One
DATAFLOW,OECD.ELS.HD:DSD_SHA@DF_SHA(1.1),Health expenditure and financing,I,CYP,Cyprus,A,Annual,EXP_HEALTH,Expenditure,PT_B1GQ,Percentage of GDP,_T,Total,_Z,Not application,_T,Total,_T,Total,_T,Total,_Z,Not applicable,_Z,Not applicable,_Z,Not applicable,2018,,6.784,,,,,,,,,,,,0,Units,1,One
DATAFLOW,OECD.ELS.HD:DSD_SHA@DF_SHA(1.1),Health expenditure and financing,I,CYP,Cyprus,A,Annual,EXP_HEALTH,Expenditure,PT_B1GQ,Percentage of GDP,_T,Total,_Z,Not application,_T,Total,_T,Total,_T,Total,_Z,Not applicable,_Z,Not applicable,_Z,Not applicable,2019,,6.998,,,,,,,,,,,,0,Units,1,One
DATAFLOW,OECD.ELS.HD:DSD_SHA@DF_SHA(1.1),Health expenditure and financing,I,CYP,Cyprus,A,Annual,EXP_HEALTH,Expenditure,PT_B1GQ,Percentage of GDP,_T,Total,_Z,Not application,_T,Total,_T,Total,_T,Total,_Z,Not applicable,_Z,Not applicable,_Z,Not applicable,2020,,8.648,,,,,,,,,,,,0,Units,1,One
DATAFLOW,OECD.ELS.HD:DSD_SHA@DF_SHA(1.1),Health expenditure and financing,I,CYP,Cyprus,A,Annual,EXP_HEALTH,Expenditure,PT_B1GQ,Percentage of GDP,_T,Total,_Z,Not application,_T,Total,_T,Total,_T,Total,_Z,Not applicable,_Z,Not applicable,_Z,Not applicable,2021,,8.874,,,,,,,,,,,,0,Units,1,One
DATAFLOW,OECD.ELS.HD:DSD_SHA@DF_SHA(1.1),Health expenditure and financing,I,CYP,Cyprus,A,Annual,EXP_HEALTH,Expenditure,PT_B1GQ,Percentage of GDP,_T,Total,_Z,Not application,_T,Total,_T,Total,_T,Total,_Z,Not applicable,_Z,Not applicable,_Z,Not applicable,2022,,8.075,,,,,,,,,,,,0,Units,1,One
DATAFLOW,OECD.ELS.HD:DSD_SHA@DF_SHA(1.1),Health expenditure and financing,I,USA,United States,A,Annual,EXP_HEALTH,Expenditure,PT_B1GQ,Percentage of GDP,_T,Total,_Z,Not application,_T,Total,_T,Total,_T,Total,_Z,Not applicable,_Z,Not applicable,_Z,Not applicable,2000,,12.482,,,,,,,,,,,,0,Units,1,One
DATAFLOW,OECD.ELS.HD:DSD_SHA@DF_SHA(1.1),Health expenditure and financing,I,USA,United States,A,Annual,EXP_HEALTH,Expenditure,PT_B1GQ,Percentage of GDP,_T,Total,_Z,Not application,_T,Total,_T,Total,_T,Total,_Z,Not applicable,_Z,Not applicable,_Z,Not applicable,2001,,13.159,,,,,,,,,,,,0,Units,1,One
DATAFLOW,OECD.ELS.HD:DSD_SHA@DF_SHA(1.1),Health expenditure and financing,I,USA,United States,A,Annual,EXP_HEALTH,Expenditure,PT_B1GQ,Percentage of GDP,_T,Total,_Z,Not application,_T,Total,_T,Total,_T,Total,_Z,Not applicable,_Z,Not applicable,_Z,Not applicable,2002,,13.991,,,,,,,,,,,,0,Units,1,One
DATAFLOW,OECD.ELS.HD:DSD_SHA@DF_SHA(1.1),Health expenditure and financing,I,USA,United States,A,Annual,EXP_HEALTH,Expenditure,PT_B1GQ,Percentage of GDP,_T,Total,_Z,Not application,_T,Total,_T,Total,_T,Total,_Z,Not applicable,_Z,Not applicable,_Z,Not applicable,2003,,14.502,,,,,,,,,,,,0,Units,1,One
DATAFLOW,OECD.ELS.HD:DSD_SHA@DF_SHA(1.1),Health expenditure and financing,I,USA,United States,A,Annual,EXP_HEALTH,Expenditure,PT_B1GQ,Percentage of GDP,_T,Total,_Z,Not application,_T,Total,_T,Total,_T,Total,_Z,Not applicable,_Z,Not applicable,_Z,Not applicable,2004,,14.547,,,,,,,,,,,,0,Units,1,One
DATAFLOW,OECD.ELS.HD:DSD_SHA@DF_SHA(1.1),Health expenditure and financing,I,USA,United States,A,Annual,EXP_HEALTH,Expenditure,PT_B1GQ,Percentage of GDP,_T,Total,_Z,Not application,_T,Total,_T,Total,_T,Total,_Z,Not applicable,_Z,Not applicable,_Z,Not applicable,2005,,14.577,,,,,,,,,,,,0,Units,1,One
DATAFLOW,OECD.ELS.HD:DSD_SHA@DF_SHA(1.1),Health expenditure and financing,I,USA,United States,A,Annual,EXP_HEALTH,Expenditure,PT_B1GQ,Percentage of GDP,_T,Total,_Z,Not application,_T,Total,_T,Total,_T,Total,_Z,Not applicable,_Z,Not applicable,_Z,Not applicable,2006,,14.699,,,,,,,,,,,,0,Units,1,One
DATAFLOW,OECD.ELS.HD:DSD_SHA@DF_SHA(1.1),Health expenditure and financing,I,USA,United States,A,Annual,EXP_HEALTH,Expenditure,PT_B1GQ,Percentage of GDP,_T,Total,_Z,Not application,_T,Total,_T,Total,_T,Total,_Z,Not applicable,_Z,Not applicable,_Z,Not applicable,2007,,14.909,,,,,,,,,,,,0,Units,1,One
DATAFLOW,OECD.ELS.HD:DSD_SHA@DF_SHA(1.1),Health expenditure and financing,I,USA,United States,A,Annual,EXP_HEALTH,Expenditure,PT_B1GQ,Percentage of GDP,_T,Total,_Z,Not application,_T,Total,_T,Total,_T,Total,_Z,Not applicable,_Z,Not applicable,_Z,Not applicable,2008,,15.198,,,,,,,,,,,,0,Units,1,One
DATAFLOW,OECD.ELS.HD:DSD_SHA@DF_SHA(1.1),Health expenditure and financing,I,USA,United States,A,Annual,EXP_HEALTH,Expenditure,PT_B1GQ,Percentage of GDP,_T,Total,_Z,Not application,_T,Total,_T,Total,_T,Total,_Z,Not applicable,_Z,Not applicable,_Z,Not applicable,2009,,16.192,,,,,,,,,,,,0,Units,1,One
DATAFLOW,OECD.ELS.HD:DSD_SHA@DF_SHA(1.1),Health expenditure and financing,I,USA,United States,A,Annual,EXP_HEALTH,Expenditure,PT_B1GQ,Percentage of GDP,_T,Total,_Z,Not application,_T,Total,_T,Total,_T,Total,_Z,Not applicable,_Z,Not applicable,_Z,Not applicable,2010,,16.191,,,,,,,,,,,,0,Units,1,One
DATAFLOW,OECD.ELS.HD:DSD_SHA@DF_SHA(1.1),Health expenditure and financing,I,USA,United States,A,Annual,EXP_HEALTH,Expenditure,PT_B1GQ,Percentage of GDP,_T,Total,_Z,Not application,_T,Total,_T,Total,_T,Total,_Z,Not applicable,_Z,Not applicable,_Z,Not applicable,2011,,16.139,,,,,,,,,,,,0,Units,1,One
DATAFLOW,OECD.ELS.HD:DSD_SHA@DF_SHA(1.1),Health expenditure and financing,I,USA,United States,A,Annual,EXP_HEALTH,Expenditure,PT_B1GQ,Percentage of GDP,_T,Total,_Z,Not application,_T,Total,_T,Total,_T,Total,_Z,Not applicable,_Z,Not applicable,_Z,Not applicable,2012,,16.126,,,,,,,,,,,,0,Units,1,One
DATAFLOW,OECD.ELS.HD:DSD_SHA@DF_SHA(1.1),Health expenditure and financing,I,USA,United States,A,Annual,EXP_HEALTH,Expenditure,PT_B1GQ,Percentage of GDP,_T,Total,_Z,Not application,_T,Total,_T,Total,_T,Total,_Z,Not applicable,_Z,Not applicable,_Z,Not applicable,2013,,15.971,,,,,,,,,,,,0,Units,1,One
DATAFLOW,OECD.ELS.HD:DSD_SHA@DF_SHA(1.1),Health expenditure and financing,I,USA,United States,A,Annual,EXP_HEALTH,Expenditure,PT_B1GQ,Percentage of GDP,_T,Total,_Z,Not application,_T,Total,_T,Total,_T,Total,_Z,Not applicable,_Z,Not applicable,_Z,Not applicable,2014,,16.188,,,,,,,,,,,,0,Units,1,One
DATAFLOW,OECD.ELS.HD:DSD_SHA@DF_SHA(1.1),Health expenditure and financing,I,USA,United States,A,Annual,EXP_HEALTH,Expenditure,PT_B1GQ,Percentage of GDP,_T,Total,_Z,Not application,_T,Total,_T,Total,_T,Total,_Z,Not applicable,_Z,Not applicable,_Z,Not applicable,2015,,16.465,,,,,,,,,,,,0,Units,1,One
DATAFLOW,OECD.ELS.HD:DSD_SHA@DF_SHA(1.1),Health expenditure and financing,I,USA,United States,A,Annual,EXP_HEALTH,Expenditure,PT_B1GQ,Percentage of GDP,_T,Total,_Z,Not application,_T,Total,_T,Total,_T,Total,_Z,Not applicable,_Z,Not applicable,_Z,Not applicable,2016,,16.778,,,,,,,,,,,,0,Units,1,One
DATAFLOW,OECD.ELS.HD:DSD_SHA@DF_SHA(1.1),Health expenditure and financing,I,ROU,Romania,A,Annual,EXP_HEALTH,Expenditure,PT_B1GQ,Percentage of GDP,_T,Total,_Z,Not application,_T,Total,_T,Total,_T,Total,_Z,Not applicable,_Z,Not applicable,_Z,Not applicable,2003,,5.371,,,,,,,,,,,,0,Units,1,One
DATAFLOW,OECD.ELS.HD:DSD_SHA@DF_SHA(1.1),Health expenditure and financing,I,ROU,Romania,A,Annual,EXP_HEALTH,Expenditure,PT_B1GQ,Percentage of GDP,_T,Total,_Z,Not application,_T,Total,_T,Total,_T,Total,_Z,Not applicable,_Z,Not applicable,_Z,Not applicable,2004,,5.477,,,,,,,,,,,,0,Units,1,One
DATAFLOW,OECD.ELS.HD:DSD_SHA@DF_SHA(1.1),Health expenditure and financing,I,ROU,Romania,A,Annual,EXP_HEALTH,Expenditure,PT_B1GQ,Percentage of GDP,_T,Total,_Z,Not application,_T,Total,_T,Total,_T,Total,_Z,Not applicable,_Z,Not applicable,_Z,Not applicable,2005,,5.528,,,,,,,,,,,,0,Units,1,One
DATAFLOW,OECD.ELS.HD:DSD_SHA@DF_SHA(1.1),Health expenditure and financing,I,ROU,Romania,A,Annual,EXP_HEALTH,Expenditure,PT_B1GQ,Percentage of GDP,_T,Total,_Z,Not application,_T,Total,_T,Total,_T,Total,_Z,Not applicable,_Z,Not applicable,_Z,Not applicable,2006,,5.071,,,,,,,,,,,,0,Units,1,One
DATAFLOW,OECD.ELS.HD:DSD_SHA@DF_SHA(1.1),Health expenditure and financing,I,ROU,Romania,A,Annual,EXP_HEALTH,Expenditure,PT_B1GQ,Percentage of GDP,_T,Total,_Z,Not application,_T,Total,_T,Total,_T,Total,_Z,Not applicable,_Z,Not applicable,_Z,Not applicable,2007,,5.023,,,,,,,,,,,,0,Units,1,One
DATAFLOW,OECD.ELS.HD:DSD_SHA@DF_SHA(1.1),Health expenditure and financing,I,ROU,Romania,A,Annual,EXP_HEALTH,Expenditure,PT_B1GQ,Percentage of GDP,_T,Total,_Z,Not application,_T,Total,_T,Total,_T,Total,_Z,Not applicable,_Z,Not applicable,_Z,Not applicable,2008,,5.023,,,,,,,,,,,,0,Units,1,One
DATAFLOW,OECD.ELS.HD:DSD_SHA@DF_SHA(1.1),Health expenditure and financing,I,ROU,Romania,A,Annual,EXP_HEALTH,Expenditure,PT_B1GQ,Percentage of GDP,_T,Total,_Z,Not application,_T,Total,_T,Total,_T,Total,_Z,Not applicable,_Z,Not applicable,_Z,Not applicable,2009,,5.278,,,,,,,,,,,,0,Units,1,One
DATAFLOW,OECD.ELS.HD:DSD_SHA@DF_SHA(1.1),Health expenditure and financing,I,ROU,Romania,A,Annual,EXP_HEALTH,Expenditure,PT_B1GQ,Percentage of GDP,_T,Total,_Z,Not application,_T,Total,_T,Total,_T,Total,_Z,Not applicable,_Z,Not applicable,_Z,Not applicable,2010,,5.639,,,,,,,,,,,,0,Units,1,One
DATAFLOW,OECD.ELS.HD:DSD_SHA@DF_SHA(1.1),Health expenditure and financing,I,ROU,Romania,A,Annual,EXP_HEALTH,Expenditure,PT_B1GQ,Percentage of GDP,_T,Total,_Z,Not application,_T,Total,_T,Total,_T,Total,_Z,Not applicable,_Z,Not applicable,_Z,Not applicable,2012,,4.509,,,,,,,,,,,,0,Units,1,One
DATAFLOW,OECD.ELS.HD:DSD_SHA@DF_SHA(1.1),Health expenditure and financing,I,ROU,Romania,A,Annual,EXP_HEALTH,Expenditure,PT_B1GQ,Percentage of GDP,_T,Total,_Z,Not application,_T,Total,_T,Total,_T,Total,_Z,Not applicable,_Z,Not applicable,_Z,Not applicable,2013,,5.224,,,,,,,,,,,,0,Units,1,One
DATAFLOW,OECD.ELS.HD:DSD_SHA@DF_SHA(1.1),Health expenditure and financing,I,ROU,Romania,A,Annual,EXP_HEALTH,Expenditure,PT_B1GQ,Percentage of GDP,_T,Total,_Z,Not application,_T,Total,_T,Total,_T,Total,_Z,Not applicable,_Z,Not applicable,_Z,Not applicable,2014,,5.028,,,,,,,,,,,,0,Units,1,One
DATAFLOW,OECD.ELS.HD:DSD_SHA@DF_SHA(1.1),Health expenditure and financing,I,ROU,Romania,A,Annual,EXP_HEALTH,Expenditure,PT_B1GQ,Percentage of GDP,_T,Total,_Z,Not application,_T,Total,_T,Total,_T,Total,_Z,Not applicable,_Z,Not applicable,_Z,Not applicable,2015,,4.943,,,,,,,,,,,,0,Units,1,One
DATAFLOW,OECD.ELS.HD:DSD_SHA@DF_SHA(1.1),Health expenditure and financing,I,ROU,Romania,A,Annual,EXP_HEALTH,Expenditure,PT_B1GQ,Percentage of GDP,_T,Total,_Z,Not application,_T,Total,_T,Total,_T,Total,_Z,Not applicable,_Z,Not applicable,_Z,Not applicable,2016,,5.08,,,,,,,,,,,,0,Units,1,One
DATAFLOW,OECD.ELS.HD:DSD_SHA@DF_SHA(1.1),Health expenditure and financing,I,ROU,Romania,A,Annual,EXP_HEALTH,Expenditure,PT_B1GQ,Percentage of GDP,_T,Total,_Z,Not application,_T,Total,_T,Total,_T,Total,_Z,Not applicable,_Z,Not applicable,_Z,Not applicable,2017,,5.189,,,,,,,,,,,,0,Units,1,One
DATAFLOW,OECD.ELS.HD:DSD_SHA@DF_SHA(1.1),Health expenditure and financing,I,ROU,Romania,A,Annual,EXP_HEALTH,Expenditure,PT_B1GQ,Percentage of GDP,_T,Total,_Z,Not application,_T,Total,_T,Total,_T,Total,_Z,Not applicable,_Z,Not applicable,_Z,Not applicable,2018,,5.553,,,,,,,,,,,,0,Units,1,One
DATAFLOW,OECD.ELS.HD:DSD_SHA@DF_SHA(1.1),Health expenditure and financing,I,ROU,Romania,A,Annual,EXP_HEALTH,Expenditure,PT_B1GQ,Percentage of GDP,_T,Total,_Z,Not application,_T,Total,_T,Total,_T,Total,_Z,Not applicable,_Z,Not applicable,_Z,Not applicable,2019,,5.736,,,,,,,,,,,,0,Units,1,One
DATAFLOW,OECD.ELS.HD:DSD_SHA@DF_SHA(1.1),Health expenditure and financing,I,ROU,Romania,A,Annual,EXP_HEALTH,Expenditure,PT_B1GQ,Percentage of GDP,_T,Total,_Z,Not application,_T,Total,_T,Total,_T,Total,_Z,Not applicable,_Z,Not applicable,_Z,Not applicable,2020,,6.245,,,,,,,,,,,,0,Units,1,One
DATAFLOW,OECD.ELS.HD:DSD_SHA@DF_SHA(1.1),Health expenditure and financing,I,ROU,Romania,A,Annual,EXP_HEALTH,Expenditure,PT_B1GQ,Percentage of GDP,_T,Total,_Z,Not application,_T,Total,_T,Total,_T,Total,_Z,Not applicable,_Z,Not applicable,_Z,Not applicable,2021,,6.487,,,,,,,,,,,,0,Units,1,One
DATAFLOW,OECD.ELS.HD:DSD_SHA@DF_SHA(1.1),Health expenditure and financing,I,ROU,Romania,A,Annual,EXP_HEALTH,Expenditure,PT_B1GQ,Percentage of GDP,_T,Total,_Z,Not application,_T,Total,_T,Total,_T,Total,_Z,Not applicable,_Z,Not applicable,_Z,Not applicable,2022,,5.819,,,,,,,,,,,,0,Units,1,One
DATAFLOW,OECD.ELS.HD:DSD_SHA@DF_SHA(1.1),Health expenditure and financing,I,NLD,Netherlands,A,Annual,EXP_HEALTH,Expenditure,PT_B1GQ,Percentage of GDP,_T,Total,_Z,Not application,_T,Total,_T,Total,_T,Total,_Z,Not applicable,_Z,Not applicable,_Z,Not applicable,2015,,10.189,,,,,,,,,,,,0,Units,1,One
DATAFLOW,OECD.ELS.HD:DSD_SHA@DF_SHA(1.1),Health expenditure and financing,I,NLD,Netherlands,A,Annual,EXP_HEALTH,Expenditure,PT_B1GQ,Percentage of GDP,_T,Total,_Z,Not application,_T,Total,_T,Total,_T,Total,_Z,Not applicable,_Z,Not applicable,_Z,Not applicable,2023,,10.037,,,,,,,,,,,,0,Units,1,One
DATAFLOW,OECD.ELS.HD:DSD_SHA@DF_SHA(1.1),Health expenditure and financing,I,NLD,Netherlands,A,Annual,EXP_HEALTH,Expenditure,PT_B1GQ,Percentage of GDP,_T,Total,_Z,Not application,_T,Total,_T,Total,_T,Total,_Z,Not applicable,_Z,Not applicable,_Z,Not applicable,2022,,10.076,,,,,,,,,,,,0,Units,1,One
DATAFLOW,OECD.ELS.HD:DSD_SHA@DF_SHA(1.1),Health expenditure and financing,I,NLD,Netherlands,A,Annual,EXP_HEALTH,Expenditure,PT_B1GQ,Percentage of GDP,_T,Total,_Z,Not application,_T,Total,_T,Total,_T,Total,_Z,Not applicable,_Z,Not applicable,_Z,Not applicable,2016,,10.125,,,,,,,,,,,,0,Units,1,One
DATAFLOW,OECD.ELS.HD:DSD_SHA@DF_SHA(1.1),Health expenditure and financing,I,NLD,Netherlands,A,Annual,EXP_HEALTH,Expenditure,PT_B1GQ,Percentage of GDP,_T,Total,_Z,Not application,_T,Total,_T,Total,_T,Total,_Z,Not applicable,_Z,Not applicable,_Z,Not applicable,2014,,10.457,,,,,,,,,,,,0,Units,1,One
DATAFLOW,OECD.ELS.HD:DSD_SHA@DF_SHA(1.1),Health expenditure and financing,I,NLD,Netherlands,A,Annual,EXP_HEALTH,Expenditure,PT_B1GQ,Percentage of GDP,_T,Total,_Z,Not application,_T,Total,_T,Total,_T,Total,_Z,Not applicable,_Z,Not applicable,_Z,Not applicable,2013,,10.502,,,,,,,,,,,,0,Units,1,One
DATAFLOW,OECD.ELS.HD:DSD_SHA@DF_SHA(1.1),Health expenditure and financing,I,NLD,Netherlands,A,Annual,EXP_HEALTH,Expenditure,PT_B1GQ,Percentage of GDP,_T,Total,_Z,Not application,_T,Total,_T,Total,_T,Total,_Z,Not applicable,_Z,Not applicable,_Z,Not applicable,2012,,10.455,,,,,,,,,,,,0,Units,1,One
DATAFLOW,OECD.ELS.HD:DSD_SHA@DF_SHA(1.1),Health expenditure and financing,I,NLD,Netherlands,A,Annual,EXP_HEALTH,Expenditure,PT_B1GQ,Percentage of GDP,_T,Total,_Z,Not application,_T,Total,_T,Total,_T,Total,_Z,Not applicable,_Z,Not applicable,_Z,Not applicable,2019,,9.936,,,,,,,,,,,,0,Units,1,One
DATAFLOW,OECD.ELS.HD:DSD_SHA@DF_SHA(1.1),Health expenditure and financing,I,NLD,Netherlands,A,Annual,EXP_HEALTH,Expenditure,PT_B1GQ,Percentage of GDP,_T,Total,_Z,Not application,_T,Total,_T,Total,_T,Total,_Z,Not applicable,_Z,Not applicable,_Z,Not applicable,2018,,9.851,,,,,,,,,,,,0,Units,1,One
DATAFLOW,OECD.ELS.HD:DSD_SHA@DF_SHA(1.1),Health expenditure and financing,I,NLD,Netherlands,A,Annual,EXP_HEALTH,Expenditure,PT_B1GQ,Percentage of GDP,_T,Total,_Z,Not application,_T,Total,_T,Total,_T,Total,_Z,Not applicable,_Z,Not applicable,_Z,Not applicable,2017,,9.937,,,,,,,,,,,,0,Units,1,One
DATAFLOW,OECD.ELS.HD:DSD_SHA@DF_SHA(1.1),Health expenditure and financing,I,NLD,Netherlands,A,Annual,EXP_HEALTH,Expenditure,PT_B1GQ,Percentage of GDP,_T,Total,_Z,Not application,_T,Total,_T,Total,_T,Total,_Z,Not applicable,_Z,Not applicable,_Z,Not applicable,2011,,10.145,,,,,,,,,,,,0,Units,1,One
DATAFLOW,OECD.ELS.HD:DSD_SHA@DF_SHA(1.1),Health expenditure and financing,I,NLD,Netherlands,A,Annual,EXP_HEALTH,Expenditure,PT_B1GQ,Percentage of GDP,_T,Total,_Z,Not application,_T,Total,_T,Total,_T,Total,_Z,Not applicable,_Z,Not applicable,_Z,Not applicable,2010,,10.095,,,,,,,,,,,,0,Units,1,One
DATAFLOW,OECD.ELS.HD:DSD_SHA@DF_SHA(1.1),Health expenditure and financing,I,NLD,Netherlands,A,Annual,EXP_HEALTH,Expenditure,PT_B1GQ,Percentage of GDP,_T,Total,_Z,Not application,_T,Total,_T,Total,_T,Total,_Z,Not applicable,_Z,Not applicable,_Z,Not applicable,2020,,10.95,,,,,,,,,,,,0,Units,1,One
DATAFLOW,OECD.ELS.HD:DSD_SHA@DF_SHA(1.1),Health expenditure and financing,I,NLD,Netherlands,A,Annual,EXP_HEALTH,Expenditure,PT_B1GQ,Percentage of GDP,_T,Total,_Z,Not application,_T,Total,_T,Total,_T,Total,_Z,Not applicable,_Z,Not applicable,_Z,Not applicable,2021,,11.159,,,,,,B,Time series break,,,,,0,Units,1,One
DATAFLOW,OECD.ELS.HD:DSD_SHA@DF_SHA(1.1),Health expenditure and financing,I,HRV,Croatia,A,Annual,EXP_HEALTH,Expenditure,PT_B1GQ,Percentage of GDP,_T,Total,_Z,Not application,_T,Total,_T,Total,_T,Total,_Z,Not applicable,_Z,Not applicable,_Z,Not applicable,2013,,6.373,,,,,,B,Time series break,,,,,0,Units,1,One
DATAFLOW,OECD.ELS.HD:DSD_SHA@DF_SHA(1.1),Health expenditure and financing,I,HRV,Croatia,A,Annual,EXP_HEALTH,Expenditure,PT_B1GQ,Percentage of GDP,_T,Total,_Z,Not application,_T,Total,_T,Total,_T,Total,_Z,Not applicable,_Z,Not applicable,_Z,Not applicable,2012,,7.454,,,,,,,,,,,,0,Units,1,One
DATAFLOW,OECD.ELS.HD:DSD_SHA@DF_SHA(1.1),Health expenditure and financing,I,HRV,Croatia,A,Annual,EXP_HEALTH,Expenditure,PT_B1GQ,Percentage of GDP,_T,Total,_Z,Not application,_T,Total,_T,Total,_T,Total,_Z,Not applicable,_Z,Not applicable,_Z,Not applicable,2014,,6.567,,,,,,,,,,,,0,Units,1,One
DATAFLOW,OECD.ELS.HD:DSD_SHA@DF_SHA(1.1),Health expenditure and financing,I,HRV,Croatia,A,Annual,EXP_HEALTH,Expenditure,PT_B1GQ,Percentage of GDP,_T,Total,_Z,Not application,_T,Total,_T,Total,_T,Total,_Z,Not applicable,_Z,Not applicable,_Z,Not applicable,2015,,6.656,,,,,,,,,,,,0,Units,1,One
DATAFLOW,OECD.ELS.HD:DSD_SHA@DF_SHA(1.1),Health expenditure and financing,I,HRV,Croatia,A,Annual,EXP_HEALTH,Expenditure,PT_B1GQ,Percentage of GDP,_T,Total,_Z,Not application,_T,Total,_T,Total,_T,Total,_Z,Not applicable,_Z,Not applicable,_Z,Not applicable,2016,,6.692,,,,,,,,,,,,0,Units,1,One
DATAFLOW,OECD.ELS.HD:DSD_SHA@DF_SHA(1.1),Health expenditure and financing,I,HRV,Croatia,A,Annual,EXP_HEALTH,Expenditure,PT_B1GQ,Percentage of GDP,_T,Total,_Z,Not application,_T,Total,_T,Total,_T,Total,_Z,Not applicable,_Z,Not applicable,_Z,Not applicable,2017,,6.628,,,,,,,,,,,,0,Units,1,One
DATAFLOW,OECD.ELS.HD:DSD_SHA@DF_SHA(1.1),Health expenditure and financing,I,HRV,Croatia,A,Annual,EXP_HEALTH,Expenditure,PT_B1GQ,Percentage of GDP,_T,Total,_Z,Not application,_T,Total,_T,Total,_T,Total,_Z,Not applicable,_Z,Not applicable,_Z,Not applicable,2018,,6.714,,,,,,,,,,,,0,Units,1,One
DATAFLOW,OECD.ELS.HD:DSD_SHA@DF_SHA(1.1),Health expenditure and financing,I,HRV,Croatia,A,Annual,EXP_HEALTH,Expenditure,PT_B1GQ,Percentage of GDP,_T,Total,_Z,Not application,_T,Total,_T,Total,_T,Total,_Z,Not applicable,_Z,Not applicable,_Z,Not applicable,2019,,6.787,,,,,,,,,,,,0,Units,1,One
DATAFLOW,OECD.ELS.HD:DSD_SHA@DF_SHA(1.1),Health expenditure and financing,I,HRV,Croatia,A,Annual,EXP_HEALTH,Expenditure,PT_B1GQ,Percentage of GDP,_T,Total,_Z,Not application,_T,Total,_T,Total,_T,Total,_Z,Not applicable,_Z,Not applicable,_Z,Not applicable,2020,,7.684,,,,,,,,,,,,0,Units,1,One
DATAFLOW,OECD.ELS.HD:DSD_SHA@DF_SHA(1.1),Health expenditure and financing,I,HRV,Croatia,A,Annual,EXP_HEALTH,Expenditure,PT_B1GQ,Percentage of GDP,_T,Total,_Z,Not application,_T,Total,_T,Total,_T,Total,_Z,Not applicable,_Z,Not applicable,_Z,Not applicable,2021,,8.083,,,,,,,,,,,,0,Units,1,One
DATAFLOW,OECD.ELS.HD:DSD_SHA@DF_SHA(1.1),Health expenditure and financing,I,HRV,Croatia,A,Annual,EXP_HEALTH,Expenditure,PT_B1GQ,Percentage of GDP,_T,Total,_Z,Not application,_T,Total,_T,Total,_T,Total,_Z,Not applicable,_Z,Not applicable,_Z,Not applicable,2022,,7.298,,,,,,,,,,,,0,Units,1,One
DATAFLOW,OECD.ELS.HD:DSD_SHA@DF_SHA(1.1),Health expenditure and financing,I,HRV,Croatia,A,Annual,EXP_HEALTH,Expenditure,PT_B1GQ,Percentage of GDP,_T,Total,_Z,Not application,_T,Total,_T,Total,_T,Total,_Z,Not applicable,_Z,Not applicable,_Z,Not applicable,2023,,6.963,,,,,,,,,,,,0,Units,1,One
DATAFLOW,OECD.ELS.HD:DSD_SHA@DF_SHA(1.1),Health expenditure and financing,I,CYP,Cyprus,A,Annual,EXP_HEALTH,Expenditure,PT_B1GQ,Percentage of GDP,_T,Total,_Z,Not application,_T,Total,_T,Total,_T,Total,_Z,Not applicable,_Z,Not applicable,_Z,Not applicable,2010,,6.501,,,,,,B,Time series break,,,,,0,Units,1,One
DATAFLOW,OECD.ELS.HD:DSD_SHA@DF_SHA(1.1),Health expenditure and financing,I,CYP,Cyprus,A,Annual,EXP_HEALTH,Expenditure,PT_B1GQ,Percentage of GDP,_T,Total,_Z,Not application,_T,Total,_T,Total,_T,Total,_Z,Not applicable,_Z,Not applicable,_Z,Not applicable,2003,,5.633,,,,,,,,,,,,0,Units,1,One
DATAFLOW,OECD.ELS.HD:DSD_SHA@DF_SHA(1.1),Health expenditure and financing,I,CYP,Cyprus,A,Annual,EXP_HEALTH,Expenditure,PT_B1GQ,Percentage of GDP,_T,Total,_Z,Not application,_T,Total,_T,Total,_T,Total,_Z,Not applicable,_Z,Not applicable,_Z,Not applicable,2004,,5.402,,,,,,,,,,,,0,Units,1,One
DATAFLOW,OECD.ELS.HD:DSD_SHA@DF_SHA(1.1),Health expenditure and financing,I,CYP,Cyprus,A,Annual,EXP_HEALTH,Expenditure,PT_B1GQ,Percentage of GDP,_T,Total,_Z,Not application,_T,Total,_T,Total,_T,Total,_Z,Not applicable,_Z,Not applicable,_Z,Not applicable,2005,,5.406,,,,,,,,,,,,0,Units,1,One
DATAFLOW,OECD.ELS.HD:DSD_SHA@DF_SHA(1.1),Health expenditure and financing,I,CYP,Cyprus,A,Annual,EXP_HEALTH,Expenditure,PT_B1GQ,Percentage of GDP,_T,Total,_Z,Not application,_T,Total,_T,Total,_T,Total,_Z,Not applicable,_Z,Not applicable,_Z,Not applicable,2006,,5.437,,,,,,,,,,,,0,Units,1,One
DATAFLOW,OECD.ELS.HD:DSD_SHA@DF_SHA(1.1),Health expenditure and financing,I,CYP,Cyprus,A,Annual,EXP_HEALTH,Expenditure,PT_B1GQ,Percentage of GDP,_T,Total,_Z,Not application,_T,Total,_T,Total,_T,Total,_Z,Not applicable,_Z,Not applicable,_Z,Not applicable,2007,,5.323,,,,,,,,,,,,0,Units,1,One
DATAFLOW,OECD.ELS.HD:DSD_SHA@DF_SHA(1.1),Health expenditure and financing,I,CYP,Cyprus,A,Annual,EXP_HEALTH,Expenditure,PT_B1GQ,Percentage of GDP,_T,Total,_Z,Not application,_T,Total,_T,Total,_T,Total,_Z,Not applicable,_Z,Not applicable,_Z,Not applicable,2008,,6.022,,,,,,,,,,,,0,Units,1,One
DATAFLOW,OECD.ELS.HD:DSD_SHA@DF_SHA(1.1),Health expenditure and financing,I,CYP,Cyprus,A,Annual,EXP_HEALTH,Expenditure,PT_B1GQ,Percentage of GDP,_T,Total,_Z,Not application,_T,Total,_T,Total,_T,Total,_Z,Not applicable,_Z,Not applicable,_Z,Not applicable,2009,,6.469,,,,,,,,,,,,0,Units,1,One
DATAFLOW,OECD.ELS.HD:DSD_SHA@DF_SHA(1.1),Health expenditure and financing,I,CYP,Cyprus,A,Annual,EXP_HEALTH,Expenditure,PT_B1GQ,Percentage of GDP,_T,Total,_Z,Not application,_T,Total,_T,Total,_T,Total,_Z,Not applicable,_Z,Not applicable,_Z,Not applicable,2011,,6.431,,,,,,,,,,,,0,Units,1,One
DATAFLOW,OECD.ELS.HD:DSD_SHA@DF_SHA(1.1),Health expenditure and financing,I,CYP,Cyprus,A,Annual,EXP_HEALTH,Expenditure,PT_B1GQ,Percentage of GDP,_T,Total,_Z,Not application,_T,Total,_T,Total,_T,Total,_Z,Not applicable,_Z,Not applicable,_Z,Not applicable,2012,,6.536,,,,,,,,,,,,0,Units,1,One
DATAFLOW,OECD.ELS.HD:DSD_SHA@DF_SHA(1.1),Health expenditure and financing,I,NZL,New Zealand,A,Annual,EXP_HEALTH,Expenditure,PT_B1GQ,Percentage of GDP,_T,Total,_Z,Not application,_T,Total,_T,Total,_T,Total,_Z,Not applicable,_Z,Not applicable,_Z,Not applicable,2006,,8.638,,,,,,,,,,,,0,Units,1,One
DATAFLOW,OECD.ELS.HD:DSD_SHA@DF_SHA(1.1),Health expenditure and financing,I,NZL,New Zealand,A,Annual,EXP_HEALTH,Expenditure,PT_B1GQ,Percentage of GDP,_T,Total,_Z,Not application,_T,Total,_T,Total,_T,Total,_Z,Not applicable,_Z,Not applicable,_Z,Not applicable,2000,,7.47,,,,,,,,,,,,0,Units,1,One
DATAFLOW,OECD.ELS.HD:DSD_SHA@DF_SHA(1.1),Health expenditure and financing,I,NZL,New Zealand,A,Annual,EXP_HEALTH,Expenditure,PT_B1GQ,Percentage of GDP,_T,Total,_Z,Not application,_T,Total,_T,Total,_T,Total,_Z,Not applicable,_Z,Not applicable,_Z,Not applicable,2001,,7.579,,,,,,,,,,,,0,Units,1,One
DATAFLOW,OECD.ELS.HD:DSD_SHA@DF_SHA(1.1),Health expenditure and financing,I,NZL,New Zealand,A,Annual,EXP_HEALTH,Expenditure,PT_B1GQ,Percentage of GDP,_T,Total,_Z,Not application,_T,Total,_T,Total,_T,Total,_Z,Not applicable,_Z,Not applicable,_Z,Not applicable,2002,,7.9,,,,,,,,,,,,0,Units,1,One
DATAFLOW,OECD.ELS.HD:DSD_SHA@DF_SHA(1.1),Health expenditure and financing,I,NZL,New Zealand,A,Annual,EXP_HEALTH,Expenditure,PT_B1GQ,Percentage of GDP,_T,Total,_Z,Not application,_T,Total,_T,Total,_T,Total,_Z,Not applicable,_Z,Not applicable,_Z,Not applicable,2003,,7.722,,,,,,,,,,,,0,Units,1,One
DATAFLOW,OECD.ELS.HD:DSD_SHA@DF_SHA(1.1),Health expenditure and financing,I,NZL,New Zealand,A,Annual,EXP_HEALTH,Expenditure,PT_B1GQ,Percentage of GDP,_T,Total,_Z,Not application,_T,Total,_T,Total,_T,Total,_Z,Not applicable,_Z,Not applicable,_Z,Not applicable,2004,,7.901,,,,,,,,,,,,0,Units,1,One
DATAFLOW,OECD.ELS.HD:DSD_SHA@DF_SHA(1.1),Health expenditure and financing,I,NZL,New Zealand,A,Annual,EXP_HEALTH,Expenditure,PT_B1GQ,Percentage of GDP,_T,Total,_Z,Not application,_T,Total,_T,Total,_T,Total,_Z,Not applicable,_Z,Not applicable,_Z,Not applicable,2005,,8.273,,,,,,,,,,,,0,Units,1,One
DATAFLOW,OECD.ELS.HD:DSD_SHA@DF_SHA(1.1),Health expenditure and financing,I,BGR,Bulgaria,A,Annual,EXP_HEALTH,Expenditure,PT_B1GQ,Percentage of GDP,_T,Total,_Z,Not application,_T,Total,_T,Total,_T,Total,_Z,Not applicable,_Z,Not applicable,_Z,Not applicable,2003,,7.2,,,,,,,,,,,,0,Units,1,One
DATAFLOW,OECD.ELS.HD:DSD_SHA@DF_SHA(1.1),Health expenditure and financing,I,BGR,Bulgaria,A,Annual,EXP_HEALTH,Expenditure,PT_B1GQ,Percentage of GDP,_T,Total,_Z,Not application,_T,Total,_T,Total,_T,Total,_Z,Not applicable,_Z,Not applicable,_Z,Not applicable,2004,,6.891,,,,,,,,,,,,0,Units,1,One
DATAFLOW,OECD.ELS.HD:DSD_SHA@DF_SHA(1.1),Health expenditure and financing,I,BGR,Bulgaria,A,Annual,EXP_HEALTH,Expenditure,PT_B1GQ,Percentage of GDP,_T,Total,_Z,Not application,_T,Total,_T,Total,_T,Total,_Z,Not applicable,_Z,Not applicable,_Z,Not applicable,2005,,6.89,,,,,,,,,,,,0,Units,1,One
DATAFLOW,OECD.ELS.HD:DSD_SHA@DF_SHA(1.1),Health expenditure and financing,I,BGR,Bulgaria,A,Annual,EXP_HEALTH,Expenditure,PT_B1GQ,Percentage of GDP,_T,Total,_Z,Not application,_T,Total,_T,Total,_T,Total,_Z,Not applicable,_Z,Not applicable,_Z,Not applicable,2006,,6.525,,,,,,,,,,,,0,Units,1,One
DATAFLOW,OECD.ELS.HD:DSD_SHA@DF_SHA(1.1),Health expenditure and financing,I,BGR,Bulgaria,A,Annual,EXP_HEALTH,Expenditure,PT_B1GQ,Percentage of GDP,_T,Total,_Z,Not application,_T,Total,_T,Total,_T,Total,_Z,Not applicable,_Z,Not applicable,_Z,Not applicable,2007,,6.157,,,,,,,,,,,,0,Units,1,One
DATAFLOW,OECD.ELS.HD:DSD_SHA@DF_SHA(1.1),Health expenditure and financing,I,BGR,Bulgaria,A,Annual,EXP_HEALTH,Expenditure,PT_B1GQ,Percentage of GDP,_T,Total,_Z,Not application,_T,Total,_T,Total,_T,Total,_Z,Not applicable,_Z,Not applicable,_Z,Not applicable,2008,,6.283,,,,,,,,,,,,0,Units,1,One
DATAFLOW,OECD.ELS.HD:DSD_SHA@DF_SHA(1.1),Health expenditure and financing,I,BGR,Bulgaria,A,Annual,EXP_HEALTH,Expenditure,PT_B1GQ,Percentage of GDP,_T,Total,_Z,Not application,_T,Total,_T,Total,_T,Total,_Z,Not applicable,_Z,Not applicable,_Z,Not applicable,2009,,6.596,,,,,,,,,,,,0,Units,1,One
DATAFLOW,OECD.ELS.HD:DSD_SHA@DF_SHA(1.1),Health expenditure and financing,I,BGR,Bulgaria,A,Annual,EXP_HEALTH,Expenditure,PT_B1GQ,Percentage of GDP,_T,Total,_Z,Not application,_T,Total,_T,Total,_T,Total,_Z,Not applicable,_Z,Not applicable,_Z,Not applicable,2010,,7.095,,,,,,,,,,,,0,Units,1,One
DATAFLOW,OECD.ELS.HD:DSD_SHA@DF_SHA(1.1),Health expenditure and financing,I,BGR,Bulgaria,A,Annual,EXP_HEALTH,Expenditure,PT_B1GQ,Percentage of GDP,_T,Total,_Z,Not application,_T,Total,_T,Total,_T,Total,_Z,Not applicable,_Z,Not applicable,_Z,Not applicable,2011,,7.103,,,,,,,,,,,,0,Units,1,One
DATAFLOW,OECD.ELS.HD:DSD_SHA@DF_SHA(1.1),Health expenditure and financing,I,BGR,Bulgaria,A,Annual,EXP_HEALTH,Expenditure,PT_B1GQ,Percentage of GDP,_T,Total,_Z,Not application,_T,Total,_T,Total,_T,Total,_Z,Not applicable,_Z,Not applicable,_Z,Not applicable,2012,,7.539,,,,,,,,,,,,0,Units,1,One
DATAFLOW,OECD.ELS.HD:DSD_SHA@DF_SHA(1.1),Health expenditure and financing,I,BGR,Bulgaria,A,Annual,EXP_HEALTH,Expenditure,PT_B1GQ,Percentage of GDP,_T,Total,_Z,Not application,_T,Total,_T,Total,_T,Total,_Z,Not applicable,_Z,Not applicable,_Z,Not applicable,2013,,7.142,,,,,,,,,,,,0,Units,1,One
DATAFLOW,OECD.ELS.HD:DSD_SHA@DF_SHA(1.1),Health expenditure and financing,I,BGR,Bulgaria,A,Annual,EXP_HEALTH,Expenditure,PT_B1GQ,Percentage of GDP,_T,Total,_Z,Not application,_T,Total,_T,Total,_T,Total,_Z,Not applicable,_Z,Not applicable,_Z,Not applicable,2014,,7.683,,,,,,,,,,,,0,Units,1,One
DATAFLOW,OECD.ELS.HD:DSD_SHA@DF_SHA(1.1),Health expenditure and financing,I,BGR,Bulgaria,A,Annual,EXP_HEALTH,Expenditure,PT_B1GQ,Percentage of GDP,_T,Total,_Z,Not application,_T,Total,_T,Total,_T,Total,_Z,Not applicable,_Z,Not applicable,_Z,Not applicable,2015,,7.394,,,,,,,,,,,,0,Units,1,One
DATAFLOW,OECD.ELS.HD:DSD_SHA@DF_SHA(1.1),Health expenditure and financing,I,BGR,Bulgaria,A,Annual,EXP_HEALTH,Expenditure,PT_B1GQ,Percentage of GDP,_T,Total,_Z,Not application,_T,Total,_T,Total,_T,Total,_Z,Not applicable,_Z,Not applicable,_Z,Not applicable,2016,,7.46,,,,,,,,,,,,0,Units,1,One
DATAFLOW,OECD.ELS.HD:DSD_SHA@DF_SHA(1.1),Health expenditure and financing,I,BGR,Bulgaria,A,Annual,EXP_HEALTH,Expenditure,PT_B1GQ,Percentage of GDP,_T,Total,_Z,Not application,_T,Total,_T,Total,_T,Total,_Z,Not applicable,_Z,Not applicable,_Z,Not applicable,2017,,7.496,,,,,,,,,,,,0,Units,1,One
DATAFLOW,OECD.ELS.HD:DSD_SHA@DF_SHA(1.1),Health expenditure and financing,I,BGR,Bulgaria,A,Annual,EXP_HEALTH,Expenditure,PT_B1GQ,Percentage of GDP,_T,Total,_Z,Not application,_T,Total,_T,Total,_T,Total,_Z,Not applicable,_Z,Not applicable,_Z,Not applicable,2018,,7.358,,,,,,,,,,,,0,Units,1,One
DATAFLOW,OECD.ELS.HD:DSD_SHA@DF_SHA(1.1),Health expenditure and financing,I,BGR,Bulgaria,A,Annual,EXP_HEALTH,Expenditure,PT_B1GQ,Percentage of GDP,_T,Total,_Z,Not application,_T,Total,_T,Total,_T,Total,_Z,Not applicable,_Z,Not applicable,_Z,Not applicable,2019,,7.131,,,,,,,,,,,,0,Units,1,One
DATAFLOW,OECD.ELS.HD:DSD_SHA@DF_SHA(1.1),Health expenditure and financing,I,BGR,Bulgaria,A,Annual,EXP_HEALTH,Expenditure,PT_B1GQ,Percentage of GDP,_T,Total,_Z,Not application,_T,Total,_T,Total,_T,Total,_Z,Not applicable,_Z,Not applicable,_Z,Not applicable,2020,,8.448,,,,,,,,,,,,0,Units,1,One
DATAFLOW,OECD.ELS.HD:DSD_SHA@DF_SHA(1.1),Health expenditure and financing,I,BGR,Bulgaria,A,Annual,EXP_HEALTH,Expenditure,PT_B1GQ,Percentage of GDP,_T,Total,_Z,Not application,_T,Total,_T,Total,_T,Total,_Z,Not applicable,_Z,Not applicable,_Z,Not applicable,2021,,8.585,,,,,,,,,,,,0,Units,1,One
DATAFLOW,OECD.ELS.HD:DSD_SHA@DF_SHA(1.1),Health expenditure and financing,I,BGR,Bulgaria,A,Annual,EXP_HEALTH,Expenditure,PT_B1GQ,Percentage of GDP,_T,Total,_Z,Not application,_T,Total,_T,Total,_T,Total,_Z,Not applicable,_Z,Not applicable,_Z,Not applicable,2022,,7.639,,,,,,,,,,,,0,Units,1,One
DATAFLOW,OECD.ELS.HD:DSD_SHA@DF_SHA(1.1),Health expenditure and financing,I,BGR,Bulgaria,A,Annual,EXP_HEALTH,Expenditure,PT_B1GQ,Percentage of GDP,_T,Total,_Z,Not application,_T,Total,_T,Total,_T,Total,_Z,Not applicable,_Z,Not applicable,_Z,Not applicable,2023,,7.934,,,,,,,,,,,,0,Units,1,One
DATAFLOW,OECD.ELS.HD:DSD_SHA@DF_SHA(1.1),Health expenditure and financing,I,PRT,Portugal,A,Annual,EXP_HEALTH,Expenditure,PT_B1GQ,Percentage of GDP,_T,Total,_Z,Not application,_T,Total,_T,Total,_T,Total,_Z,Not applicable,_Z,Not applicable,_Z,Not applicable,2013,,9.467,,,,,,,,,,,,0,Units,1,One
DATAFLOW,OECD.ELS.HD:DSD_SHA@DF_SHA(1.1),Health expenditure and financing,I,PRT,Portugal,A,Annual,EXP_HEALTH,Expenditure,PT_B1GQ,Percentage of GDP,_T,Total,_Z,Not application,_T,Total,_T,Total,_T,Total,_Z,Not applicable,_Z,Not applicable,_Z,Not applicable,2005,,9.679,,,,,,,,,,,,0,Units,1,One
DATAFLOW,OECD.ELS.HD:DSD_SHA@DF_SHA(1.1),Health expenditure and financing,I,PRT,Portugal,A,Annual,EXP_HEALTH,Expenditure,PT_B1GQ,Percentage of GDP,_T,Total,_Z,Not application,_T,Total,_T,Total,_T,Total,_Z,Not applicable,_Z,Not applicable,_Z,Not applicable,2001,,8.655,,,,,,,,,,,,0,Units,1,One
DATAFLOW,OECD.ELS.HD:DSD_SHA@DF_SHA(1.1),Health expenditure and financing,I,PRT,Portugal,A,Annual,EXP_HEALTH,Expenditure,PT_B1GQ,Percentage of GDP,_T,Total,_Z,Not application,_T,Total,_T,Total,_T,Total,_Z,Not applicable,_Z,Not applicable,_Z,Not applicable,2002,,8.807,,,,,,,,,,,,0,Units,1,One
DATAFLOW,OECD.ELS.HD:DSD_SHA@DF_SHA(1.1),Health expenditure and financing,I,PRT,Portugal,A,Annual,EXP_HEALTH,Expenditure,PT_B1GQ,Percentage of GDP,_T,Total,_Z,Not application,_T,Total,_T,Total,_T,Total,_Z,Not applicable,_Z,Not applicable,_Z,Not applicable,2006,,9.384,,,,,,,,,,,,0,Units,1,One
DATAFLOW,OECD.ELS.HD:DSD_SHA@DF_SHA(1.1),Health expenditure and financing,I,PRT,Portugal,A,Annual,EXP_HEALTH,Expenditure,PT_B1GQ,Percentage of GDP,_T,Total,_Z,Not application,_T,Total,_T,Total,_T,Total,_Z,Not applicable,_Z,Not applicable,_Z,Not applicable,2004,,9.559,,,,,,,,,,,,0,Units,1,One
DATAFLOW,OECD.ELS.HD:DSD_SHA@DF_SHA(1.1),Health expenditure and financing,I,PRT,Portugal,A,Annual,EXP_HEALTH,Expenditure,PT_B1GQ,Percentage of GDP,_T,Total,_Z,Not application,_T,Total,_T,Total,_T,Total,_Z,Not applicable,_Z,Not applicable,_Z,Not applicable,2003,,9.148,,,,,,,,,,,,0,Units,1,One
DATAFLOW,OECD.ELS.HD:DSD_SHA@DF_SHA(1.1),Health expenditure and financing,I,PRT,Portugal,A,Annual,EXP_HEALTH,Expenditure,PT_B1GQ,Percentage of GDP,_T,Total,_Z,Not application,_T,Total,_T,Total,_T,Total,_Z,Not applicable,_Z,Not applicable,_Z,Not applicable,2011,,9.776,,,,,,,,,,,,0,Units,1,One
DATAFLOW,OECD.ELS.HD:DSD_SHA@DF_SHA(1.1),Health expenditure and financing,I,PRT,Portugal,A,Annual,EXP_HEALTH,Expenditure,PT_B1GQ,Percentage of GDP,_T,Total,_Z,Not application,_T,Total,_T,Total,_T,Total,_Z,Not applicable,_Z,Not applicable,_Z,Not applicable,2012,,9.713,,,,,,,,,,,,0,Units,1,One
DATAFLOW,OECD.ELS.HD:DSD_SHA@DF_SHA(1.1),Health expenditure and financing,I,PRT,Portugal,A,Annual,EXP_HEALTH,Expenditure,PT_B1GQ,Percentage of GDP,_T,Total,_Z,Not application,_T,Total,_T,Total,_T,Total,_Z,Not applicable,_Z,Not applicable,_Z,Not applicable,2008,,9.617,,,,,,,,,,,,0,Units,1,One
DATAFLOW,OECD.ELS.HD:DSD_SHA@DF_SHA(1.1),Health expenditure and financing,I,PRT,Portugal,A,Annual,EXP_HEALTH,Expenditure,PT_B1GQ,Percentage of GDP,_T,Total,_Z,Not application,_T,Total,_T,Total,_T,Total,_Z,Not applicable,_Z,Not applicable,_Z,Not applicable,2010,,10.071,,,,,,,,,,,,0,Units,1,One
DATAFLOW,OECD.ELS.HD:DSD_SHA@DF_SHA(1.1),Health expenditure and financing,I,PRT,Portugal,A,Annual,EXP_HEALTH,Expenditure,PT_B1GQ,Percentage of GDP,_T,Total,_Z,Not application,_T,Total,_T,Total,_T,Total,_Z,Not applicable,_Z,Not applicable,_Z,Not applicable,2009,,10.167,,,,,,,,,,,,0,Units,1,One
DATAFLOW,OECD.ELS.HD:DSD_SHA@DF_SHA(1.1),Health expenditure and financing,I,PRT,Portugal,A,Annual,EXP_HEALTH,Expenditure,PT_B1GQ,Percentage of GDP,_T,Total,_Z,Not application,_T,Total,_T,Total,_T,Total,_Z,Not applicable,_Z,Not applicable,_Z,Not applicable,2007,,9.28,,,,,,,,,,,,0,Units,1,One
DATAFLOW,OECD.ELS.HD:DSD_SHA@DF_SHA(1.1),Health expenditure and financing,I,USA,United States,A,Annual,EXP_HEALTH,Expenditure,PT_B1GQ,Percentage of GDP,_T,Total,_Z,Not application,_T,Total,_T,Total,_T,Total,_Z,Not applicable,_Z,Not applicable,_Z,Not applicable,2017,,16.729,,,,,,,,,,,,0,Units,1,One
DATAFLOW,OECD.ELS.HD:DSD_SHA@DF_SHA(1.1),Health expenditure and financing,I,USA,United States,A,Annual,EXP_HEALTH,Expenditure,PT_B1GQ,Percentage of GDP,_T,Total,_Z,Not application,_T,Total,_T,Total,_T,Total,_Z,Not applicable,_Z,Not applicable,_Z,Not applicable,2018,,16.677,,,,,,,,,,,,0,Units,1,One
DATAFLOW,OECD.ELS.HD:DSD_SHA@DF_SHA(1.1),Health expenditure and financing,I,USA,United States,A,Annual,EXP_HEALTH,Expenditure,PT_B1GQ,Percentage of GDP,_T,Total,_Z,Not application,_T,Total,_T,Total,_T,Total,_Z,Not applicable,_Z,Not applicable,_Z,Not applicable,2019,,16.745,,,,,,,,,,,,0,Units,1,One
DATAFLOW,OECD.ELS.HD:DSD_SHA@DF_SHA(1.1),Health expenditure and financing,I,USA,United States,A,Annual,EXP_HEALTH,Expenditure,PT_B1GQ,Percentage of GDP,_T,Total,_Z,Not application,_T,Total,_T,Total,_T,Total,_Z,Not applicable,_Z,Not applicable,_Z,Not applicable,2020,,18.734,,,,,,,,,,,,0,Units,1,One
DATAFLOW,OECD.ELS.HD:DSD_SHA@DF_SHA(1.1),Health expenditure and financing,I,USA,United States,A,Annual,EXP_HEALTH,Expenditure,PT_B1GQ,Percentage of GDP,_T,Total,_Z,Not application,_T,Total,_T,Total,_T,Total,_Z,Not applicable,_Z,Not applicable,_Z,Not applicable,2021,,17.53,,,,,,,,,,,,0,Units,1,One
DATAFLOW,OECD.ELS.HD:DSD_SHA@DF_SHA(1.1),Health expenditure and financing,I,USA,United States,A,Annual,EXP_HEALTH,Expenditure,PT_B1GQ,Percentage of GDP,_T,Total,_Z,Not application,_T,Total,_T,Total,_T,Total,_Z,Not applicable,_Z,Not applicable,_Z,Not applicable,2022,,16.744,,,,,,,,,,,,0,Units,1,One
DATAFLOW,OECD.ELS.HD:DSD_SHA@DF_SHA(1.1),Health expenditure and financing,I,USA,United States,A,Annual,EXP_HEALTH,Expenditure,PT_B1GQ,Percentage of GDP,_T,Total,_Z,Not application,_T,Total,_T,Total,_T,Total,_Z,Not applicable,_Z,Not applicable,_Z,Not applicable,2023,,16.87,,,,,,,,,,,,0,Units,1,One
DATAFLOW,OECD.ELS.HD:DSD_SHA@DF_SHA(1.1),Health expenditure and financing,I,BRA,Brazil,A,Annual,EXP_HEALTH,Expenditure,PT_B1GQ,Percentage of GDP,_T,Total,_Z,Not application,_T,Total,_T,Total,_T,Total,_Z,Not applicable,_Z,Not applicable,_Z,Not applicable,2000,,8.335,,,,,,,,,,,,0,Units,1,One
DATAFLOW,OECD.ELS.HD:DSD_SHA@DF_SHA(1.1),Health expenditure and financing,I,BRA,Brazil,A,Annual,EXP_HEALTH,Expenditure,PT_B1GQ,Percentage of GDP,_T,Total,_Z,Not application,_T,Total,_T,Total,_T,Total,_Z,Not applicable,_Z,Not applicable,_Z,Not applicable,2001,,8.55,,,,,,,,,,,,0,Units,1,One
DATAFLOW,OECD.ELS.HD:DSD_SHA@DF_SHA(1.1),Health expenditure and financing,I,BRA,Brazil,A,Annual,EXP_HEALTH,Expenditure,PT_B1GQ,Percentage of GDP,_T,Total,_Z,Not application,_T,Total,_T,Total,_T,Total,_Z,Not applicable,_Z,Not applicable,_Z,Not applicable,2002,,8.697,,,,,,,,,,,,0,Units,1,One
DATAFLOW,OECD.ELS.HD:DSD_SHA@DF_SHA(1.1),Health expenditure and financing,I,BRA,Brazil,A,Annual,EXP_HEALTH,Expenditure,PT_B1GQ,Percentage of GDP,_T,Total,_Z,Not application,_T,Total,_T,Total,_T,Total,_Z,Not applicable,_Z,Not applicable,_Z,Not applicable,2003,,8.189,,,,,,,,,,,,0,Units,1,One
DATAFLOW,OECD.ELS.HD:DSD_SHA@DF_SHA(1.1),Health expenditure and financing,I,BRA,Brazil,A,Annual,EXP_HEALTH,Expenditure,PT_B1GQ,Percentage of GDP,_T,Total,_Z,Not application,_T,Total,_T,Total,_T,Total,_Z,Not applicable,_Z,Not applicable,_Z,Not applicable,2004,,8.125,,,,,,,,,,,,0,Units,1,One
DATAFLOW,OECD.ELS.HD:DSD_SHA@DF_SHA(1.1),Health expenditure and financing,I,BRA,Brazil,A,Annual,EXP_HEALTH,Expenditure,PT_B1GQ,Percentage of GDP,_T,Total,_Z,Not application,_T,Total,_T,Total,_T,Total,_Z,Not applicable,_Z,Not applicable,_Z,Not applicable,2005,,8.035,,,,,,,,,,,,0,Units,1,One
DATAFLOW,OECD.ELS.HD:DSD_SHA@DF_SHA(1.1),Health expenditure and financing,I,BRA,Brazil,A,Annual,EXP_HEALTH,Expenditure,PT_B1GQ,Percentage of GDP,_T,Total,_Z,Not application,_T,Total,_T,Total,_T,Total,_Z,Not applicable,_Z,Not applicable,_Z,Not applicable,2006,,8.25,,,,,,,,,,,,0,Units,1,One
DATAFLOW,OECD.ELS.HD:DSD_SHA@DF_SHA(1.1),Health expenditure and financing,I,BRA,Brazil,A,Annual,EXP_HEALTH,Expenditure,PT_B1GQ,Percentage of GDP,_T,Total,_Z,Not application,_T,Total,_T,Total,_T,Total,_Z,Not applicable,_Z,Not applicable,_Z,Not applicable,2007,,8.202,,,,,,,,,,,,0,Units,1,One
DATAFLOW,OECD.ELS.HD:DSD_SHA@DF_SHA(1.1),Health expenditure and financing,I,BRA,Brazil,A,Annual,EXP_HEALTH,Expenditure,PT_B1GQ,Percentage of GDP,_T,Total,_Z,Not application,_T,Total,_T,Total,_T,Total,_Z,Not applicable,_Z,Not applicable,_Z,Not applicable,2008,,8.011,,,,,,,,,,,,0,Units,1,One
DATAFLOW,OECD.ELS.HD:DSD_SHA@DF_SHA(1.1),Health expenditure and financing,I,BRA,Brazil,A,Annual,EXP_HEALTH,Expenditure,PT_B1GQ,Percentage of GDP,_T,Total,_Z,Not application,_T,Total,_T,Total,_T,Total,_Z,Not applicable,_Z,Not applicable,_Z,Not applicable,2009,,8.395,,,,,,,,,,,,0,Units,1,One
DATAFLOW,OECD.ELS.HD:DSD_SHA@DF_SHA(1.1),Health expenditure and financing,I,BRA,Brazil,A,Annual,EXP_HEALTH,Expenditure,PT_B1GQ,Percentage of GDP,_T,Total,_Z,Not application,_T,Total,_T,Total,_T,Total,_Z,Not applicable,_Z,Not applicable,_Z,Not applicable,2010,,7.945,,,,,,,,,,,,0,Units,1,One
DATAFLOW,OECD.ELS.HD:DSD_SHA@DF_SHA(1.1),Health expenditure and financing,I,BRA,Brazil,A,Annual,EXP_HEALTH,Expenditure,PT_B1GQ,Percentage of GDP,_T,Total,_Z,Not application,_T,Total,_T,Total,_T,Total,_Z,Not applicable,_Z,Not applicable,_Z,Not applicable,2011,,7.788,,,,,,,,,,,,0,Units,1,One
DATAFLOW,OECD.ELS.HD:DSD_SHA@DF_SHA(1.1),Health expenditure and financing,I,BRA,Brazil,A,Annual,EXP_HEALTH,Expenditure,PT_B1GQ,Percentage of GDP,_T,Total,_Z,Not application,_T,Total,_T,Total,_T,Total,_Z,Not applicable,_Z,Not applicable,_Z,Not applicable,2012,,7.736,,,,,,,,,,,,0,Units,1,One
DATAFLOW,OECD.ELS.HD:DSD_SHA@DF_SHA(1.1),Health expenditure and financing,I,BRA,Brazil,A,Annual,EXP_HEALTH,Expenditure,PT_B1GQ,Percentage of GDP,_T,Total,_Z,Not application,_T,Total,_T,Total,_T,Total,_Z,Not applicable,_Z,Not applicable,_Z,Not applicable,2013,,7.977,,,,,,,,,,,,0,Units,1,One
DATAFLOW,OECD.ELS.HD:DSD_SHA@DF_SHA(1.1),Health expenditure and financing,I,BRA,Brazil,A,Annual,EXP_HEALTH,Expenditure,PT_B1GQ,Percentage of GDP,_T,Total,_Z,Not application,_T,Total,_T,Total,_T,Total,_Z,Not applicable,_Z,Not applicable,_Z,Not applicable,2014,,8.396,,,,,,,,,,,,0,Units,1,One
DATAFLOW,OECD.ELS.HD:DSD_SHA@DF_SHA(1.1),Health expenditure and financing,I,BRA,Brazil,A,Annual,EXP_HEALTH,Expenditure,PT_B1GQ,Percentage of GDP,_T,Total,_Z,Not application,_T,Total,_T,Total,_T,Total,_Z,Not applicable,_Z,Not applicable,_Z,Not applicable,2015,,8.909,,,,,,,,,,,,0,Units,1,One
DATAFLOW,OECD.ELS.HD:DSD_SHA@DF_SHA(1.1),Health expenditure and financing,I,BRA,Brazil,A,Annual,EXP_HEALTH,Expenditure,PT_B1GQ,Percentage of GDP,_T,Total,_Z,Not application,_T,Total,_T,Total,_T,Total,_Z,Not applicable,_Z,Not applicable,_Z,Not applicable,2016,,9.169,,,,,,,,,,,,0,Units,1,One
DATAFLOW,OECD.ELS.HD:DSD_SHA@DF_SHA(1.1),Health expenditure and financing,I,BRA,Brazil,A,Annual,EXP_HEALTH,Expenditure,PT_B1GQ,Percentage of GDP,_T,Total,_Z,Not application,_T,Total,_T,Total,_T,Total,_Z,Not applicable,_Z,Not applicable,_Z,Not applicable,2017,,9.474,,,,,,,,,,,,0,Units,1,One
DATAFLOW,OECD.ELS.HD:DSD_SHA@DF_SHA(1.1),Health expenditure and financing,I,BRA,Brazil,A,Annual,EXP_HEALTH,Expenditure,PT_B1GQ,Percentage of GDP,_T,Total,_Z,Not application,_T,Total,_T,Total,_T,Total,_Z,Not applicable,_Z,Not applicable,_Z,Not applicable,2018,,9.465,,,,,,,,,,,,0,Units,1,One
DATAFLOW,OECD.ELS.HD:DSD_SHA@DF_SHA(1.1),Health expenditure and financing,I,BRA,Brazil,A,Annual,EXP_HEALTH,Expenditure,PT_B1GQ,Percentage of GDP,_T,Total,_Z,Not application,_T,Total,_T,Total,_T,Total,_Z,Not applicable,_Z,Not applicable,_Z,Not applicable,2019,,9.614,,,,,,,,,,,,0,Units,1,One
DATAFLOW,OECD.ELS.HD:DSD_SHA@DF_SHA(1.1),Health expenditure and financing,I,ZAF,South Africa,A,Annual,EXP_HEALTH,Expenditure,PT_B1GQ,Percentage of GDP,_T,Total,_Z,Not application,_T,Total,_T,Total,_T,Total,_Z,Not applicable,_Z,Not applicable,_Z,Not applicable,2000,,7.337,,,,,,,,,,,,0,Units,1,One
DATAFLOW,OECD.ELS.HD:DSD_SHA@DF_SHA(1.1),Health expenditure and financing,I,ZAF,South Africa,A,Annual,EXP_HEALTH,Expenditure,PT_B1GQ,Percentage of GDP,_T,Total,_Z,Not application,_T,Total,_T,Total,_T,Total,_Z,Not applicable,_Z,Not applicable,_Z,Not applicable,2001,,7.123,,,,,,,,,,,,0,Units,1,One
DATAFLOW,OECD.ELS.HD:DSD_SHA@DF_SHA(1.1),Health expenditure and financing,I,ZAF,South Africa,A,Annual,EXP_HEALTH,Expenditure,PT_B1GQ,Percentage of GDP,_T,Total,_Z,Not application,_T,Total,_T,Total,_T,Total,_Z,Not applicable,_Z,Not applicable,_Z,Not applicable,2002,,6.678,,,,,,,,,,,,0,Units,1,One
DATAFLOW,OECD.ELS.HD:DSD_SHA@DF_SHA(1.1),Health expenditure and financing,I,ZAF,South Africa,A,Annual,EXP_HEALTH,Expenditure,PT_B1GQ,Percentage of GDP,_T,Total,_Z,Not application,_T,Total,_T,Total,_T,Total,_Z,Not applicable,_Z,Not applicable,_Z,Not applicable,2003,,7.041,,,,,,,,,,,,0,Units,1,One
DATAFLOW,OECD.ELS.HD:DSD_SHA@DF_SHA(1.1),Health expenditure and financing,I,ZAF,South Africa,A,Annual,EXP_HEALTH,Expenditure,PT_B1GQ,Percentage of GDP,_T,Total,_Z,Not application,_T,Total,_T,Total,_T,Total,_Z,Not applicable,_Z,Not applicable,_Z,Not applicable,2004,,6.938,,,,,,,,,,,,0,Units,1,One
DATAFLOW,OECD.ELS.HD:DSD_SHA@DF_SHA(1.1),Health expenditure and financing,I,ZAF,South Africa,A,Annual,EXP_HEALTH,Expenditure,PT_B1GQ,Percentage of GDP,_T,Total,_Z,Not application,_T,Total,_T,Total,_T,Total,_Z,Not applicable,_Z,Not applicable,_Z,Not applicable,2005,,6.862,,,,,,,,,,,,0,Units,1,One
DATAFLOW,OECD.ELS.HD:DSD_SHA@DF_SHA(1.1),Health expenditure and financing,I,ZAF,South Africa,A,Annual,EXP_HEALTH,Expenditure,PT_B1GQ,Percentage of GDP,_T,Total,_Z,Not application,_T,Total,_T,Total,_T,Total,_Z,Not applicable,_Z,Not applicable,_Z,Not applicable,2006,,6.877,,,,,,,,,,,,0,Units,1,One
DATAFLOW,OECD.ELS.HD:DSD_SHA@DF_SHA(1.1),Health expenditure and financing,I,ZAF,South Africa,A,Annual,EXP_HEALTH,Expenditure,PT_B1GQ,Percentage of GDP,_T,Total,_Z,Not application,_T,Total,_T,Total,_T,Total,_Z,Not applicable,_Z,Not applicable,_Z,Not applicable,2007,,6.905,,,,,,,,,,,,0,Units,1,One
DATAFLOW,OECD.ELS.HD:DSD_SHA@DF_SHA(1.1),Health expenditure and financing,I,ZAF,South Africa,A,Annual,EXP_HEALTH,Expenditure,PT_B1GQ,Percentage of GDP,_T,Total,_Z,Not application,_T,Total,_T,Total,_T,Total,_Z,Not applicable,_Z,Not applicable,_Z,Not applicable,2008,,7.148,,,,,,,,,,,,0,Units,1,One
DATAFLOW,OECD.ELS.HD:DSD_SHA@DF_SHA(1.1),Health expenditure and financing,I,ZAF,South Africa,A,Annual,EXP_HEALTH,Expenditure,PT_B1GQ,Percentage of GDP,_T,Total,_Z,Not application,_T,Total,_T,Total,_T,Total,_Z,Not applicable,_Z,Not applicable,_Z,Not applicable,2009,,7.649,,,,,,,,,,,,0,Units,1,One
DATAFLOW,OECD.ELS.HD:DSD_SHA@DF_SHA(1.1),Health expenditure and financing,I,ZAF,South Africa,A,Annual,EXP_HEALTH,Expenditure,PT_B1GQ,Percentage of GDP,_T,Total,_Z,Not application,_T,Total,_T,Total,_T,Total,_Z,Not applicable,_Z,Not applicable,_Z,Not applicable,2010,,7.794,,,,,,,,,,,,0,Units,1,One
DATAFLOW,OECD.ELS.HD:DSD_SHA@DF_SHA(1.1),Health expenditure and financing,I,ZAF,South Africa,A,Annual,EXP_HEALTH,Expenditure,PT_B1GQ,Percentage of GDP,_T,Total,_Z,Not application,_T,Total,_T,Total,_T,Total,_Z,Not applicable,_Z,Not applicable,_Z,Not applicable,2011,,7.944,,,,,,,,,,,,0,Units,1,One
DATAFLOW,OECD.ELS.HD:DSD_SHA@DF_SHA(1.1),Health expenditure and financing,I,ZAF,South Africa,A,Annual,EXP_HEALTH,Expenditure,PT_B1GQ,Percentage of GDP,_T,Total,_Z,Not application,_T,Total,_T,Total,_T,Total,_Z,Not applicable,_Z,Not applicable,_Z,Not applicable,2012,,8.004,,,,,,,,,,,,0,Units,1,One
DATAFLOW,OECD.ELS.HD:DSD_SHA@DF_SHA(1.1),Health expenditure and financing,I,ZAF,South Africa,A,Annual,EXP_HEALTH,Expenditure,PT_B1GQ,Percentage of GDP,_T,Total,_Z,Not application,_T,Total,_T,Total,_T,Total,_Z,Not applicable,_Z,Not applicable,_Z,Not applicable,2013,,8.103,,,,,,,,,,,,0,Units,1,One
DATAFLOW,OECD.ELS.HD:DSD_SHA@DF_SHA(1.1),Health expenditure and financing,I,ZAF,South Africa,A,Annual,EXP_HEALTH,Expenditure,PT_B1GQ,Percentage of GDP,_T,Total,_Z,Not application,_T,Total,_T,Total,_T,Total,_Z,Not applicable,_Z,Not applicable,_Z,Not applicable,2014,,7.871,,,,,,,,,,,,0,Units,1,One
DATAFLOW,OECD.ELS.HD:DSD_SHA@DF_SHA(1.1),Health expenditure and financing,I,ZAF,South Africa,A,Annual,EXP_HEALTH,Expenditure,PT_B1GQ,Percentage of GDP,_T,Total,_Z,Not application,_T,Total,_T,Total,_T,Total,_Z,Not applicable,_Z,Not applicable,_Z,Not applicable,2015,,8.053,,,,,,,,,,,,0,Units,1,One
DATAFLOW,OECD.ELS.HD:DSD_SHA@DF_SHA(1.1),Health expenditure and financing,I,ZAF,South Africa,A,Annual,EXP_HEALTH,Expenditure,PT_B1GQ,Percentage of GDP,_T,Total,_Z,Not application,_T,Total,_T,Total,_T,Total,_Z,Not applicable,_Z,Not applicable,_Z,Not applicable,2016,,8.08,,,,,,,,,,,,0,Units,1,One
DATAFLOW,OECD.ELS.HD:DSD_SHA@DF_SHA(1.1),Health expenditure and financing,I,ZAF,South Africa,A,Annual,EXP_HEALTH,Expenditure,PT_B1GQ,Percentage of GDP,_T,Total,_Z,Not application,_T,Total,_T,Total,_T,Total,_Z,Not applicable,_Z,Not applicable,_Z,Not applicable,2017,,7.977,,,,,,,,,,,,0,Units,1,One
DATAFLOW,OECD.ELS.HD:DSD_SHA@DF_SHA(1.1),Health expenditure and financing,I,ZAF,South Africa,A,Annual,EXP_HEALTH,Expenditure,PT_B1GQ,Percentage of GDP,_T,Total,_Z,Not application,_T,Total,_T,Total,_T,Total,_Z,Not applicable,_Z,Not applicable,_Z,Not applicable,2018,,8.082,,,,,,,,,,,,0,Units,1,One
DATAFLOW,OECD.ELS.HD:DSD_SHA@DF_SHA(1.1),Health expenditure and financing,I,ZAF,South Africa,A,Annual,EXP_HEALTH,Expenditure,PT_B1GQ,Percentage of GDP,_T,Total,_Z,Not application,_T,Total,_T,Total,_T,Total,_Z,Not applicable,_Z,Not applicable,_Z,Not applicable,2019,,8.247,,,,,,,,,,,,0,Units,1,One
DATAFLOW,OECD.ELS.HD:DSD_SHA@DF_SHA(1.1),Health expenditure and financing,I,ZAF,South Africa,A,Annual,EXP_HEALTH,Expenditure,PT_B1GQ,Percentage of GDP,_T,Total,_Z,Not application,_T,Total,_T,Total,_T,Total,_Z,Not applicable,_Z,Not applicable,_Z,Not applicable,2020,,9.022,,,,,,,,,,,,0,Units,1,One
DATAFLOW,OECD.ELS.HD:DSD_SHA@DF_SHA(1.1),Health expenditure and financing,I,ZAF,South Africa,A,Annual,EXP_HEALTH,Expenditure,PT_B1GQ,Percentage of GDP,_T,Total,_Z,Not application,_T,Total,_T,Total,_T,Total,_Z,Not applicable,_Z,Not applicable,_Z,Not applicable,2021,,8.683,,,,,,,,,,,,0,Units,1,One
DATAFLOW,OECD.ELS.HD:DSD_SHA@DF_SHA(1.1),Health expenditure and financing,I,ZAF,South Africa,A,Annual,EXP_HEALTH,Expenditure,PT_B1GQ,Percentage of GDP,_T,Total,_Z,Not application,_T,Total,_T,Total,_T,Total,_Z,Not applicable,_Z,Not applicable,_Z,Not applicable,2022,,8.731,,,,,,,,,,,,0,Units,1,One
DATAFLOW,OECD.ELS.HD:DSD_SHA@DF_SHA(1.1),Health expenditure and financing,I,ZAF,South Africa,A,Annual,EXP_HEALTH,Expenditure,PT_B1GQ,Percentage of GDP,_T,Total,_Z,Not application,_T,Total,_T,Total,_T,Total,_Z,Not applicable,_Z,Not applicable,_Z,Not applicable,2023,,8.892,,,,,,,,,,,,0,Units,1,One
DATAFLOW,OECD.ELS.HD:DSD_SHA@DF_SHA(1.1),Health expenditure and financing,I,UKR,Ukraine,A,Annual,EXP_HEALTH,Expenditure,PT_B1GQ,Percentage of GDP,_T,Total,_Z,Not application,_T,Total,_T,Total,_T,Total,_Z,Not applicable,_Z,Not applicable,_Z,Not applicable,2000,,5.3,,,,,,,,,,,,0,Units,1,One
DATAFLOW,OECD.ELS.HD:DSD_SHA@DF_SHA(1.1),Health expenditure and financing,I,UKR,Ukraine,A,Annual,EXP_HEALTH,Expenditure,PT_B1GQ,Percentage of GDP,_T,Total,_Z,Not application,_T,Total,_T,Total,_T,Total,_Z,Not applicable,_Z,Not applicable,_Z,Not applicable,2001,,5.515,,,,,,,,,,,,0,Units,1,One
DATAFLOW,OECD.ELS.HD:DSD_SHA@DF_SHA(1.1),Health expenditure and financing,I,UKR,Ukraine,A,Annual,EXP_HEALTH,Expenditure,PT_B1GQ,Percentage of GDP,_T,Total,_Z,Not application,_T,Total,_T,Total,_T,Total,_Z,Not applicable,_Z,Not applicable,_Z,Not applicable,2002,,5.772,,,,,,,,,,,,0,Units,1,One
DATAFLOW,OECD.ELS.HD:DSD_SHA@DF_SHA(1.1),Health expenditure and financing,I,UKR,Ukraine,A,Annual,EXP_HEALTH,Expenditure,PT_B1GQ,Percentage of GDP,_T,Total,_Z,Not application,_T,Total,_T,Total,_T,Total,_Z,Not applicable,_Z,Not applicable,_Z,Not applicable,2003,,6.305,,,,,,,,,,,,0,Units,1,One
DATAFLOW,OECD.ELS.HD:DSD_SHA@DF_SHA(1.1),Health expenditure and financing,I,UKR,Ukraine,A,Annual,EXP_HEALTH,Expenditure,PT_B1GQ,Percentage of GDP,_T,Total,_Z,Not application,_T,Total,_T,Total,_T,Total,_Z,Not applicable,_Z,Not applicable,_Z,Not applicable,2004,,5.942,,,,,,,,,,,,0,Units,1,One
DATAFLOW,OECD.ELS.HD:DSD_SHA@DF_SHA(1.1),Health expenditure and financing,I,UKR,Ukraine,A,Annual,EXP_HEALTH,Expenditure,PT_B1GQ,Percentage of GDP,_T,Total,_Z,Not application,_T,Total,_T,Total,_T,Total,_Z,Not applicable,_Z,Not applicable,_Z,Not applicable,2005,,6.113,,,,,,,,,,,,0,Units,1,One
DATAFLOW,OECD.ELS.HD:DSD_SHA@DF_SHA(1.1),Health expenditure and financing,I,UKR,Ukraine,A,Annual,EXP_HEALTH,Expenditure,PT_B1GQ,Percentage of GDP,_T,Total,_Z,Not application,_T,Total,_T,Total,_T,Total,_Z,Not applicable,_Z,Not applicable,_Z,Not applicable,2006,,6.181,,,,,,,,,,,,0,Units,1,One
DATAFLOW,OECD.ELS.HD:DSD_SHA@DF_SHA(1.1),Health expenditure and financing,I,UKR,Ukraine,A,Annual,EXP_HEALTH,Expenditure,PT_B1GQ,Percentage of GDP,_T,Total,_Z,Not application,_T,Total,_T,Total,_T,Total,_Z,Not applicable,_Z,Not applicable,_Z,Not applicable,2007,,5.796,,,,,,,,,,,,0,Units,1,One
DATAFLOW,OECD.ELS.HD:DSD_SHA@DF_SHA(1.1),Health expenditure and financing,I,UKR,Ukraine,A,Annual,EXP_HEALTH,Expenditure,PT_B1GQ,Percentage of GDP,_T,Total,_Z,Not application,_T,Total,_T,Total,_T,Total,_Z,Not applicable,_Z,Not applicable,_Z,Not applicable,2008,,5.295,,,,,,,,,,,,0,Units,1,One
DATAFLOW,OECD.ELS.HD:DSD_SHA@DF_SHA(1.1),Health expenditure and financing,I,UKR,Ukraine,A,Annual,EXP_HEALTH,Expenditure,PT_B1GQ,Percentage of GDP,_T,Total,_Z,Not application,_T,Total,_T,Total,_T,Total,_Z,Not applicable,_Z,Not applicable,_Z,Not applicable,2009,,6.367,,,,,,,,,,,,0,Units,1,One
DATAFLOW,OECD.ELS.HD:DSD_SHA@DF_SHA(1.1),Health expenditure and financing,I,UKR,Ukraine,A,Annual,EXP_HEALTH,Expenditure,PT_B1GQ,Percentage of GDP,_T,Total,_Z,Not application,_T,Total,_T,Total,_T,Total,_Z,Not applicable,_Z,Not applicable,_Z,Not applicable,2010,,6.814,,,,,,,,,,,,0,Units,1,One
DATAFLOW,OECD.ELS.HD:DSD_SHA@DF_SHA(1.1),Health expenditure and financing,I,UKR,Ukraine,A,Annual,EXP_HEALTH,Expenditure,PT_B1GQ,Percentage of GDP,_T,Total,_Z,Not application,_T,Total,_T,Total,_T,Total,_Z,Not applicable,_Z,Not applicable,_Z,Not applicable,2011,,6.817,,,,,,,,,,,,0,Units,1,One
DATAFLOW,OECD.ELS.HD:DSD_SHA@DF_SHA(1.1),Health expenditure and financing,I,UKR,Ukraine,A,Annual,EXP_HEALTH,Expenditure,PT_B1GQ,Percentage of GDP,_T,Total,_Z,Not application,_T,Total,_T,Total,_T,Total,_Z,Not applicable,_Z,Not applicable,_Z,Not applicable,2012,,7.118,,,,,,,,,,,,0,Units,1,One
DATAFLOW,OECD.ELS.HD:DSD_SHA@DF_SHA(1.1),Health expenditure and financing,I,UKR,Ukraine,A,Annual,EXP_HEALTH,Expenditure,PT_B1GQ,Percentage of GDP,_T,Total,_Z,Not application,_T,Total,_T,Total,_T,Total,_Z,Not applicable,_Z,Not applicable,_Z,Not applicable,2013,,6.944,,,,,,,,,,,,0,Units,1,One
DATAFLOW,OECD.ELS.HD:DSD_SHA@DF_SHA(1.1),Health expenditure and financing,I,UKR,Ukraine,A,Annual,EXP_HEALTH,Expenditure,PT_B1GQ,Percentage of GDP,_T,Total,_Z,Not application,_T,Total,_T,Total,_T,Total,_Z,Not applicable,_Z,Not applicable,_Z,Not applicable,2014,,7.195,,,,,,,,,,,,0,Units,1,One
DATAFLOW,OECD.ELS.HD:DSD_SHA@DF_SHA(1.1),Health expenditure and financing,I,UKR,Ukraine,A,Annual,EXP_HEALTH,Expenditure,PT_B1GQ,Percentage of GDP,_T,Total,_Z,Not application,_T,Total,_T,Total,_T,Total,_Z,Not applicable,_Z,Not applicable,_Z,Not applicable,2015,,7.784,,,,,,,,,,,,0,Units,1,One
DATAFLOW,OECD.ELS.HD:DSD_SHA@DF_SHA(1.1),Health expenditure and financing,I,UKR,Ukraine,A,Annual,EXP_HEALTH,Expenditure,PT_B1GQ,Percentage of GDP,_T,Total,_Z,Not application,_T,Total,_T,Total,_T,Total,_Z,Not applicable,_Z,Not applicable,_Z,Not applicable,2016,,7.552,,,,,,,,,,,,0,Units,1,One
DATAFLOW,OECD.ELS.HD:DSD_SHA@DF_SHA(1.1),Health expenditure and financing,I,UKR,Ukraine,A,Annual,EXP_HEALTH,Expenditure,PT_B1GQ,Percentage of GDP,_T,Total,_Z,Not application,_T,Total,_T,Total,_T,Total,_Z,Not applicable,_Z,Not applicable,_Z,Not applicable,2017,,7.446,,,,,,,,,,,,0,Units,1,One
DATAFLOW,OECD.ELS.HD:DSD_SHA@DF_SHA(1.1),Health expenditure and financing,I,UKR,Ukraine,A,Annual,EXP_HEALTH,Expenditure,PT_B1GQ,Percentage of GDP,_T,Total,_Z,Not application,_T,Total,_T,Total,_T,Total,_Z,Not applicable,_Z,Not applicable,_Z,Not applicable,2018,,7.521,,,,,,,,,,,,0,Units,1,One
DATAFLOW,OECD.ELS.HD:DSD_SHA@DF_SHA(1.1),Health expenditure and financing,I,UKR,Ukraine,A,Annual,EXP_HEALTH,Expenditure,PT_B1GQ,Percentage of GDP,_T,Total,_Z,Not application,_T,Total,_T,Total,_T,Total,_Z,Not applicable,_Z,Not applicable,_Z,Not applicable,2019,,7.094,,,,,,,,,,,,0,Units,1,One
DATAFLOW,OECD.ELS.HD:DSD_SHA@DF_SHA(1.1),Health expenditure and financing,I,UKR,Ukraine,A,Annual,EXP_HEALTH,Expenditure,PT_B1GQ,Percentage of GDP,_T,Total,_Z,Not application,_T,Total,_T,Total,_T,Total,_Z,Not applicable,_Z,Not applicable,_Z,Not applicable,2020,,7.562,,,,,,,,,,,,0,Units,1,One
DATAFLOW,OECD.ELS.HD:DSD_SHA@DF_SHA(1.1),Health expenditure and financing,I,UKR,Ukraine,A,Annual,EXP_HEALTH,Expenditure,PT_B1GQ,Percentage of GDP,_T,Total,_Z,Not application,_T,Total,_T,Total,_T,Total,_Z,Not applicable,_Z,Not applicable,_Z,Not applicable,2021,,8.203,,,,,,,,,,,,0,Units,1,One
DATAFLOW,OECD.ELS.HD:DSD_SHA@DF_SHA(1.1),Health expenditure and financing,I,ALB,Albania,A,Annual,EXP_HEALTH,Expenditure,PT_B1GQ,Percentage of GDP,_T,Total,_Z,Not application,_T,Total,_T,Total,_T,Total,_Z,Not applicable,_Z,Not applicable,_Z,Not applicable,2000,,5.771,,,,,,,,,,,,0,Units,1,One
DATAFLOW,OECD.ELS.HD:DSD_SHA@DF_SHA(1.1),Health expenditure and financing,I,ALB,Albania,A,Annual,EXP_HEALTH,Expenditure,PT_B1GQ,Percentage of GDP,_T,Total,_Z,Not application,_T,Total,_T,Total,_T,Total,_Z,Not applicable,_Z,Not applicable,_Z,Not applicable,2001,,5.726,,,,,,,,,,,,0,Units,1,One
DATAFLOW,OECD.ELS.HD:DSD_SHA@DF_SHA(1.1),Health expenditure and financing,I,ALB,Albania,A,Annual,EXP_HEALTH,Expenditure,PT_B1GQ,Percentage of GDP,_T,Total,_Z,Not application,_T,Total,_T,Total,_T,Total,_Z,Not applicable,_Z,Not applicable,_Z,Not applicable,2002,,5.455,,,,,,,,,,,,0,Units,1,One
DATAFLOW,OECD.ELS.HD:DSD_SHA@DF_SHA(1.1),Health expenditure and financing,I,ALB,Albania,A,Annual,EXP_HEALTH,Expenditure,PT_B1GQ,Percentage of GDP,_T,Total,_Z,Not application,_T,Total,_T,Total,_T,Total,_Z,Not applicable,_Z,Not applicable,_Z,Not applicable,2003,,5.718,,,,,,,,,,,,0,Units,1,One
DATAFLOW,OECD.ELS.HD:DSD_SHA@DF_SHA(1.1),Health expenditure and financing,I,ALB,Albania,A,Annual,EXP_HEALTH,Expenditure,PT_B1GQ,Percentage of GDP,_T,Total,_Z,Not application,_T,Total,_T,Total,_T,Total,_Z,Not applicable,_Z,Not applicable,_Z,Not applicable,2004,,5.717,,,,,,,,,,,,0,Units,1,One
DATAFLOW,OECD.ELS.HD:DSD_SHA@DF_SHA(1.1),Health expenditure and financing,I,ALB,Albania,A,Annual,EXP_HEALTH,Expenditure,PT_B1GQ,Percentage of GDP,_T,Total,_Z,Not application,_T,Total,_T,Total,_T,Total,_Z,Not applicable,_Z,Not applicable,_Z,Not applicable,2005,,5.588,,,,,,,,,,,,0,Units,1,One
DATAFLOW,OECD.ELS.HD:DSD_SHA@DF_SHA(1.1),Health expenditure and financing,I,ALB,Albania,A,Annual,EXP_HEALTH,Expenditure,PT_B1GQ,Percentage of GDP,_T,Total,_Z,Not application,_T,Total,_T,Total,_T,Total,_Z,Not applicable,_Z,Not applicable,_Z,Not applicable,2006,,5.475,,,,,,,,,,,,0,Units,1,One
DATAFLOW,OECD.ELS.HD:DSD_SHA@DF_SHA(1.1),Health expenditure and financing,I,ALB,Albania,A,Annual,EXP_HEALTH,Expenditure,PT_B1GQ,Percentage of GDP,_T,Total,_Z,Not application,_T,Total,_T,Total,_T,Total,_Z,Not applicable,_Z,Not applicable,_Z,Not applicable,2007,,5.692,,,,,,,,,,,,0,Units,1,One
DATAFLOW,OECD.ELS.HD:DSD_SHA@DF_SHA(1.1),Health expenditure and financing,I,ALB,Albania,A,Annual,EXP_HEALTH,Expenditure,PT_B1GQ,Percentage of GDP,_T,Total,_Z,Not application,_T,Total,_T,Total,_T,Total,_Z,Not applicable,_Z,Not applicable,_Z,Not applicable,2008,,5.352,,,,,,,,,,,,0,Units,1,One
DATAFLOW,OECD.ELS.HD:DSD_SHA@DF_SHA(1.1),Health expenditure and financing,I,ALB,Albania,A,Annual,EXP_HEALTH,Expenditure,PT_B1GQ,Percentage of GDP,_T,Total,_Z,Not application,_T,Total,_T,Total,_T,Total,_Z,Not applicable,_Z,Not applicable,_Z,Not applicable,2009,,5.688,,,,,,,,,,,,0,Units,1,One
DATAFLOW,OECD.ELS.HD:DSD_SHA@DF_SHA(1.1),Health expenditure and financing,I,ALB,Albania,A,Annual,EXP_HEALTH,Expenditure,PT_B1GQ,Percentage of GDP,_T,Total,_Z,Not application,_T,Total,_T,Total,_T,Total,_Z,Not applicable,_Z,Not applicable,_Z,Not applicable,2010,,6.154,,,,,,,,,,,,0,Units,1,One
DATAFLOW,OECD.ELS.HD:DSD_SHA@DF_SHA(1.1),Health expenditure and financing,I,ALB,Albania,A,Annual,EXP_HEALTH,Expenditure,PT_B1GQ,Percentage of GDP,_T,Total,_Z,Not application,_T,Total,_T,Total,_T,Total,_Z,Not applicable,_Z,Not applicable,_Z,Not applicable,2011,,6.143,,,,,,,,,,,,0,Units,1,One
DATAFLOW,OECD.ELS.HD:DSD_SHA@DF_SHA(1.1),Health expenditure and financing,I,ALB,Albania,A,Annual,EXP_HEALTH,Expenditure,PT_B1GQ,Percentage of GDP,_T,Total,_Z,Not application,_T,Total,_T,Total,_T,Total,_Z,Not applicable,_Z,Not applicable,_Z,Not applicable,2012,,6.194,,,,,,,,,,,,0,Units,1,One
DATAFLOW,OECD.ELS.HD:DSD_SHA@DF_SHA(1.1),Health expenditure and financing,I,ALB,Albania,A,Annual,EXP_HEALTH,Expenditure,PT_B1GQ,Percentage of GDP,_T,Total,_Z,Not application,_T,Total,_T,Total,_T,Total,_Z,Not applicable,_Z,Not applicable,_Z,Not applicable,2013,,6.273,,,,,,,,,,,,0,Units,1,One
DATAFLOW,OECD.ELS.HD:DSD_SHA@DF_SHA(1.1),Health expenditure and financing,I,ALB,Albania,A,Annual,EXP_HEALTH,Expenditure,PT_B1GQ,Percentage of GDP,_T,Total,_Z,Not application,_T,Total,_T,Total,_T,Total,_Z,Not applicable,_Z,Not applicable,_Z,Not applicable,2014,,6.402,,,,,,,,,,,,0,Units,1,One
DATAFLOW,OECD.ELS.HD:DSD_SHA@DF_SHA(1.1),Health expenditure and financing,I,ALB,Albania,A,Annual,EXP_HEALTH,Expenditure,PT_B1GQ,Percentage of GDP,_T,Total,_Z,Not application,_T,Total,_T,Total,_T,Total,_Z,Not applicable,_Z,Not applicable,_Z,Not applicable,2015,,6.417,,,,,,,,,,,,0,Units,1,One
DATAFLOW,OECD.ELS.HD:DSD_SHA@DF_SHA(1.1),Health expenditure and financing,I,ALB,Albania,A,Annual,EXP_HEALTH,Expenditure,PT_B1GQ,Percentage of GDP,_T,Total,_Z,Not application,_T,Total,_T,Total,_T,Total,_Z,Not applicable,_Z,Not applicable,_Z,Not applicable,2016,,6.658,,,,,,,,,,,,0,Units,1,One
DATAFLOW,OECD.ELS.HD:DSD_SHA@DF_SHA(1.1),Health expenditure and financing,I,ALB,Albania,A,Annual,EXP_HEALTH,Expenditure,PT_B1GQ,Percentage of GDP,_T,Total,_Z,Not application,_T,Total,_T,Total,_T,Total,_Z,Not applicable,_Z,Not applicable,_Z,Not applicable,2017,,6.46,,,,,,,,,,,,0,Units,1,One
DATAFLOW,OECD.ELS.HD:DSD_SHA@DF_SHA(1.1),Health expenditure and financing,I,ALB,Albania,A,Annual,EXP_HEALTH,Expenditure,PT_B1GQ,Percentage of GDP,_T,Total,_Z,Not application,_T,Total,_T,Total,_T,Total,_Z,Not applicable,_Z,Not applicable,_Z,Not applicable,2018,,6.572,,,,,,,,,,,,0,Units,1,One
DATAFLOW,OECD.ELS.HD:DSD_SHA@DF_SHA(1.1),Health expenditure and financing,I,ALB,Albania,A,Annual,EXP_HEALTH,Expenditure,PT_B1GQ,Percentage of GDP,_T,Total,_Z,Not application,_T,Total,_T,Total,_T,Total,_Z,Not applicable,_Z,Not applicable,_Z,Not applicable,2019,,6.781,,,,,,,,,,,,0,Units,1,One
DATAFLOW,OECD.ELS.HD:DSD_SHA@DF_SHA(1.1),Health expenditure and financing,I,ALB,Albania,A,Annual,EXP_HEALTH,Expenditure,PT_B1GQ,Percentage of GDP,_T,Total,_Z,Not application,_T,Total,_T,Total,_T,Total,_Z,Not applicable,_Z,Not applicable,_Z,Not applicable,2020,,7.465,,,,,,,,,,,,0,Units,1,One
DATAFLOW,OECD.ELS.HD:DSD_SHA@DF_SHA(1.1),Health expenditure and financing,I,ALB,Albania,A,Annual,EXP_HEALTH,Expenditure,PT_B1GQ,Percentage of GDP,_T,Total,_Z,Not application,_T,Total,_T,Total,_T,Total,_Z,Not applicable,_Z,Not applicable,_Z,Not applicable,2021,,7.358,,,,,,,,,,,,0,Units,1,One
DATAFLOW,OECD.ELS.HD:DSD_SHA@DF_SHA(1.1),Health expenditure and financing,I,ALB,Albania,A,Annual,EXP_HEALTH,Expenditure,PT_B1GQ,Percentage of GDP,_T,Total,_Z,Not application,_T,Total,_T,Total,_T,Total,_Z,Not applicable,_Z,Not applicable,_Z,Not applicable,2023,,7.069,,,,,,,,,,,,0,Units,1,One
DATAFLOW,OECD.ELS.HD:DSD_SHA@DF_SHA(1.1),Health expenditure and financing,I,ARG,Argentina,A,Annual,EXP_HEALTH,Expenditure,PT_B1GQ,Percentage of GDP,_T,Total,_Z,Not application,_T,Total,_T,Total,_T,Total,_Z,Not applicable,_Z,Not applicable,_Z,Not applicable,2000,,8.22,,,,,,,,,,,,0,Units,1,One
DATAFLOW,OECD.ELS.HD:DSD_SHA@DF_SHA(1.1),Health expenditure and financing,I,ARG,Argentina,A,Annual,EXP_HEALTH,Expenditure,PT_B1GQ,Percentage of GDP,_T,Total,_Z,Not application,_T,Total,_T,Total,_T,Total,_Z,Not applicable,_Z,Not applicable,_Z,Not applicable,2001,,8.27,,,,,,,,,,,,0,Units,1,One
DATAFLOW,OECD.ELS.HD:DSD_SHA@DF_SHA(1.1),Health expenditure and financing,I,ARG,Argentina,A,Annual,EXP_HEALTH,Expenditure,PT_B1GQ,Percentage of GDP,_T,Total,_Z,Not application,_T,Total,_T,Total,_T,Total,_Z,Not applicable,_Z,Not applicable,_Z,Not applicable,2002,,7.332,,,,,,,,,,,,0,Units,1,One
DATAFLOW,OECD.ELS.HD:DSD_SHA@DF_SHA(1.1),Health expenditure and financing,I,ARG,Argentina,A,Annual,EXP_HEALTH,Expenditure,PT_B1GQ,Percentage of GDP,_T,Total,_Z,Not application,_T,Total,_T,Total,_T,Total,_Z,Not applicable,_Z,Not applicable,_Z,Not applicable,2003,,6.927,,,,,,,,,,,,0,Units,1,One
DATAFLOW,OECD.ELS.HD:DSD_SHA@DF_SHA(1.1),Health expenditure and financing,I,ARG,Argentina,A,Annual,EXP_HEALTH,Expenditure,PT_B1GQ,Percentage of GDP,_T,Total,_Z,Not application,_T,Total,_T,Total,_T,Total,_Z,Not applicable,_Z,Not applicable,_Z,Not applicable,2004,,7.095,,,,,,,,,,,,0,Units,1,One
DATAFLOW,OECD.ELS.HD:DSD_SHA@DF_SHA(1.1),Health expenditure and financing,I,ARG,Argentina,A,Annual,EXP_HEALTH,Expenditure,PT_B1GQ,Percentage of GDP,_T,Total,_Z,Not application,_T,Total,_T,Total,_T,Total,_Z,Not applicable,_Z,Not applicable,_Z,Not applicable,2005,,7.734,,,,,,,,,,,,0,Units,1,One
DATAFLOW,OECD.ELS.HD:DSD_SHA@DF_SHA(1.1),Health expenditure and financing,I,ARG,Argentina,A,Annual,EXP_HEALTH,Expenditure,PT_B1GQ,Percentage of GDP,_T,Total,_Z,Not application,_T,Total,_T,Total,_T,Total,_Z,Not applicable,_Z,Not applicable,_Z,Not applicable,2006,,7.709,,,,,,,,,,,,0,Units,1,One
DATAFLOW,OECD.ELS.HD:DSD_SHA@DF_SHA(1.1),Health expenditure and financing,I,ARG,Argentina,A,Annual,EXP_HEALTH,Expenditure,PT_B1GQ,Percentage of GDP,_T,Total,_Z,Not application,_T,Total,_T,Total,_T,Total,_Z,Not applicable,_Z,Not applicable,_Z,Not applicable,2007,,7.862,,,,,,,,,,,,0,Units,1,One
DATAFLOW,OECD.ELS.HD:DSD_SHA@DF_SHA(1.1),Health expenditure and financing,I,ARG,Argentina,A,Annual,EXP_HEALTH,Expenditure,PT_B1GQ,Percentage of GDP,_T,Total,_Z,Not application,_T,Total,_T,Total,_T,Total,_Z,Not applicable,_Z,Not applicable,_Z,Not applicable,2008,,8.241,,,,,,,,,,,,0,Units,1,One
DATAFLOW,OECD.ELS.HD:DSD_SHA@DF_SHA(1.1),Health expenditure and financing,I,ARG,Argentina,A,Annual,EXP_HEALTH,Expenditure,PT_B1GQ,Percentage of GDP,_T,Total,_Z,Not application,_T,Total,_T,Total,_T,Total,_Z,Not applicable,_Z,Not applicable,_Z,Not applicable,2009,,9.569,,,,,,,,,,,,0,Units,1,One
DATAFLOW,OECD.ELS.HD:DSD_SHA@DF_SHA(1.1),Health expenditure and financing,I,ARG,Argentina,A,Annual,EXP_HEALTH,Expenditure,PT_B1GQ,Percentage of GDP,_T,Total,_Z,Not application,_T,Total,_T,Total,_T,Total,_Z,Not applicable,_Z,Not applicable,_Z,Not applicable,2010,,9.485,,,,,,,,,,,,0,Units,1,One
DATAFLOW,OECD.ELS.HD:DSD_SHA@DF_SHA(1.1),Health expenditure and financing,I,ARG,Argentina,A,Annual,EXP_HEALTH,Expenditure,PT_B1GQ,Percentage of GDP,_T,Total,_Z,Not application,_T,Total,_T,Total,_T,Total,_Z,Not applicable,_Z,Not applicable,_Z,Not applicable,2011,,9.51,,,,,,,,,,,,0,Units,1,One
DATAFLOW,OECD.ELS.HD:DSD_SHA@DF_SHA(1.1),Health expenditure and financing,I,ARG,Argentina,A,Annual,EXP_HEALTH,Expenditure,PT_B1GQ,Percentage of GDP,_T,Total,_Z,Not application,_T,Total,_T,Total,_T,Total,_Z,Not applicable,_Z,Not applicable,_Z,Not applicable,2012,,9.885,,,,,,,,,,,,0,Units,1,One
DATAFLOW,OECD.ELS.HD:DSD_SHA@DF_SHA(1.1),Health expenditure and financing,I,ARG,Argentina,A,Annual,EXP_HEALTH,Expenditure,PT_B1GQ,Percentage of GDP,_T,Total,_Z,Not application,_T,Total,_T,Total,_T,Total,_Z,Not applicable,_Z,Not applicable,_Z,Not applicable,2013,,9.921,,,,,,,,,,,,0,Units,1,One
DATAFLOW,OECD.ELS.HD:DSD_SHA@DF_SHA(1.1),Health expenditure and financing,I,ARG,Argentina,A,Annual,EXP_HEALTH,Expenditure,PT_B1GQ,Percentage of GDP,_T,Total,_Z,Not application,_T,Total,_T,Total,_T,Total,_Z,Not applicable,_Z,Not applicable,_Z,Not applicable,2014,,9.798,,,,,,,,,,,,0,Units,1,One
DATAFLOW,OECD.ELS.HD:DSD_SHA@DF_SHA(1.1),Health expenditure and financing,I,ARG,Argentina,A,Annual,EXP_HEALTH,Expenditure,PT_B1GQ,Percentage of GDP,_T,Total,_Z,Not application,_T,Total,_T,Total,_T,Total,_Z,Not applicable,_Z,Not applicable,_Z,Not applicable,2015,,10.274,,,,,,,,,,,,0,Units,1,One
DATAFLOW,OECD.ELS.HD:DSD_SHA@DF_SHA(1.1),Health expenditure and financing,I,ARG,Argentina,A,Annual,EXP_HEALTH,Expenditure,PT_B1GQ,Percentage of GDP,_T,Total,_Z,Not application,_T,Total,_T,Total,_T,Total,_Z,Not applicable,_Z,Not applicable,_Z,Not applicable,2016,,10.054,,,,,,,,,,,,0,Units,1,One
DATAFLOW,OECD.ELS.HD:DSD_SHA@DF_SHA(1.1),Health expenditure and financing,I,ARG,Argentina,A,Annual,EXP_HEALTH,Expenditure,PT_B1GQ,Percentage of GDP,_T,Total,_Z,Not application,_T,Total,_T,Total,_T,Total,_Z,Not applicable,_Z,Not applicable,_Z,Not applicable,2017,,10.272,,,,,,,,,,,,0,Units,1,One
DATAFLOW,OECD.ELS.HD:DSD_SHA@DF_SHA(1.1),Health expenditure and financing,I,ARG,Argentina,A,Annual,EXP_HEALTH,Expenditure,PT_B1GQ,Percentage of GDP,_T,Total,_Z,Not application,_T,Total,_T,Total,_T,Total,_Z,Not applicable,_Z,Not applicable,_Z,Not applicable,2018,,10.315,,,,,,,,,,,,0,Units,1,One
DATAFLOW,OECD.ELS.HD:DSD_SHA@DF_SHA(1.1),Health expenditure and financing,I,ARG,Argentina,A,Annual,EXP_HEALTH,Expenditure,PT_B1GQ,Percentage of GDP,_T,Total,_Z,Not application,_T,Total,_T,Total,_T,Total,_Z,Not applicable,_Z,Not applicable,_Z,Not applicable,2019,,10.123,,,,,,,,,,,,0,Units,1,One
DATAFLOW,OECD.ELS.HD:DSD_SHA@DF_SHA(1.1),Health expenditure and financing,I,ARG,Argentina,A,Annual,EXP_HEALTH,Expenditure,PT_B1GQ,Percentage of GDP,_T,Total,_Z,Not application,_T,Total,_T,Total,_T,Total,_Z,Not applicable,_Z,Not applicable,_Z,Not applicable,2020,,10.739,,,,,,,,,,,,0,Units,1,One
DATAFLOW,OECD.ELS.HD:DSD_SHA@DF_SHA(1.1),Health expenditure and financing,I,ARG,Argentina,A,Annual,EXP_HEALTH,Expenditure,PT_B1GQ,Percentage of GDP,_T,Total,_Z,Not application,_T,Total,_T,Total,_T,Total,_Z,Not applicable,_Z,Not applicable,_Z,Not applicable,2021,,11.061,,,,,,,,,,,,0,Units,1,One
DATAFLOW,OECD.ELS.HD:DSD_SHA@DF_SHA(1.1),Health expenditure and financing,I,ARG,Argentina,A,Annual,EXP_HEALTH,Expenditure,PT_B1GQ,Percentage of GDP,_T,Total,_Z,Not application,_T,Total,_T,Total,_T,Total,_Z,Not applicable,_Z,Not applicable,_Z,Not applicable,2022,,10.476,,,,,,,,,,,,0,Units,1,One
DATAFLOW,OECD.ELS.HD:DSD_SHA@DF_SHA(1.1),Health expenditure and financing,I,ARG,Argentina,A,Annual,EXP_HEALTH,Expenditure,PT_B1GQ,Percentage of GDP,_T,Total,_Z,Not application,_T,Total,_T,Total,_T,Total,_Z,Not applicable,_Z,Not applicable,_Z,Not applicable,2023,,10.337,,,,,,,,,,,,0,Units,1,One
DATAFLOW,OECD.ELS.HD:DSD_SHA@DF_SHA(1.1),Health expenditure and financing,I,SRB,Serbia,A,Annual,EXP_HEALTH,Expenditure,PT_B1GQ,Percentage of GDP,_T,Total,_Z,Not application,_T,Total,_T,Total,_T,Total,_Z,Not applicable,_Z,Not applicable,_Z,Not applicable,2000,,5.808,,,,,,,,,,,,0,Units,1,One
DATAFLOW,OECD.ELS.HD:DSD_SHA@DF_SHA(1.1),Health expenditure and financing,I,SRB,Serbia,A,Annual,EXP_HEALTH,Expenditure,PT_B1GQ,Percentage of GDP,_T,Total,_Z,Not application,_T,Total,_T,Total,_T,Total,_Z,Not applicable,_Z,Not applicable,_Z,Not applicable,2001,,6.192,,,,,,,,,,,,0,Units,1,One
DATAFLOW,OECD.ELS.HD:DSD_SHA@DF_SHA(1.1),Health expenditure and financing,I,SRB,Serbia,A,Annual,EXP_HEALTH,Expenditure,PT_B1GQ,Percentage of GDP,_T,Total,_Z,Not application,_T,Total,_T,Total,_T,Total,_Z,Not applicable,_Z,Not applicable,_Z,Not applicable,2002,,7.25,,,,,,,,,,,,0,Units,1,One
DATAFLOW,OECD.ELS.HD:DSD_SHA@DF_SHA(1.1),Health expenditure and financing,I,SRB,Serbia,A,Annual,EXP_HEALTH,Expenditure,PT_B1GQ,Percentage of GDP,_T,Total,_Z,Not application,_T,Total,_T,Total,_T,Total,_Z,Not applicable,_Z,Not applicable,_Z,Not applicable,2003,,7.306,,,,,,,,,,,,0,Units,1,One
DATAFLOW,OECD.ELS.HD:DSD_SHA@DF_SHA(1.1),Health expenditure and financing,I,SRB,Serbia,A,Annual,EXP_HEALTH,Expenditure,PT_B1GQ,Percentage of GDP,_T,Total,_Z,Not application,_T,Total,_T,Total,_T,Total,_Z,Not applicable,_Z,Not applicable,_Z,Not applicable,2004,,7.636,,,,,,,,,,,,0,Units,1,One
DATAFLOW,OECD.ELS.HD:DSD_SHA@DF_SHA(1.1),Health expenditure and financing,I,SRB,Serbia,A,Annual,EXP_HEALTH,Expenditure,PT_B1GQ,Percentage of GDP,_T,Total,_Z,Not application,_T,Total,_T,Total,_T,Total,_Z,Not applicable,_Z,Not applicable,_Z,Not applicable,2005,,8.093,,,,,,,,,,,,0,Units,1,One
DATAFLOW,OECD.ELS.HD:DSD_SHA@DF_SHA(1.1),Health expenditure and financing,I,SRB,Serbia,A,Annual,EXP_HEALTH,Expenditure,PT_B1GQ,Percentage of GDP,_T,Total,_Z,Not application,_T,Total,_T,Total,_T,Total,_Z,Not applicable,_Z,Not applicable,_Z,Not applicable,2006,,8.286,,,,,,,,,,,,0,Units,1,One
DATAFLOW,OECD.ELS.HD:DSD_SHA@DF_SHA(1.1),Health expenditure and financing,I,SRB,Serbia,A,Annual,EXP_HEALTH,Expenditure,PT_B1GQ,Percentage of GDP,_T,Total,_Z,Not application,_T,Total,_T,Total,_T,Total,_Z,Not applicable,_Z,Not applicable,_Z,Not applicable,2007,,9.018,,,,,,,,,,,,0,Units,1,One
DATAFLOW,OECD.ELS.HD:DSD_SHA@DF_SHA(1.1),Health expenditure and financing,I,SRB,Serbia,A,Annual,EXP_HEALTH,Expenditure,PT_B1GQ,Percentage of GDP,_T,Total,_Z,Not application,_T,Total,_T,Total,_T,Total,_Z,Not applicable,_Z,Not applicable,_Z,Not applicable,2008,,9.128,,,,,,,,,,,,0,Units,1,One
DATAFLOW,OECD.ELS.HD:DSD_SHA@DF_SHA(1.1),Health expenditure and financing,I,SRB,Serbia,A,Annual,EXP_HEALTH,Expenditure,PT_B1GQ,Percentage of GDP,_T,Total,_Z,Not application,_T,Total,_T,Total,_T,Total,_Z,Not applicable,_Z,Not applicable,_Z,Not applicable,2009,,8.989,,,,,,,,,,,,0,Units,1,One
DATAFLOW,OECD.ELS.HD:DSD_SHA@DF_SHA(1.1),Health expenditure and financing,I,SRB,Serbia,A,Annual,EXP_HEALTH,Expenditure,PT_B1GQ,Percentage of GDP,_T,Total,_Z,Not application,_T,Total,_T,Total,_T,Total,_Z,Not applicable,_Z,Not applicable,_Z,Not applicable,2010,,9.152,,,,,,,,,,,,0,Units,1,One
DATAFLOW,OECD.ELS.HD:DSD_SHA@DF_SHA(1.1),Health expenditure and financing,I,SRB,Serbia,A,Annual,EXP_HEALTH,Expenditure,PT_B1GQ,Percentage of GDP,_T,Total,_Z,Not application,_T,Total,_T,Total,_T,Total,_Z,Not applicable,_Z,Not applicable,_Z,Not applicable,2011,,8.759,,,,,,,,,,,,0,Units,1,One
DATAFLOW,OECD.ELS.HD:DSD_SHA@DF_SHA(1.1),Health expenditure and financing,I,SRB,Serbia,A,Annual,EXP_HEALTH,Expenditure,PT_B1GQ,Percentage of GDP,_T,Total,_Z,Not application,_T,Total,_T,Total,_T,Total,_Z,Not applicable,_Z,Not applicable,_Z,Not applicable,2012,,8.957,,,,,,,,,,,,0,Units,1,One
DATAFLOW,OECD.ELS.HD:DSD_SHA@DF_SHA(1.1),Health expenditure and financing,I,SRB,Serbia,A,Annual,EXP_HEALTH,Expenditure,PT_B1GQ,Percentage of GDP,_T,Total,_Z,Not application,_T,Total,_T,Total,_T,Total,_Z,Not applicable,_Z,Not applicable,_Z,Not applicable,2013,,8.932,,,,,,,,,,,,0,Units,1,One
DATAFLOW,OECD.ELS.HD:DSD_SHA@DF_SHA(1.1),Health expenditure and financing,I,SRB,Serbia,A,Annual,EXP_HEALTH,Expenditure,PT_B1GQ,Percentage of GDP,_T,Total,_Z,Not application,_T,Total,_T,Total,_T,Total,_Z,Not applicable,_Z,Not applicable,_Z,Not applicable,2014,,8.86,,,,,,,,,,,,0,Units,1,One
DATAFLOW,OECD.ELS.HD:DSD_SHA@DF_SHA(1.1),Health expenditure and financing,I,SRB,Serbia,A,Annual,EXP_HEALTH,Expenditure,PT_B1GQ,Percentage of GDP,_T,Total,_Z,Not application,_T,Total,_T,Total,_T,Total,_Z,Not applicable,_Z,Not applicable,_Z,Not applicable,2015,,8.463,,,,,,,,,,,,0,Units,1,One
DATAFLOW,OECD.ELS.HD:DSD_SHA@DF_SHA(1.1),Health expenditure and financing,I,SRB,Serbia,A,Annual,EXP_HEALTH,Expenditure,PT_B1GQ,Percentage of GDP,_T,Total,_Z,Not application,_T,Total,_T,Total,_T,Total,_Z,Not applicable,_Z,Not applicable,_Z,Not applicable,2016,,8.152,,,,,,,,,,,,0,Units,1,One
DATAFLOW,OECD.ELS.HD:DSD_SHA@DF_SHA(1.1),Health expenditure and financing,I,SRB,Serbia,A,Annual,EXP_HEALTH,Expenditure,PT_B1GQ,Percentage of GDP,_T,Total,_Z,Not application,_T,Total,_T,Total,_T,Total,_Z,Not applicable,_Z,Not applicable,_Z,Not applicable,2017,,7.9,,,,,,,,,,,,0,Units,1,One
DATAFLOW,OECD.ELS.HD:DSD_SHA@DF_SHA(1.1),Health expenditure and financing,I,SRB,Serbia,A,Annual,EXP_HEALTH,Expenditure,PT_B1GQ,Percentage of GDP,_T,Total,_Z,Not application,_T,Total,_T,Total,_T,Total,_Z,Not applicable,_Z,Not applicable,_Z,Not applicable,2018,,8.185,,,,,,,,,,,,0,Units,1,One
DATAFLOW,OECD.ELS.HD:DSD_SHA@DF_SHA(1.1),Health expenditure and financing,I,SRB,Serbia,A,Annual,EXP_HEALTH,Expenditure,PT_B1GQ,Percentage of GDP,_T,Total,_Z,Not application,_T,Total,_T,Total,_T,Total,_Z,Not applicable,_Z,Not applicable,_Z,Not applicable,2019,,8.288,,,,,,,,,,,,0,Units,1,One
DATAFLOW,OECD.ELS.HD:DSD_SHA@DF_SHA(1.1),Health expenditure and financing,I,SRB,Serbia,A,Annual,EXP_HEALTH,Expenditure,PT_B1GQ,Percentage of GDP,_T,Total,_Z,Not application,_T,Total,_T,Total,_T,Total,_Z,Not applicable,_Z,Not applicable,_Z,Not applicable,2020,,8.306,,,,,,,,,,,,0,Units,1,One
DATAFLOW,OECD.ELS.HD:DSD_SHA@DF_SHA(1.1),Health expenditure and financing,I,SRB,Serbia,A,Annual,EXP_HEALTH,Expenditure,PT_B1GQ,Percentage of GDP,_T,Total,_Z,Not application,_T,Total,_T,Total,_T,Total,_Z,Not applicable,_Z,Not applicable,_Z,Not applicable,2022,,8.582,,,,,,,,,,,,0,Units,1,One
DATAFLOW,OECD.ELS.HD:DSD_SHA@DF_SHA(1.1),Health expenditure and financing,I,SRB,Serbia,A,Annual,EXP_HEALTH,Expenditure,PT_B1GQ,Percentage of GDP,_T,Total,_Z,Not application,_T,Total,_T,Total,_T,Total,_Z,Not applicable,_Z,Not applicable,_Z,Not applicable,2023,,8.031,,,,,,,,,,,,0,Units,1,One
DATAFLOW,OECD.ELS.HD:DSD_SHA@DF_SHA(1.1),Health expenditure and financing,I,BIH,Bosnia and Herzegovina,A,Annual,EXP_HEALTH,Expenditure,PT_B1GQ,Percentage of GDP,_T,Total,_Z,Not application,_T,Total,_T,Total,_T,Total,_Z,Not applicable,_Z,Not applicable,_Z,Not applicable,2000,,7.963,,,,,,,,,,,,0,Units,1,One
DATAFLOW,OECD.ELS.HD:DSD_SHA@DF_SHA(1.1),Health expenditure and financing,I,BIH,Bosnia and Herzegovina,A,Annual,EXP_HEALTH,Expenditure,PT_B1GQ,Percentage of GDP,_T,Total,_Z,Not application,_T,Total,_T,Total,_T,Total,_Z,Not applicable,_Z,Not applicable,_Z,Not applicable,2001,,7.573,,,,,,,,,,,,0,Units,1,One
DATAFLOW,OECD.ELS.HD:DSD_SHA@DF_SHA(1.1),Health expenditure and financing,I,BIH,Bosnia and Herzegovina,A,Annual,EXP_HEALTH,Expenditure,PT_B1GQ,Percentage of GDP,_T,Total,_Z,Not application,_T,Total,_T,Total,_T,Total,_Z,Not applicable,_Z,Not applicable,_Z,Not applicable,2002,,7.399,,,,,,,,,,,,0,Units,1,One
DATAFLOW,OECD.ELS.HD:DSD_SHA@DF_SHA(1.1),Health expenditure and financing,I,BIH,Bosnia and Herzegovina,A,Annual,EXP_HEALTH,Expenditure,PT_B1GQ,Percentage of GDP,_T,Total,_Z,Not application,_T,Total,_T,Total,_T,Total,_Z,Not applicable,_Z,Not applicable,_Z,Not applicable,2003,,8.281,,,,,,,,,,,,0,Units,1,One
DATAFLOW,OECD.ELS.HD:DSD_SHA@DF_SHA(1.1),Health expenditure and financing,I,BIH,Bosnia and Herzegovina,A,Annual,EXP_HEALTH,Expenditure,PT_B1GQ,Percentage of GDP,_T,Total,_Z,Not application,_T,Total,_T,Total,_T,Total,_Z,Not applicable,_Z,Not applicable,_Z,Not applicable,2004,,9.063,,,,,,,,,,,,0,Units,1,One
DATAFLOW,OECD.ELS.HD:DSD_SHA@DF_SHA(1.1),Health expenditure and financing,I,BIH,Bosnia and Herzegovina,A,Annual,EXP_HEALTH,Expenditure,PT_B1GQ,Percentage of GDP,_T,Total,_Z,Not application,_T,Total,_T,Total,_T,Total,_Z,Not applicable,_Z,Not applicable,_Z,Not applicable,2005,,8.82,,,,,,,,,,,,0,Units,1,One
DATAFLOW,OECD.ELS.HD:DSD_SHA@DF_SHA(1.1),Health expenditure and financing,I,BIH,Bosnia and Herzegovina,A,Annual,EXP_HEALTH,Expenditure,PT_B1GQ,Percentage of GDP,_T,Total,_Z,Not application,_T,Total,_T,Total,_T,Total,_Z,Not applicable,_Z,Not applicable,_Z,Not applicable,2006,,8.884,,,,,,,,,,,,0,Units,1,One
DATAFLOW,OECD.ELS.HD:DSD_SHA@DF_SHA(1.1),Health expenditure and financing,I,BIH,Bosnia and Herzegovina,A,Annual,EXP_HEALTH,Expenditure,PT_B1GQ,Percentage of GDP,_T,Total,_Z,Not application,_T,Total,_T,Total,_T,Total,_Z,Not applicable,_Z,Not applicable,_Z,Not applicable,2007,,9.255,,,,,,,,,,,,0,Units,1,One
DATAFLOW,OECD.ELS.HD:DSD_SHA@DF_SHA(1.1),Health expenditure and financing,I,BIH,Bosnia and Herzegovina,A,Annual,EXP_HEALTH,Expenditure,PT_B1GQ,Percentage of GDP,_T,Total,_Z,Not application,_T,Total,_T,Total,_T,Total,_Z,Not applicable,_Z,Not applicable,_Z,Not applicable,2008,,9.486,,,,,,,,,,,,0,Units,1,One
DATAFLOW,OECD.ELS.HD:DSD_SHA@DF_SHA(1.1),Health expenditure and financing,I,BIH,Bosnia and Herzegovina,A,Annual,EXP_HEALTH,Expenditure,PT_B1GQ,Percentage of GDP,_T,Total,_Z,Not application,_T,Total,_T,Total,_T,Total,_Z,Not applicable,_Z,Not applicable,_Z,Not applicable,2009,,9.015,,,,,,,,,,,,0,Units,1,One
DATAFLOW,OECD.ELS.HD:DSD_SHA@DF_SHA(1.1),Health expenditure and financing,I,BIH,Bosnia and Herzegovina,A,Annual,EXP_HEALTH,Expenditure,PT_B1GQ,Percentage of GDP,_T,Total,_Z,Not application,_T,Total,_T,Total,_T,Total,_Z,Not applicable,_Z,Not applicable,_Z,Not applicable,2010,,9.012,,,,,,,,,,,,0,Units,1,One
DATAFLOW,OECD.ELS.HD:DSD_SHA@DF_SHA(1.1),Health expenditure and financing,I,BIH,Bosnia and Herzegovina,A,Annual,EXP_HEALTH,Expenditure,PT_B1GQ,Percentage of GDP,_T,Total,_Z,Not application,_T,Total,_T,Total,_T,Total,_Z,Not applicable,_Z,Not applicable,_Z,Not applicable,2011,,9.171,,,,,,,,,,,,0,Units,1,One
DATAFLOW,OECD.ELS.HD:DSD_SHA@DF_SHA(1.1),Health expenditure and financing,I,BIH,Bosnia and Herzegovina,A,Annual,EXP_HEALTH,Expenditure,PT_B1GQ,Percentage of GDP,_T,Total,_Z,Not application,_T,Total,_T,Total,_T,Total,_Z,Not applicable,_Z,Not applicable,_Z,Not applicable,2012,,9.479,,,,,,,,,,,,0,Units,1,One
DATAFLOW,OECD.ELS.HD:DSD_SHA@DF_SHA(1.1),Health expenditure and financing,I,BIH,Bosnia and Herzegovina,A,Annual,EXP_HEALTH,Expenditure,PT_B1GQ,Percentage of GDP,_T,Total,_Z,Not application,_T,Total,_T,Total,_T,Total,_Z,Not applicable,_Z,Not applicable,_Z,Not applicable,2013,,9.436,,,,,,,,,,,,0,Units,1,One
DATAFLOW,OECD.ELS.HD:DSD_SHA@DF_SHA(1.1),Health expenditure and financing,I,BIH,Bosnia and Herzegovina,A,Annual,EXP_HEALTH,Expenditure,PT_B1GQ,Percentage of GDP,_T,Total,_Z,Not application,_T,Total,_T,Total,_T,Total,_Z,Not applicable,_Z,Not applicable,_Z,Not applicable,2014,,9.471,,,,,,,,,,,,0,Units,1,One
DATAFLOW,OECD.ELS.HD:DSD_SHA@DF_SHA(1.1),Health expenditure and financing,I,BIH,Bosnia and Herzegovina,A,Annual,EXP_HEALTH,Expenditure,PT_B1GQ,Percentage of GDP,_T,Total,_Z,Not application,_T,Total,_T,Total,_T,Total,_Z,Not applicable,_Z,Not applicable,_Z,Not applicable,2015,,9.241,,,,,,,,,,,,0,Units,1,One
DATAFLOW,OECD.ELS.HD:DSD_SHA@DF_SHA(1.1),Health expenditure and financing,I,BIH,Bosnia and Herzegovina,A,Annual,EXP_HEALTH,Expenditure,PT_B1GQ,Percentage of GDP,_T,Total,_Z,Not application,_T,Total,_T,Total,_T,Total,_Z,Not applicable,_Z,Not applicable,_Z,Not applicable,2016,,9.139,,,,,,,,,,,,0,Units,1,One
DATAFLOW,OECD.ELS.HD:DSD_SHA@DF_SHA(1.1),Health expenditure and financing,I,BIH,Bosnia and Herzegovina,A,Annual,EXP_HEALTH,Expenditure,PT_B1GQ,Percentage of GDP,_T,Total,_Z,Not application,_T,Total,_T,Total,_T,Total,_Z,Not applicable,_Z,Not applicable,_Z,Not applicable,2017,,8.818,,,,,,,,,,,,0,Units,1,One
DATAFLOW,OECD.ELS.HD:DSD_SHA@DF_SHA(1.1),Health expenditure and financing,I,BIH,Bosnia and Herzegovina,A,Annual,EXP_HEALTH,Expenditure,PT_B1GQ,Percentage of GDP,_T,Total,_Z,Not application,_T,Total,_T,Total,_T,Total,_Z,Not applicable,_Z,Not applicable,_Z,Not applicable,2018,,8.761,,,,,,,,,,,,0,Units,1,One
DATAFLOW,OECD.ELS.HD:DSD_SHA@DF_SHA(1.1),Health expenditure and financing,I,BIH,Bosnia and Herzegovina,A,Annual,EXP_HEALTH,Expenditure,PT_B1GQ,Percentage of GDP,_T,Total,_Z,Not application,_T,Total,_T,Total,_T,Total,_Z,Not applicable,_Z,Not applicable,_Z,Not applicable,2019,,8.925,,,,,,,,,,,,0,Units,1,One
DATAFLOW,OECD.ELS.HD:DSD_SHA@DF_SHA(1.1),Health expenditure and financing,I,BIH,Bosnia and Herzegovina,A,Annual,EXP_HEALTH,Expenditure,PT_B1GQ,Percentage of GDP,_T,Total,_Z,Not application,_T,Total,_T,Total,_T,Total,_Z,Not applicable,_Z,Not applicable,_Z,Not applicable,2020,,9.703,,,,,,,,,,,,0,Units,1,One
DATAFLOW,OECD.ELS.HD:DSD_SHA@DF_SHA(1.1),Health expenditure and financing,I,BIH,Bosnia and Herzegovina,A,Annual,EXP_HEALTH,Expenditure,PT_B1GQ,Percentage of GDP,_T,Total,_Z,Not application,_T,Total,_T,Total,_T,Total,_Z,Not applicable,_Z,Not applicable,_Z,Not applicable,2021,,9.555,,,,,,,,,,,,0,Units,1,One
DATAFLOW,OECD.ELS.HD:DSD_SHA@DF_SHA(1.1),Health expenditure and financing,I,BIH,Bosnia and Herzegovina,A,Annual,EXP_HEALTH,Expenditure,PT_B1GQ,Percentage of GDP,_T,Total,_Z,Not application,_T,Total,_T,Total,_T,Total,_Z,Not applicable,_Z,Not applicable,_Z,Not applicable,2022,,8.716,,,,,,,,,,,,0,Units,1,One
DATAFLOW,OECD.ELS.HD:DSD_SHA@DF_SHA(1.1),Health expenditure and financing,I,BIH,Bosnia and Herzegovina,A,Annual,EXP_HEALTH,Expenditure,PT_B1GQ,Percentage of GDP,_T,Total,_Z,Not application,_T,Total,_T,Total,_T,Total,_Z,Not applicable,_Z,Not applicable,_Z,Not applicable,2023,,8.922,,,,,,,,,,,,0,Units,1,One
DATAFLOW,OECD.ELS.HD:DSD_SHA@DF_SHA(1.1),Health expenditure and financing,I,CHN,China (People’s Republic of),A,Annual,EXP_HEALTH,Expenditure,PT_B1GQ,Percentage of GDP,_T,Total,_Z,Not application,_T,Total,_T,Total,_T,Total,_Z,Not applicable,_Z,Not applicable,_Z,Not applicable,2000,,4.441,,,,,,,,,,,,0,Units,1,One
DATAFLOW,OECD.ELS.HD:DSD_SHA@DF_SHA(1.1),Health expenditure and financing,I,CHN,China (People’s Republic of),A,Annual,EXP_HEALTH,Expenditure,PT_B1GQ,Percentage of GDP,_T,Total,_Z,Not application,_T,Total,_T,Total,_T,Total,_Z,Not applicable,_Z,Not applicable,_Z,Not applicable,2001,,4.186,,,,,,,,,,,,0,Units,1,One
DATAFLOW,OECD.ELS.HD:DSD_SHA@DF_SHA(1.1),Health expenditure and financing,I,CHN,China (People’s Republic of),A,Annual,EXP_HEALTH,Expenditure,PT_B1GQ,Percentage of GDP,_T,Total,_Z,Not application,_T,Total,_T,Total,_T,Total,_Z,Not applicable,_Z,Not applicable,_Z,Not applicable,2002,,4.312,,,,,,,,,,,,0,Units,1,One
DATAFLOW,OECD.ELS.HD:DSD_SHA@DF_SHA(1.1),Health expenditure and financing,I,CHN,China (People’s Republic of),A,Annual,EXP_HEALTH,Expenditure,PT_B1GQ,Percentage of GDP,_T,Total,_Z,Not application,_T,Total,_T,Total,_T,Total,_Z,Not applicable,_Z,Not applicable,_Z,Not applicable,2003,,4.347,,,,,,,,,,,,0,Units,1,One
DATAFLOW,OECD.ELS.HD:DSD_SHA@DF_SHA(1.1),Health expenditure and financing,I,CHN,China (People’s Republic of),A,Annual,EXP_HEALTH,Expenditure,PT_B1GQ,Percentage of GDP,_T,Total,_Z,Not application,_T,Total,_T,Total,_T,Total,_Z,Not applicable,_Z,Not applicable,_Z,Not applicable,2004,,4.218,,,,,,,,,,,,0,Units,1,One
DATAFLOW,OECD.ELS.HD:DSD_SHA@DF_SHA(1.1),Health expenditure and financing,I,CHN,China (People’s Republic of),A,Annual,EXP_HEALTH,Expenditure,PT_B1GQ,Percentage of GDP,_T,Total,_Z,Not application,_T,Total,_T,Total,_T,Total,_Z,Not applicable,_Z,Not applicable,_Z,Not applicable,2005,,4.127,,,,,,,,,,,,0,Units,1,One
DATAFLOW,OECD.ELS.HD:DSD_SHA@DF_SHA(1.1),Health expenditure and financing,I,CHN,China (People’s Republic of),A,Annual,EXP_HEALTH,Expenditure,PT_B1GQ,Percentage of GDP,_T,Total,_Z,Not application,_T,Total,_T,Total,_T,Total,_Z,Not applicable,_Z,Not applicable,_Z,Not applicable,2006,,3.895,,,,,,,,,,,,0,Units,1,One
DATAFLOW,OECD.ELS.HD:DSD_SHA@DF_SHA(1.1),Health expenditure and financing,I,CHN,China (People’s Republic of),A,Annual,EXP_HEALTH,Expenditure,PT_B1GQ,Percentage of GDP,_T,Total,_Z,Not application,_T,Total,_T,Total,_T,Total,_Z,Not applicable,_Z,Not applicable,_Z,Not applicable,2007,,3.626,,,,,,,,,,,,0,Units,1,One
DATAFLOW,OECD.ELS.HD:DSD_SHA@DF_SHA(1.1),Health expenditure and financing,I,CHN,China (People’s Republic of),A,Annual,EXP_HEALTH,Expenditure,PT_B1GQ,Percentage of GDP,_T,Total,_Z,Not application,_T,Total,_T,Total,_T,Total,_Z,Not applicable,_Z,Not applicable,_Z,Not applicable,2008,,3.825,,,,,,,,,,,,0,Units,1,One
DATAFLOW,OECD.ELS.HD:DSD_SHA@DF_SHA(1.1),Health expenditure and financing,I,CHN,China (People’s Republic of),A,Annual,EXP_HEALTH,Expenditure,PT_B1GQ,Percentage of GDP,_T,Total,_Z,Not application,_T,Total,_T,Total,_T,Total,_Z,Not applicable,_Z,Not applicable,_Z,Not applicable,2009,,4.265,,,,,,,,,,,,0,Units,1,One
DATAFLOW,OECD.ELS.HD:DSD_SHA@DF_SHA(1.1),Health expenditure and financing,I,CHN,China (People’s Republic of),A,Annual,EXP_HEALTH,Expenditure,PT_B1GQ,Percentage of GDP,_T,Total,_Z,Not application,_T,Total,_T,Total,_T,Total,_Z,Not applicable,_Z,Not applicable,_Z,Not applicable,2010,,4.122,,,,,,,,,,,,0,Units,1,One
DATAFLOW,OECD.ELS.HD:DSD_SHA@DF_SHA(1.1),Health expenditure and financing,I,CHN,China (People’s Republic of),A,Annual,EXP_HEALTH,Expenditure,PT_B1GQ,Percentage of GDP,_T,Total,_Z,Not application,_T,Total,_T,Total,_T,Total,_Z,Not applicable,_Z,Not applicable,_Z,Not applicable,2011,,4.241,,,,,,,,,,,,0,Units,1,One
DATAFLOW,OECD.ELS.HD:DSD_SHA@DF_SHA(1.1),Health expenditure and financing,I,CHN,China (People’s Republic of),A,Annual,EXP_HEALTH,Expenditure,PT_B1GQ,Percentage of GDP,_T,Total,_Z,Not application,_T,Total,_T,Total,_T,Total,_Z,Not applicable,_Z,Not applicable,_Z,Not applicable,2012,,4.495,,,,,,,,,,,,0,Units,1,One
DATAFLOW,OECD.ELS.HD:DSD_SHA@DF_SHA(1.1),Health expenditure and financing,I,CHN,China (People’s Republic of),A,Annual,EXP_HEALTH,Expenditure,PT_B1GQ,Percentage of GDP,_T,Total,_Z,Not application,_T,Total,_T,Total,_T,Total,_Z,Not applicable,_Z,Not applicable,_Z,Not applicable,2013,,4.658,,,,,,,,,,,,0,Units,1,One
DATAFLOW,OECD.ELS.HD:DSD_SHA@DF_SHA(1.1),Health expenditure and financing,I,CHN,China (People’s Republic of),A,Annual,EXP_HEALTH,Expenditure,PT_B1GQ,Percentage of GDP,_T,Total,_Z,Not application,_T,Total,_T,Total,_T,Total,_Z,Not applicable,_Z,Not applicable,_Z,Not applicable,2014,,4.711,,,,,,,,,,,,0,Units,1,One
DATAFLOW,OECD.ELS.HD:DSD_SHA@DF_SHA(1.1),Health expenditure and financing,I,CHN,China (People’s Republic of),A,Annual,EXP_HEALTH,Expenditure,PT_B1GQ,Percentage of GDP,_T,Total,_Z,Not application,_T,Total,_T,Total,_T,Total,_Z,Not applicable,_Z,Not applicable,_Z,Not applicable,2015,,4.865,,,,,,,,,,,,0,Units,1,One
DATAFLOW,OECD.ELS.HD:DSD_SHA@DF_SHA(1.1),Health expenditure and financing,I,CHN,China (People’s Republic of),A,Annual,EXP_HEALTH,Expenditure,PT_B1GQ,Percentage of GDP,_T,Total,_Z,Not application,_T,Total,_T,Total,_T,Total,_Z,Not applicable,_Z,Not applicable,_Z,Not applicable,2016,,4.88,,,,,,,,,,,,0,Units,1,One
DATAFLOW,OECD.ELS.HD:DSD_SHA@DF_SHA(1.1),Health expenditure and financing,I,CHN,China (People’s Republic of),A,Annual,EXP_HEALTH,Expenditure,PT_B1GQ,Percentage of GDP,_T,Total,_Z,Not application,_T,Total,_T,Total,_T,Total,_Z,Not applicable,_Z,Not applicable,_Z,Not applicable,2017,,4.956,,,,,,,,,,,,0,Units,1,One
DATAFLOW,OECD.ELS.HD:DSD_SHA@DF_SHA(1.1),Health expenditure and financing,I,CHN,China (People’s Republic of),A,Annual,EXP_HEALTH,Expenditure,PT_B1GQ,Percentage of GDP,_T,Total,_Z,Not application,_T,Total,_T,Total,_T,Total,_Z,Not applicable,_Z,Not applicable,_Z,Not applicable,2018,,5.056,,,,,,,,,,,,0,Units,1,One
DATAFLOW,OECD.ELS.HD:DSD_SHA@DF_SHA(1.1),Health expenditure and financing,I,CHN,China (People’s Republic of),A,Annual,EXP_HEALTH,Expenditure,PT_B1GQ,Percentage of GDP,_T,Total,_Z,Not application,_T,Total,_T,Total,_T,Total,_Z,Not applicable,_Z,Not applicable,_Z,Not applicable,2019,,5.27,,,,,,,,,,,,0,Units,1,One
DATAFLOW,OECD.ELS.HD:DSD_SHA@DF_SHA(1.1),Health expenditure and financing,I,CHN,China (People’s Republic of),A,Annual,EXP_HEALTH,Expenditure,PT_B1GQ,Percentage of GDP,_T,Total,_Z,Not application,_T,Total,_T,Total,_T,Total,_Z,Not applicable,_Z,Not applicable,_Z,Not applicable,2020,,5.544,,,,,,,,,,,,0,Units,1,One
DATAFLOW,OECD.ELS.HD:DSD_SHA@DF_SHA(1.1),Health expenditure and financing,I,CHN,China (People’s Republic of),A,Annual,EXP_HEALTH,Expenditure,PT_B1GQ,Percentage of GDP,_T,Total,_Z,Not application,_T,Total,_T,Total,_T,Total,_Z,Not applicable,_Z,Not applicable,_Z,Not applicable,2021,,5.253,,,,,,,,,,,,0,Units,1,One
DATAFLOW,OECD.ELS.HD:DSD_SHA@DF_SHA(1.1),Health expenditure and financing,I,CHN,China (People’s Republic of),A,Annual,EXP_HEALTH,Expenditure,PT_B1GQ,Percentage of GDP,_T,Total,_Z,Not application,_T,Total,_T,Total,_T,Total,_Z,Not applicable,_Z,Not applicable,_Z,Not applicable,2022,,5.878,,,,,,,,,,,,0,Units,1,One
DATAFLOW,OECD.ELS.HD:DSD_SHA@DF_SHA(1.1),Health expenditure and financing,I,CHN,China (People’s Republic of),A,Annual,EXP_HEALTH,Expenditure,PT_B1GQ,Percentage of GDP,_T,Total,_Z,Not application,_T,Total,_T,Total,_T,Total,_Z,Not applicable,_Z,Not applicable,_Z,Not applicable,2023,,5.944,,,,,,,,,,,,0,Units,1,One
DATAFLOW,OECD.ELS.HD:DSD_SHA@DF_SHA(1.1),Health expenditure and financing,I,THA,Thailand,A,Annual,EXP_HEALTH,Expenditure,PT_B1GQ,Percentage of GDP,_T,Total,_Z,Not application,_T,Total,_T,Total,_T,Total,_Z,Not applicable,_Z,Not applicable,_Z,Not applicable,2000,,3.101,,,,,,,,,,,,0,Units,1,One
DATAFLOW,OECD.ELS.HD:DSD_SHA@DF_SHA(1.1),Health expenditure and financing,I,THA,Thailand,A,Annual,EXP_HEALTH,Expenditure,PT_B1GQ,Percentage of GDP,_T,Total,_Z,Not application,_T,Total,_T,Total,_T,Total,_Z,Not applicable,_Z,Not applicable,_Z,Not applicable,2001,,3.026,,,,,,,,,,,,0,Units,1,One
DATAFLOW,OECD.ELS.HD:DSD_SHA@DF_SHA(1.1),Health expenditure and financing,I,THA,Thailand,A,Annual,EXP_HEALTH,Expenditure,PT_B1GQ,Percentage of GDP,_T,Total,_Z,Not application,_T,Total,_T,Total,_T,Total,_Z,Not applicable,_Z,Not applicable,_Z,Not applicable,2002,,3.335,,,,,,,,,,,,0,Units,1,One
DATAFLOW,OECD.ELS.HD:DSD_SHA@DF_SHA(1.1),Health expenditure and financing,I,THA,Thailand,A,Annual,EXP_HEALTH,Expenditure,PT_B1GQ,Percentage of GDP,_T,Total,_Z,Not application,_T,Total,_T,Total,_T,Total,_Z,Not applicable,_Z,Not applicable,_Z,Not applicable,2003,,3.243,,,,,,,,,,,,0,Units,1,One
DATAFLOW,OECD.ELS.HD:DSD_SHA@DF_SHA(1.1),Health expenditure and financing,I,THA,Thailand,A,Annual,EXP_HEALTH,Expenditure,PT_B1GQ,Percentage of GDP,_T,Total,_Z,Not application,_T,Total,_T,Total,_T,Total,_Z,Not applicable,_Z,Not applicable,_Z,Not applicable,2004,,3.139,,,,,,,,,,,,0,Units,1,One
DATAFLOW,OECD.ELS.HD:DSD_SHA@DF_SHA(1.1),Health expenditure and financing,I,THA,Thailand,A,Annual,EXP_HEALTH,Expenditure,PT_B1GQ,Percentage of GDP,_T,Total,_Z,Not application,_T,Total,_T,Total,_T,Total,_Z,Not applicable,_Z,Not applicable,_Z,Not applicable,2005,,3.16,,,,,,,,,,,,0,Units,1,One
DATAFLOW,OECD.ELS.HD:DSD_SHA@DF_SHA(1.1),Health expenditure and financing,I,THA,Thailand,A,Annual,EXP_HEALTH,Expenditure,PT_B1GQ,Percentage of GDP,_T,Total,_Z,Not application,_T,Total,_T,Total,_T,Total,_Z,Not applicable,_Z,Not applicable,_Z,Not applicable,2006,,3.1,,,,,,,,,,,,0,Units,1,One
DATAFLOW,OECD.ELS.HD:DSD_SHA@DF_SHA(1.1),Health expenditure and financing,I,THA,Thailand,A,Annual,EXP_HEALTH,Expenditure,PT_B1GQ,Percentage of GDP,_T,Total,_Z,Not application,_T,Total,_T,Total,_T,Total,_Z,Not applicable,_Z,Not applicable,_Z,Not applicable,2007,,3.193,,,,,,,,,,,,0,Units,1,One
DATAFLOW,OECD.ELS.HD:DSD_SHA@DF_SHA(1.1),Health expenditure and financing,I,THA,Thailand,A,Annual,EXP_HEALTH,Expenditure,PT_B1GQ,Percentage of GDP,_T,Total,_Z,Not application,_T,Total,_T,Total,_T,Total,_Z,Not applicable,_Z,Not applicable,_Z,Not applicable,2008,,3.459,,,,,,,,,,,,0,Units,1,One
DATAFLOW,OECD.ELS.HD:DSD_SHA@DF_SHA(1.1),Health expenditure and financing,I,THA,Thailand,A,Annual,EXP_HEALTH,Expenditure,PT_B1GQ,Percentage of GDP,_T,Total,_Z,Not application,_T,Total,_T,Total,_T,Total,_Z,Not applicable,_Z,Not applicable,_Z,Not applicable,2009,,3.619,,,,,,,,,,,,0,Units,1,One
DATAFLOW,OECD.ELS.HD:DSD_SHA@DF_SHA(1.1),Health expenditure and financing,I,THA,Thailand,A,Annual,EXP_HEALTH,Expenditure,PT_B1GQ,Percentage of GDP,_T,Total,_Z,Not application,_T,Total,_T,Total,_T,Total,_Z,Not applicable,_Z,Not applicable,_Z,Not applicable,2010,,3.39,,,,,,,,,,,,0,Units,1,One
DATAFLOW,OECD.ELS.HD:DSD_SHA@DF_SHA(1.1),Health expenditure and financing,I,THA,Thailand,A,Annual,EXP_HEALTH,Expenditure,PT_B1GQ,Percentage of GDP,_T,Total,_Z,Not application,_T,Total,_T,Total,_T,Total,_Z,Not applicable,_Z,Not applicable,_Z,Not applicable,2011,,3.568,,,,,,,,,,,,0,Units,1,One
DATAFLOW,OECD.ELS.HD:DSD_SHA@DF_SHA(1.1),Health expenditure and financing,I,THA,Thailand,A,Annual,EXP_HEALTH,Expenditure,PT_B1GQ,Percentage of GDP,_T,Total,_Z,Not application,_T,Total,_T,Total,_T,Total,_Z,Not applicable,_Z,Not applicable,_Z,Not applicable,2012,,3.523,,,,,,,,,,,,0,Units,1,One
DATAFLOW,OECD.ELS.HD:DSD_SHA@DF_SHA(1.1),Health expenditure and financing,I,THA,Thailand,A,Annual,EXP_HEALTH,Expenditure,PT_B1GQ,Percentage of GDP,_T,Total,_Z,Not application,_T,Total,_T,Total,_T,Total,_Z,Not applicable,_Z,Not applicable,_Z,Not applicable,2013,,3.453,,,,,,,,,,,,0,Units,1,One
DATAFLOW,OECD.ELS.HD:DSD_SHA@DF_SHA(1.1),Health expenditure and financing,I,THA,Thailand,A,Annual,EXP_HEALTH,Expenditure,PT_B1GQ,Percentage of GDP,_T,Total,_Z,Not application,_T,Total,_T,Total,_T,Total,_Z,Not applicable,_Z,Not applicable,_Z,Not applicable,2014,,3.684,,,,,,,,,,,,0,Units,1,One
DATAFLOW,OECD.ELS.HD:DSD_SHA@DF_SHA(1.1),Health expenditure and financing,I,THA,Thailand,A,Annual,EXP_HEALTH,Expenditure,PT_B1GQ,Percentage of GDP,_T,Total,_Z,Not application,_T,Total,_T,Total,_T,Total,_Z,Not applicable,_Z,Not applicable,_Z,Not applicable,2015,,3.852,,,,,,,,,,,,0,Units,1,One
DATAFLOW,OECD.ELS.HD:DSD_SHA@DF_SHA(1.1),Health expenditure and financing,I,THA,Thailand,A,Annual,EXP_HEALTH,Expenditure,PT_B1GQ,Percentage of GDP,_T,Total,_Z,Not application,_T,Total,_T,Total,_T,Total,_Z,Not applicable,_Z,Not applicable,_Z,Not applicable,2016,,3.939,,,,,,,,,,,,0,Units,1,One
DATAFLOW,OECD.ELS.HD:DSD_SHA@DF_SHA(1.1),Health expenditure and financing,I,THA,Thailand,A,Annual,EXP_HEALTH,Expenditure,PT_B1GQ,Percentage of GDP,_T,Total,_Z,Not application,_T,Total,_T,Total,_T,Total,_Z,Not applicable,_Z,Not applicable,_Z,Not applicable,2017,,3.853,,,,,,,,,,,,0,Units,1,One
DATAFLOW,OECD.ELS.HD:DSD_SHA@DF_SHA(1.1),Health expenditure and financing,I,THA,Thailand,A,Annual,EXP_HEALTH,Expenditure,PT_B1GQ,Percentage of GDP,_T,Total,_Z,Not application,_T,Total,_T,Total,_T,Total,_Z,Not applicable,_Z,Not applicable,_Z,Not applicable,2018,,3.869,,,,,,,,,,,,0,Units,1,One
DATAFLOW,OECD.ELS.HD:DSD_SHA@DF_SHA(1.1),Health expenditure and financing,I,THA,Thailand,A,Annual,EXP_HEALTH,Expenditure,PT_B1GQ,Percentage of GDP,_T,Total,_Z,Not application,_T,Total,_T,Total,_T,Total,_Z,Not applicable,_Z,Not applicable,_Z,Not applicable,2019,,3.791,,,,,,,,,,,,0,Units,1,One
DATAFLOW,OECD.ELS.HD:DSD_SHA@DF_SHA(1.1),Health expenditure and financing,I,THA,Thailand,A,Annual,EXP_HEALTH,Expenditure,PT_B1GQ,Percentage of GDP,_T,Total,_Z,Not application,_T,Total,_T,Total,_T,Total,_Z,Not applicable,_Z,Not applicable,_Z,Not applicable,2020,,4.359,,,,,,,,,,,,0,Units,1,One
DATAFLOW,OECD.ELS.HD:DSD_SHA@DF_SHA(1.1),Health expenditure and financing,I,THA,Thailand,A,Annual,EXP_HEALTH,Expenditure,PT_B1GQ,Percentage of GDP,_T,Total,_Z,Not application,_T,Total,_T,Total,_T,Total,_Z,Not applicable,_Z,Not applicable,_Z,Not applicable,2021,,5.155,,,,,,,,,,,,0,Units,1,One
DATAFLOW,OECD.ELS.HD:DSD_SHA@DF_SHA(1.1),Health expenditure and financing,I,THA,Thailand,A,Annual,EXP_HEALTH,Expenditure,PT_B1GQ,Percentage of GDP,_T,Total,_Z,Not application,_T,Total,_T,Total,_T,Total,_Z,Not applicable,_Z,Not applicable,_Z,Not applicable,2022,,5.354,,,,,,,,,,,,0,Units,1,One
DATAFLOW,OECD.ELS.HD:DSD_SHA@DF_SHA(1.1),Health expenditure and financing,I,THA,Thailand,A,Annual,EXP_HEALTH,Expenditure,PT_B1GQ,Percentage of GDP,_T,Total,_Z,Not application,_T,Total,_T,Total,_T,Total,_Z,Not applicable,_Z,Not applicable,_Z,Not applicable,2023,,4.349,,,,,,,,,,,,0,Units,1,One
DATAFLOW,OECD.ELS.HD:DSD_SHA@DF_SHA(1.1),Health expenditure and financing,I,ALB,Albania,A,Annual,EXP_HEALTH,Expenditure,PT_B1GQ,Percentage of GDP,_T,Total,_Z,Not application,_T,Total,_T,Total,_T,Total,_Z,Not applicable,_Z,Not applicable,_Z,Not applicable,2022,,7.536,,,,,,,,,,,,0,Units,1,One
DATAFLOW,OECD.ELS.HD:DSD_SHA@DF_SHA(1.1),Health expenditure and financing,I,BRA,Brazil,A,Annual,EXP_HEALTH,Expenditure,PT_B1GQ,Percentage of GDP,_T,Total,_Z,Not application,_T,Total,_T,Total,_T,Total,_Z,Not applicable,_Z,Not applicable,_Z,Not applicable,2022,,9.387,,,,,,B,Time series break,,,,,0,Units,1,One
DATAFLOW,OECD.ELS.HD:DSD_SHA@DF_SHA(1.1),Health expenditure and financing,I,BRA,Brazil,A,Annual,EXP_HEALTH,Expenditure,PT_B1GQ,Percentage of GDP,_T,Total,_Z,Not application,_T,Total,_T,Total,_T,Total,_Z,Not applicable,_Z,Not applicable,_Z,Not applicable,2021,,9.636,,,,,,P,Provisional value,,,,,0,Units,1,One
DATAFLOW,OECD.ELS.HD:DSD_SHA@DF_SHA(1.1),Health expenditure and financing,I,BRA,Brazil,A,Annual,EXP_HEALTH,Expenditure,PT_B1GQ,Percentage of GDP,_T,Total,_Z,Not application,_T,Total,_T,Total,_T,Total,_Z,Not applicable,_Z,Not applicable,_Z,Not applicable,2020,,9.623,,,,,,P,Provisional value,,,,,0,Units,1,One
DATAFLOW,OECD.ELS.HD:DSD_SHA@DF_SHA(1.1),Health expenditure and financing,I,SRB,Serbia,A,Annual,EXP_HEALTH,Expenditure,PT_B1GQ,Percentage of GDP,_T,Total,_Z,Not application,_T,Total,_T,Total,_T,Total,_Z,Not applicable,_Z,Not applicable,_Z,Not applicable,2021,,9.234,,,,,,B,Time series break,,,,,0,Units,1,One
DATAFLOW,OECD.ELS.HD:DSD_SHA@DF_SHA(1.1),Health expenditure and financing,I,HRV,Croatia,A,Annual,EXP_HEALTH,Expenditure,PT_B1GQ,Percentage of GDP,_T,Total,_Z,Not application,_T,Total,_T,Total,_T,Total,_Z,Not applicable,_Z,Not applicable,_Z,Not applicable,2003,,6.297,,,,,,E,Estimated value,,,,,0,Units,1,One
DATAFLOW,OECD.ELS.HD:DSD_SHA@DF_SHA(1.1),Health expenditure and financing,I,HRV,Croatia,A,Annual,EXP_HEALTH,Expenditure,PT_B1GQ,Percentage of GDP,_T,Total,_Z,Not application,_T,Total,_T,Total,_T,Total,_Z,Not applicable,_Z,Not applicable,_Z,Not applicable,2004,,6.507,,,,,,E,Estimated value,,,,,0,Units,1,One
DATAFLOW,OECD.ELS.HD:DSD_SHA@DF_SHA(1.1),Health expenditure and financing,I,HRV,Croatia,A,Annual,EXP_HEALTH,Expenditure,PT_B1GQ,Percentage of GDP,_T,Total,_Z,Not application,_T,Total,_T,Total,_T,Total,_Z,Not applicable,_Z,Not applicable,_Z,Not applicable,2005,,6.841,,,,,,E,Estimated value,,,,,0,Units,1,One
DATAFLOW,OECD.ELS.HD:DSD_SHA@DF_SHA(1.1),Health expenditure and financing,I,HRV,Croatia,A,Annual,EXP_HEALTH,Expenditure,PT_B1GQ,Percentage of GDP,_T,Total,_Z,Not application,_T,Total,_T,Total,_T,Total,_Z,Not applicable,_Z,Not applicable,_Z,Not applicable,2006,,6.905,,,,,,E,Estimated value,,,,,0,Units,1,One
DATAFLOW,OECD.ELS.HD:DSD_SHA@DF_SHA(1.1),Health expenditure and financing,I,HRV,Croatia,A,Annual,EXP_HEALTH,Expenditure,PT_B1GQ,Percentage of GDP,_T,Total,_Z,Not application,_T,Total,_T,Total,_T,Total,_Z,Not applicable,_Z,Not applicable,_Z,Not applicable,2007,,7.39,,,,,,E,Estimated value,,,,,0,Units,1,One
DATAFLOW,OECD.ELS.HD:DSD_SHA@DF_SHA(1.1),Health expenditure and financing,I,HRV,Croatia,A,Annual,EXP_HEALTH,Expenditure,PT_B1GQ,Percentage of GDP,_T,Total,_Z,Not application,_T,Total,_T,Total,_T,Total,_Z,Not applicable,_Z,Not applicable,_Z,Not applicable,2008,,7.637,,,,,,E,Estimated value,,,,,0,Units,1,One
DATAFLOW,OECD.ELS.HD:DSD_SHA@DF_SHA(1.1),Health expenditure and financing,I,HRV,Croatia,A,Annual,EXP_HEALTH,Expenditure,PT_B1GQ,Percentage of GDP,_T,Total,_Z,Not application,_T,Total,_T,Total,_T,Total,_Z,Not applicable,_Z,Not applicable,_Z,Not applicable,2009,,8.034,,,,,,E,Estimated value,,,,,0,Units,1,One
DATAFLOW,OECD.ELS.HD:DSD_SHA@DF_SHA(1.1),Health expenditure and financing,I,HRV,Croatia,A,Annual,EXP_HEALTH,Expenditure,PT_B1GQ,Percentage of GDP,_T,Total,_Z,Not application,_T,Total,_T,Total,_T,Total,_Z,Not applicable,_Z,Not applicable,_Z,Not applicable,2010,,7.95,,,,,,E,Estimated value,,,,,0,Units,1,One
DATAFLOW,OECD.ELS.HD:DSD_SHA@DF_SHA(1.1),Health expenditure and financing,I,HRV,Croatia,A,Annual,EXP_HEALTH,Expenditure,PT_B1GQ,Percentage of GDP,_T,Total,_Z,Not application,_T,Total,_T,Total,_T,Total,_Z,Not applicable,_Z,Not applicable,_Z,Not applicable,2011,,7.43,,,,,,B,Time series break,,,,,0,Units,1,One
DATAFLOW,OECD.ELS.HD:DSD_SHA@DF_SHA(1.1),Health expenditure and financing,I,PRT,Portugal,A,Annual,EXP_HEALTH,Expenditure,PT_B1GQ,Percentage of GDP,_T,Total,_Z,Not application,_T,Total,_T,Total,_T,Total,_Z,Not applicable,_Z,Not applicable,_Z,Not applicable,2000,,8.62,,,,,,B,Time series break,,,,,0,Units,1,One
DATAFLOW,OECD.ELS.HD:DSD_SHA@DF_SHA(1.1),Health expenditure and financing,I,CHE,Switzerland,A,Annual,EXP_HEALTH,Expenditure,PT_B1GQ,Percentage of GDP,_T,Total,_Z,Not application,_T,Total,_T,Total,_T,Total,_Z,Not applicable,_Z,Not applicable,_Z,Not applicable,2000,,9.034,,,,,,,,,,,,0,Units,1,One
DATAFLOW,OECD.ELS.HD:DSD_SHA@DF_SHA(1.1),Health expenditure and financing,I,CHE,Switzerland,A,Annual,EXP_HEALTH,Expenditure,PT_B1GQ,Percentage of GDP,_T,Total,_Z,Not application,_T,Total,_T,Total,_T,Total,_Z,Not applicable,_Z,Not applicable,_Z,Not applicable,2021,,11.597,,,,,,,,,,,,0,Units,1,One
DATAFLOW,OECD.ELS.HD:DSD_SHA@DF_SHA(1.1),Health expenditure and financing,I,CHE,Switzerland,A,Annual,EXP_HEALTH,Expenditure,PT_B1GQ,Percentage of GDP,_T,Total,_Z,Not application,_T,Total,_T,Total,_T,Total,_Z,Not applicable,_Z,Not applicable,_Z,Not applicable,2002,,9.734,,,,,,,,,,,,0,Units,1,One
DATAFLOW,OECD.ELS.HD:DSD_SHA@DF_SHA(1.1),Health expenditure and financing,I,CHE,Switzerland,A,Annual,EXP_HEALTH,Expenditure,PT_B1GQ,Percentage of GDP,_T,Total,_Z,Not application,_T,Total,_T,Total,_T,Total,_Z,Not applicable,_Z,Not applicable,_Z,Not applicable,2001,,9.344,,,,,,,,,,,,0,Units,1,One
DATAFLOW,OECD.ELS.HD:DSD_SHA@DF_SHA(1.1),Health expenditure and financing,I,CHE,Switzerland,A,Annual,EXP_HEALTH,Expenditure,PT_B1GQ,Percentage of GDP,_T,Total,_Z,Not application,_T,Total,_T,Total,_T,Total,_Z,Not applicable,_Z,Not applicable,_Z,Not applicable,2009,,9.972,,,,,,,,,,,,0,Units,1,One
DATAFLOW,OECD.ELS.HD:DSD_SHA@DF_SHA(1.1),Health expenditure and financing,I,CHE,Switzerland,A,Annual,EXP_HEALTH,Expenditure,PT_B1GQ,Percentage of GDP,_T,Total,_Z,Not application,_T,Total,_T,Total,_T,Total,_Z,Not applicable,_Z,Not applicable,_Z,Not applicable,2008,,9.408,,,,,,,,,,,,0,Units,1,One
DATAFLOW,OECD.ELS.HD:DSD_SHA@DF_SHA(1.1),Health expenditure and financing,I,CHE,Switzerland,A,Annual,EXP_HEALTH,Expenditure,PT_B1GQ,Percentage of GDP,_T,Total,_Z,Not application,_T,Total,_T,Total,_T,Total,_Z,Not applicable,_Z,Not applicable,_Z,Not applicable,2007,,9.261,,,,,,,,,,,,0,Units,1,One
DATAFLOW,OECD.ELS.HD:DSD_SHA@DF_SHA(1.1),Health expenditure and financing,I,CHE,Switzerland,A,Annual,EXP_HEALTH,Expenditure,PT_B1GQ,Percentage of GDP,_T,Total,_Z,Not application,_T,Total,_T,Total,_T,Total,_Z,Not applicable,_Z,Not applicable,_Z,Not applicable,2006,,9.436,,,,,,,,,,,,0,Units,1,One
DATAFLOW,OECD.ELS.HD:DSD_SHA@DF_SHA(1.1),Health expenditure and financing,I,CHE,Switzerland,A,Annual,EXP_HEALTH,Expenditure,PT_B1GQ,Percentage of GDP,_T,Total,_Z,Not application,_T,Total,_T,Total,_T,Total,_Z,Not applicable,_Z,Not applicable,_Z,Not applicable,2005,,9.911,,,,,,,,,,,,0,Units,1,One
DATAFLOW,OECD.ELS.HD:DSD_SHA@DF_SHA(1.1),Health expenditure and financing,I,CHE,Switzerland,A,Annual,EXP_HEALTH,Expenditure,PT_B1GQ,Percentage of GDP,_T,Total,_Z,Not application,_T,Total,_T,Total,_T,Total,_Z,Not applicable,_Z,Not applicable,_Z,Not applicable,2004,,10.098,,,,,,,,,,,,0,Units,1,One
DATAFLOW,OECD.ELS.HD:DSD_SHA@DF_SHA(1.1),Health expenditure and financing,I,CHE,Switzerland,A,Annual,EXP_HEALTH,Expenditure,PT_B1GQ,Percentage of GDP,_T,Total,_Z,Not application,_T,Total,_T,Total,_T,Total,_Z,Not applicable,_Z,Not applicable,_Z,Not applicable,2003,,10.013,,,,,,,,,,,,0,Units,1,One
DATAFLOW,OECD.ELS.HD:DSD_SHA@DF_SHA(1.1),Health expenditure and financing,I,CHE,Switzerland,A,Annual,EXP_HEALTH,Expenditure,PT_B1GQ,Percentage of GDP,_T,Total,_Z,Not application,_T,Total,_T,Total,_T,Total,_Z,Not applicable,_Z,Not applicable,_Z,Not applicable,2014,,10.464,,,,,,,,,,,,0,Units,1,One
DATAFLOW,OECD.ELS.HD:DSD_SHA@DF_SHA(1.1),Health expenditure and financing,I,CHE,Switzerland,A,Annual,EXP_HEALTH,Expenditure,PT_B1GQ,Percentage of GDP,_T,Total,_Z,Not application,_T,Total,_T,Total,_T,Total,_Z,Not applicable,_Z,Not applicable,_Z,Not applicable,2012,,10.165,,,,,,,,,,,,0,Units,1,One
DATAFLOW,OECD.ELS.HD:DSD_SHA@DF_SHA(1.1),Health expenditure and financing,I,CHE,Switzerland,A,Annual,EXP_HEALTH,Expenditure,PT_B1GQ,Percentage of GDP,_T,Total,_Z,Not application,_T,Total,_T,Total,_T,Total,_Z,Not applicable,_Z,Not applicable,_Z,Not applicable,2016,,11.031,,,,,,,,,,,,0,Units,1,One
DATAFLOW,OECD.ELS.HD:DSD_SHA@DF_SHA(1.1),Health expenditure and financing,I,CHE,Switzerland,A,Annual,EXP_HEALTH,Expenditure,PT_B1GQ,Percentage of GDP,_T,Total,_Z,Not application,_T,Total,_T,Total,_T,Total,_Z,Not applicable,_Z,Not applicable,_Z,Not applicable,2010,,9.808,,,,,,,,,,,,0,Units,1,One
DATAFLOW,OECD.ELS.HD:DSD_SHA@DF_SHA(1.1),Health expenditure and financing,I,CHE,Switzerland,A,Annual,EXP_HEALTH,Expenditure,PT_B1GQ,Percentage of GDP,_T,Total,_Z,Not application,_T,Total,_T,Total,_T,Total,_Z,Not applicable,_Z,Not applicable,_Z,Not applicable,2018,,10.93,,,,,,,,,,,,0,Units,1,One
DATAFLOW,OECD.ELS.HD:DSD_SHA@DF_SHA(1.1),Health expenditure and financing,I,CHE,Switzerland,A,Annual,EXP_HEALTH,Expenditure,PT_B1GQ,Percentage of GDP,_T,Total,_Z,Not application,_T,Total,_T,Total,_T,Total,_Z,Not applicable,_Z,Not applicable,_Z,Not applicable,2017,,11.19,,,,,,,,,,,,0,Units,1,One
DATAFLOW,OECD.ELS.HD:DSD_SHA@DF_SHA(1.1),Health expenditure and financing,I,CHE,Switzerland,A,Annual,EXP_HEALTH,Expenditure,PT_B1GQ,Percentage of GDP,_T,Total,_Z,Not application,_T,Total,_T,Total,_T,Total,_Z,Not applicable,_Z,Not applicable,_Z,Not applicable,2015,,10.792,,,,,,,,,,,,0,Units,1,One
DATAFLOW,OECD.ELS.HD:DSD_SHA@DF_SHA(1.1),Health expenditure and financing,I,CHE,Switzerland,A,Annual,EXP_HEALTH,Expenditure,PT_B1GQ,Percentage of GDP,_T,Total,_Z,Not application,_T,Total,_T,Total,_T,Total,_Z,Not applicable,_Z,Not applicable,_Z,Not applicable,2013,,10.41,,,,,,,,,,,,0,Units,1,One
DATAFLOW,OECD.ELS.HD:DSD_SHA@DF_SHA(1.1),Health expenditure and financing,I,CHE,Switzerland,A,Annual,EXP_HEALTH,Expenditure,PT_B1GQ,Percentage of GDP,_T,Total,_Z,Not application,_T,Total,_T,Total,_T,Total,_Z,Not applicable,_Z,Not applicable,_Z,Not applicable,2011,,9.946,,,,,,,,,,,,0,Units,1,One
DATAFLOW,OECD.ELS.HD:DSD_SHA@DF_SHA(1.1),Health expenditure and financing,I,CHE,Switzerland,A,Annual,EXP_HEALTH,Expenditure,PT_B1GQ,Percentage of GDP,_T,Total,_Z,Not application,_T,Total,_T,Total,_T,Total,_Z,Not applicable,_Z,Not applicable,_Z,Not applicable,2019,,11.162,,,,,,,,,,,,0,Units,1,One
DATAFLOW,OECD.ELS.HD:DSD_SHA@DF_SHA(1.1),Health expenditure and financing,I,CHE,Switzerland,A,Annual,EXP_HEALTH,Expenditure,PT_B1GQ,Percentage of GDP,_T,Total,_Z,Not application,_T,Total,_T,Total,_T,Total,_Z,Not applicable,_Z,Not applicable,_Z,Not applicable,2020,,11.766,,,,,,,,,,,,0,Units,1,One
DATAFLOW,OECD.ELS.HD:DSD_SHA@DF_SHA(1.1),Health expenditure and financing,I,ESP,Spain,A,Annual,EXP_HEALTH,Expenditure,PT_B1GQ,Percentage of GDP,_T,Total,_Z,Not application,_T,Total,_T,Total,_T,Total,_Z,Not applicable,_Z,Not applicable,_Z,Not applicable,2013,,9.137,,,,,,,,,,,,0,Units,1,One
DATAFLOW,OECD.ELS.HD:DSD_SHA@DF_SHA(1.1),Health expenditure and financing,I,ESP,Spain,A,Annual,EXP_HEALTH,Expenditure,PT_B1GQ,Percentage of GDP,_T,Total,_Z,Not application,_T,Total,_T,Total,_T,Total,_Z,Not applicable,_Z,Not applicable,_Z,Not applicable,2014,,9.151,,,,,,,,,,,,0,Units,1,One
DATAFLOW,OECD.ELS.HD:DSD_SHA@DF_SHA(1.1),Health expenditure and financing,I,ESP,Spain,A,Annual,EXP_HEALTH,Expenditure,PT_B1GQ,Percentage of GDP,_T,Total,_Z,Not application,_T,Total,_T,Total,_T,Total,_Z,Not applicable,_Z,Not applicable,_Z,Not applicable,2015,,9.176,,,,,,,,,,,,0,Units,1,One
DATAFLOW,OECD.ELS.HD:DSD_SHA@DF_SHA(1.1),Health expenditure and financing,I,ESP,Spain,A,Annual,EXP_HEALTH,Expenditure,PT_B1GQ,Percentage of GDP,_T,Total,_Z,Not application,_T,Total,_T,Total,_T,Total,_Z,Not applicable,_Z,Not applicable,_Z,Not applicable,2016,,9.013,,,,,,,,,,,,0,Units,1,One
DATAFLOW,OECD.ELS.HD:DSD_SHA@DF_SHA(1.1),Health expenditure and financing,I,ESP,Spain,A,Annual,EXP_HEALTH,Expenditure,PT_B1GQ,Percentage of GDP,_T,Total,_Z,Not application,_T,Total,_T,Total,_T,Total,_Z,Not applicable,_Z,Not applicable,_Z,Not applicable,2017,,9.022,,,,,,,,,,,,0,Units,1,One
DATAFLOW,OECD.ELS.HD:DSD_SHA@DF_SHA(1.1),Health expenditure and financing,I,ESP,Spain,A,Annual,EXP_HEALTH,Expenditure,PT_B1GQ,Percentage of GDP,_T,Total,_Z,Not application,_T,Total,_T,Total,_T,Total,_Z,Not applicable,_Z,Not applicable,_Z,Not applicable,2018,,9.071,,,,,,,,,,,,0,Units,1,One
DATAFLOW,OECD.ELS.HD:DSD_SHA@DF_SHA(1.1),Health expenditure and financing,I,ESP,Spain,A,Annual,EXP_HEALTH,Expenditure,PT_B1GQ,Percentage of GDP,_T,Total,_Z,Not application,_T,Total,_T,Total,_T,Total,_Z,Not applicable,_Z,Not applicable,_Z,Not applicable,2019,,9.215,,,,,,,,,,,,0,Units,1,One
DATAFLOW,OECD.ELS.HD:DSD_SHA@DF_SHA(1.1),Health expenditure and financing,I,ESP,Spain,A,Annual,EXP_HEALTH,Expenditure,PT_B1GQ,Percentage of GDP,_T,Total,_Z,Not application,_T,Total,_T,Total,_T,Total,_Z,Not applicable,_Z,Not applicable,_Z,Not applicable,2020,,10.795,,,,,,,,,,,,0,Units,1,One
DATAFLOW,OECD.ELS.HD:DSD_SHA@DF_SHA(1.1),Health expenditure and financing,I,ESP,Spain,A,Annual,EXP_HEALTH,Expenditure,PT_B1GQ,Percentage of GDP,_T,Total,_Z,Not application,_T,Total,_T,Total,_T,Total,_Z,Not applicable,_Z,Not applicable,_Z,Not applicable,2021,,10.344,,,,,,,,,,,,0,Units,1,One
DATAFLOW,OECD.ELS.HD:DSD_SHA@DF_SHA(1.1),Health expenditure and financing,I,ESP,Spain,A,Annual,EXP_HEALTH,Expenditure,PT_B1GQ,Percentage of GDP,_T,Total,_Z,Not application,_T,Total,_T,Total,_T,Total,_Z,Not applicable,_Z,Not applicable,_Z,Not applicable,2022,,9.664,,,,,,,,,,,,0,Units,1,One
DATAFLOW,OECD.ELS.HD:DSD_SHA@DF_SHA(1.1),Health expenditure and financing,I,ESP,Spain,A,Annual,EXP_HEALTH,Expenditure,PT_B1GQ,Percentage of GDP,_T,Total,_Z,Not application,_T,Total,_T,Total,_T,Total,_Z,Not applicable,_Z,Not applicable,_Z,Not applicable,2023,,9.224,,,,,,,,,,,,0,Units,1,One
DATAFLOW,OECD.ELS.HD:DSD_SHA@DF_SHA(1.1),Health expenditure and financing,I,SWE,Sweden,A,Annual,EXP_HEALTH,Expenditure,PT_B1GQ,Percentage of GDP,_T,Total,_Z,Not application,_T,Total,_T,Total,_T,Total,_Z,Not applicable,_Z,Not applicable,_Z,Not applicable,2011,,10.502,,,,,,B,Time series break,,,,,0,Units,1,One
DATAFLOW,OECD.ELS.HD:DSD_SHA@DF_SHA(1.1),Health expenditure and financing,I,SWE,Sweden,A,Annual,EXP_HEALTH,Expenditure,PT_B1GQ,Percentage of GDP,_T,Total,_Z,Not application,_T,Total,_T,Total,_T,Total,_Z,Not applicable,_Z,Not applicable,_Z,Not applicable,2001,,7.893,,,,,,B,Time series break,,,,,0,Units,1,One
DATAFLOW,OECD.ELS.HD:DSD_SHA@DF_SHA(1.1),Health expenditure and financing,I,SWE,Sweden,A,Annual,EXP_HEALTH,Expenditure,PT_B1GQ,Percentage of GDP,_T,Total,_Z,Not application,_T,Total,_T,Total,_T,Total,_Z,Not applicable,_Z,Not applicable,_Z,Not applicable,2000,,7.325,,,,,,,,,,,,0,Units,1,One
DATAFLOW,OECD.ELS.HD:DSD_SHA@DF_SHA(1.1),Health expenditure and financing,I,SWE,Sweden,A,Annual,EXP_HEALTH,Expenditure,PT_B1GQ,Percentage of GDP,_T,Total,_Z,Not application,_T,Total,_T,Total,_T,Total,_Z,Not applicable,_Z,Not applicable,_Z,Not applicable,2002,,8.186,,,,,,,,,,,,0,Units,1,One
DATAFLOW,OECD.ELS.HD:DSD_SHA@DF_SHA(1.1),Health expenditure and financing,I,SWE,Sweden,A,Annual,EXP_HEALTH,Expenditure,PT_B1GQ,Percentage of GDP,_T,Total,_Z,Not application,_T,Total,_T,Total,_T,Total,_Z,Not applicable,_Z,Not applicable,_Z,Not applicable,2003,,8.317,,,,,,,,,,,,0,Units,1,One
DATAFLOW,OECD.ELS.HD:DSD_SHA@DF_SHA(1.1),Health expenditure and financing,I,SWE,Sweden,A,Annual,EXP_HEALTH,Expenditure,PT_B1GQ,Percentage of GDP,_T,Total,_Z,Not application,_T,Total,_T,Total,_T,Total,_Z,Not applicable,_Z,Not applicable,_Z,Not applicable,2004,,8.143,,,,,,,,,,,,0,Units,1,One
DATAFLOW,OECD.ELS.HD:DSD_SHA@DF_SHA(1.1),Health expenditure and financing,I,SWE,Sweden,A,Annual,EXP_HEALTH,Expenditure,PT_B1GQ,Percentage of GDP,_T,Total,_Z,Not application,_T,Total,_T,Total,_T,Total,_Z,Not applicable,_Z,Not applicable,_Z,Not applicable,2005,,8.16,,,,,,,,,,,,0,Units,1,One
DATAFLOW,OECD.ELS.HD:DSD_SHA@DF_SHA(1.1),Health expenditure and financing,I,SWE,Sweden,A,Annual,EXP_HEALTH,Expenditure,PT_B1GQ,Percentage of GDP,_T,Total,_Z,Not application,_T,Total,_T,Total,_T,Total,_Z,Not applicable,_Z,Not applicable,_Z,Not applicable,2006,,8.042,,,,,,,,,,,,0,Units,1,One
DATAFLOW,OECD.ELS.HD:DSD_SHA@DF_SHA(1.1),Health expenditure and financing,I,SWE,Sweden,A,Annual,EXP_HEALTH,Expenditure,PT_B1GQ,Percentage of GDP,_T,Total,_Z,Not application,_T,Total,_T,Total,_T,Total,_Z,Not applicable,_Z,Not applicable,_Z,Not applicable,2007,,7.988,,,,,,,,,,,,0,Units,1,One
DATAFLOW,OECD.ELS.HD:DSD_SHA@DF_SHA(1.1),Health expenditure and financing,I,SWE,Sweden,A,Annual,EXP_HEALTH,Expenditure,PT_B1GQ,Percentage of GDP,_T,Total,_Z,Not application,_T,Total,_T,Total,_T,Total,_Z,Not applicable,_Z,Not applicable,_Z,Not applicable,2008,,8.226,,,,,,,,,,,,0,Units,1,One
DATAFLOW,OECD.ELS.HD:DSD_SHA@DF_SHA(1.1),Health expenditure and financing,I,SWE,Sweden,A,Annual,EXP_HEALTH,Expenditure,PT_B1GQ,Percentage of GDP,_T,Total,_Z,Not application,_T,Total,_T,Total,_T,Total,_Z,Not applicable,_Z,Not applicable,_Z,Not applicable,2009,,8.777,,,,,,,,,,,,0,Units,1,One
DATAFLOW,OECD.ELS.HD:DSD_SHA@DF_SHA(1.1),Health expenditure and financing,I,SWE,Sweden,A,Annual,EXP_HEALTH,Expenditure,PT_B1GQ,Percentage of GDP,_T,Total,_Z,Not application,_T,Total,_T,Total,_T,Total,_Z,Not applicable,_Z,Not applicable,_Z,Not applicable,2010,,8.324,,,,,,,,,,,,0,Units,1,One
DATAFLOW,OECD.ELS.HD:DSD_SHA@DF_SHA(1.1),Health expenditure and financing,I,SWE,Sweden,A,Annual,EXP_HEALTH,Expenditure,PT_B1GQ,Percentage of GDP,_T,Total,_Z,Not application,_T,Total,_T,Total,_T,Total,_Z,Not applicable,_Z,Not applicable,_Z,Not applicable,2012,,10.834,,,,,,,,,,,,0,Units,1,One
DATAFLOW,OECD.ELS.HD:DSD_SHA@DF_SHA(1.1),Health expenditure and financing,I,SWE,Sweden,A,Annual,EXP_HEALTH,Expenditure,PT_B1GQ,Percentage of GDP,_T,Total,_Z,Not application,_T,Total,_T,Total,_T,Total,_Z,Not applicable,_Z,Not applicable,_Z,Not applicable,2013,,10.987,,,,,,,,,,,,0,Units,1,One
DATAFLOW,OECD.ELS.HD:DSD_SHA@DF_SHA(1.1),Health expenditure and financing,I,SWE,Sweden,A,Annual,EXP_HEALTH,Expenditure,PT_B1GQ,Percentage of GDP,_T,Total,_Z,Not application,_T,Total,_T,Total,_T,Total,_Z,Not applicable,_Z,Not applicable,_Z,Not applicable,2014,,11.072,,,,,,,,,,,,0,Units,1,One
DATAFLOW,OECD.ELS.HD:DSD_SHA@DF_SHA(1.1),Health expenditure and financing,I,SWE,Sweden,A,Annual,EXP_HEALTH,Expenditure,PT_B1GQ,Percentage of GDP,_T,Total,_Z,Not application,_T,Total,_T,Total,_T,Total,_Z,Not applicable,_Z,Not applicable,_Z,Not applicable,2015,,10.933,,,,,,,,,,,,0,Units,1,One
DATAFLOW,OECD.ELS.HD:DSD_SHA@DF_SHA(1.1),Health expenditure and financing,I,SWE,Sweden,A,Annual,EXP_HEALTH,Expenditure,PT_B1GQ,Percentage of GDP,_T,Total,_Z,Not application,_T,Total,_T,Total,_T,Total,_Z,Not applicable,_Z,Not applicable,_Z,Not applicable,2016,,10.98,,,,,,,,,,,,0,Units,1,One
DATAFLOW,OECD.ELS.HD:DSD_SHA@DF_SHA(1.1),Health expenditure and financing,I,SWE,Sweden,A,Annual,EXP_HEALTH,Expenditure,PT_B1GQ,Percentage of GDP,_T,Total,_Z,Not application,_T,Total,_T,Total,_T,Total,_Z,Not applicable,_Z,Not applicable,_Z,Not applicable,2017,,10.964,,,,,,,,,,,,0,Units,1,One
DATAFLOW,OECD.ELS.HD:DSD_SHA@DF_SHA(1.1),Health expenditure and financing,I,SVN,Slovenia,A,Annual,EXP_HEALTH,Expenditure,PT_B1GQ,Percentage of GDP,_T,Total,_Z,Not application,_T,Total,_T,Total,_T,Total,_Z,Not applicable,_Z,Not applicable,_Z,Not applicable,2012,,8.793,,,,,,,,,,,,0,Units,1,One
DATAFLOW,OECD.ELS.HD:DSD_SHA@DF_SHA(1.1),Health expenditure and financing,I,SVN,Slovenia,A,Annual,EXP_HEALTH,Expenditure,PT_B1GQ,Percentage of GDP,_T,Total,_Z,Not application,_T,Total,_T,Total,_T,Total,_Z,Not applicable,_Z,Not applicable,_Z,Not applicable,2013,,8.84,,,,,,,,,,,,0,Units,1,One
DATAFLOW,OECD.ELS.HD:DSD_SHA@DF_SHA(1.1),Health expenditure and financing,I,SVN,Slovenia,A,Annual,EXP_HEALTH,Expenditure,PT_B1GQ,Percentage of GDP,_T,Total,_Z,Not application,_T,Total,_T,Total,_T,Total,_Z,Not applicable,_Z,Not applicable,_Z,Not applicable,2015,,8.597,,,,,,,,,,,,0,Units,1,One
DATAFLOW,OECD.ELS.HD:DSD_SHA@DF_SHA(1.1),Health expenditure and financing,I,SVN,Slovenia,A,Annual,EXP_HEALTH,Expenditure,PT_B1GQ,Percentage of GDP,_T,Total,_Z,Not application,_T,Total,_T,Total,_T,Total,_Z,Not applicable,_Z,Not applicable,_Z,Not applicable,2016,,8.569,,,,,,,,,,,,0,Units,1,One
DATAFLOW,OECD.ELS.HD:DSD_SHA@DF_SHA(1.1),Health expenditure and financing,I,SVN,Slovenia,A,Annual,EXP_HEALTH,Expenditure,PT_B1GQ,Percentage of GDP,_T,Total,_Z,Not application,_T,Total,_T,Total,_T,Total,_Z,Not applicable,_Z,Not applicable,_Z,Not applicable,2017,,8.259,,,,,,,,,,,,0,Units,1,One
DATAFLOW,OECD.ELS.HD:DSD_SHA@DF_SHA(1.1),Health expenditure and financing,I,SVN,Slovenia,A,Annual,EXP_HEALTH,Expenditure,PT_B1GQ,Percentage of GDP,_T,Total,_Z,Not application,_T,Total,_T,Total,_T,Total,_Z,Not applicable,_Z,Not applicable,_Z,Not applicable,2018,,8.352,,,,,,,,,,,,0,Units,1,One
DATAFLOW,OECD.ELS.HD:DSD_SHA@DF_SHA(1.1),Health expenditure and financing,I,SVN,Slovenia,A,Annual,EXP_HEALTH,Expenditure,PT_B1GQ,Percentage of GDP,_T,Total,_Z,Not application,_T,Total,_T,Total,_T,Total,_Z,Not applicable,_Z,Not applicable,_Z,Not applicable,2019,,8.566,,,,,,,,,,,,0,Units,1,One
DATAFLOW,OECD.ELS.HD:DSD_SHA@DF_SHA(1.1),Health expenditure and financing,I,SVN,Slovenia,A,Annual,EXP_HEALTH,Expenditure,PT_B1GQ,Percentage of GDP,_T,Total,_Z,Not application,_T,Total,_T,Total,_T,Total,_Z,Not applicable,_Z,Not applicable,_Z,Not applicable,2020,,9.49,,,,,,,,,,,,0,Units,1,One
DATAFLOW,OECD.ELS.HD:DSD_SHA@DF_SHA(1.1),Health expenditure and financing,I,SVN,Slovenia,A,Annual,EXP_HEALTH,Expenditure,PT_B1GQ,Percentage of GDP,_T,Total,_Z,Not application,_T,Total,_T,Total,_T,Total,_Z,Not applicable,_Z,Not applicable,_Z,Not applicable,2021,,9.525,,,,,,,,,,,,0,Units,1,One
DATAFLOW,OECD.ELS.HD:DSD_SHA@DF_SHA(1.1),Health expenditure and financing,I,SVN,Slovenia,A,Annual,EXP_HEALTH,Expenditure,PT_B1GQ,Percentage of GDP,_T,Total,_Z,Not application,_T,Total,_T,Total,_T,Total,_Z,Not applicable,_Z,Not applicable,_Z,Not applicable,2022,,9.631,,,,,,,,,,,,0,Units,1,One
DATAFLOW,OECD.ELS.HD:DSD_SHA@DF_SHA(1.1),Health expenditure and financing,I,SVN,Slovenia,A,Annual,EXP_HEALTH,Expenditure,PT_B1GQ,Percentage of GDP,_T,Total,_Z,Not application,_T,Total,_T,Total,_T,Total,_Z,Not applicable,_Z,Not applicable,_Z,Not applicable,2023,,9.286,,,,,,,,,,,,0,Units,1,One
DATAFLOW,OECD.ELS.HD:DSD_SHA@DF_SHA(1.1),Health expenditure and financing,I,SVN,Slovenia,A,Annual,EXP_HEALTH,Expenditure,PT_B1GQ,Percentage of GDP,_T,Total,_Z,Not application,_T,Total,_T,Total,_T,Total,_Z,Not applicable,_Z,Not applicable,_Z,Not applicable,2014,,8.585,,,,,,B,Time series break,,,,,0,Units,1,One
DATAFLOW,OECD.ELS.HD:DSD_SHA@DF_SHA(1.1),Health expenditure and financing,I,ESP,Spain,A,Annual,EXP_HEALTH,Expenditure,PT_B1GQ,Percentage of GDP,_T,Total,_Z,Not application,_T,Total,_T,Total,_T,Total,_Z,Not applicable,_Z,Not applicable,_Z,Not applicable,2003,,7.592,,,,,,B,Time series break,,,,,0,Units,1,One
DATAFLOW,OECD.ELS.HD:DSD_SHA@DF_SHA(1.1),Health expenditure and financing,I,ESP,Spain,A,Annual,EXP_HEALTH,Expenditure,PT_B1GQ,Percentage of GDP,_T,Total,_Z,Not application,_T,Total,_T,Total,_T,Total,_Z,Not applicable,_Z,Not applicable,_Z,Not applicable,2000,,6.802,,,,,,,,,,,,0,Units,1,One
DATAFLOW,OECD.ELS.HD:DSD_SHA@DF_SHA(1.1),Health expenditure and financing,I,ESP,Spain,A,Annual,EXP_HEALTH,Expenditure,PT_B1GQ,Percentage of GDP,_T,Total,_Z,Not application,_T,Total,_T,Total,_T,Total,_Z,Not applicable,_Z,Not applicable,_Z,Not applicable,2001,,6.769,,,,,,,,,,,,0,Units,1,One
DATAFLOW,OECD.ELS.HD:DSD_SHA@DF_SHA(1.1),Health expenditure and financing,I,ESP,Spain,A,Annual,EXP_HEALTH,Expenditure,PT_B1GQ,Percentage of GDP,_T,Total,_Z,Not application,_T,Total,_T,Total,_T,Total,_Z,Not applicable,_Z,Not applicable,_Z,Not applicable,2002,,6.799,,,,,,,,,,,,0,Units,1,One
DATAFLOW,OECD.ELS.HD:DSD_SHA@DF_SHA(1.1),Health expenditure and financing,I,POL,Poland,A,Annual,EXP_HEALTH,Expenditure,PT_B1GQ,Percentage of GDP,_T,Total,_Z,Not application,_T,Total,_T,Total,_T,Total,_Z,Not applicable,_Z,Not applicable,_Z,Not applicable,2015,,6.365,,,,,,,,,,,,0,Units,1,One
DATAFLOW,OECD.ELS.HD:DSD_SHA@DF_SHA(1.1),Health expenditure and financing,I,POL,Poland,A,Annual,EXP_HEALTH,Expenditure,PT_B1GQ,Percentage of GDP,_T,Total,_Z,Not application,_T,Total,_T,Total,_T,Total,_Z,Not applicable,_Z,Not applicable,_Z,Not applicable,2014,,6.283,,,,,,,,,,,,0,Units,1,One
DATAFLOW,OECD.ELS.HD:DSD_SHA@DF_SHA(1.1),Health expenditure and financing,I,POL,Poland,A,Annual,EXP_HEALTH,Expenditure,PT_B1GQ,Percentage of GDP,_T,Total,_Z,Not application,_T,Total,_T,Total,_T,Total,_Z,Not applicable,_Z,Not applicable,_Z,Not applicable,2013,,6.45,,,,,,,,,,,,0,Units,1,One
DATAFLOW,OECD.ELS.HD:DSD_SHA@DF_SHA(1.1),Health expenditure and financing,I,POL,Poland,A,Annual,EXP_HEALTH,Expenditure,PT_B1GQ,Percentage of GDP,_T,Total,_Z,Not application,_T,Total,_T,Total,_T,Total,_Z,Not applicable,_Z,Not applicable,_Z,Not applicable,2000,,5.265,,,,,,,,,,,,0,Units,1,One
DATAFLOW,OECD.ELS.HD:DSD_SHA@DF_SHA(1.1),Health expenditure and financing,I,POL,Poland,A,Annual,EXP_HEALTH,Expenditure,PT_B1GQ,Percentage of GDP,_T,Total,_Z,Not application,_T,Total,_T,Total,_T,Total,_Z,Not applicable,_Z,Not applicable,_Z,Not applicable,2001,,5.64,,,,,,,,,,,,0,Units,1,One
DATAFLOW,OECD.ELS.HD:DSD_SHA@DF_SHA(1.1),Health expenditure and financing,I,POL,Poland,A,Annual,EXP_HEALTH,Expenditure,PT_B1GQ,Percentage of GDP,_T,Total,_Z,Not application,_T,Total,_T,Total,_T,Total,_Z,Not applicable,_Z,Not applicable,_Z,Not applicable,2003,,5.934,,,,,,,,,,,,0,Units,1,One
DATAFLOW,OECD.ELS.HD:DSD_SHA@DF_SHA(1.1),Health expenditure and financing,I,POL,Poland,A,Annual,EXP_HEALTH,Expenditure,PT_B1GQ,Percentage of GDP,_T,Total,_Z,Not application,_T,Total,_T,Total,_T,Total,_Z,Not applicable,_Z,Not applicable,_Z,Not applicable,2004,,5.842,,,,,,,,,,,,0,Units,1,One
DATAFLOW,OECD.ELS.HD:DSD_SHA@DF_SHA(1.1),Health expenditure and financing,I,POL,Poland,A,Annual,EXP_HEALTH,Expenditure,PT_B1GQ,Percentage of GDP,_T,Total,_Z,Not application,_T,Total,_T,Total,_T,Total,_Z,Not applicable,_Z,Not applicable,_Z,Not applicable,2005,,5.791,,,,,,,,,,,,0,Units,1,One
DATAFLOW,OECD.ELS.HD:DSD_SHA@DF_SHA(1.1),Health expenditure and financing,I,POL,Poland,A,Annual,EXP_HEALTH,Expenditure,PT_B1GQ,Percentage of GDP,_T,Total,_Z,Not application,_T,Total,_T,Total,_T,Total,_Z,Not applicable,_Z,Not applicable,_Z,Not applicable,2006,,5.781,,,,,,,,,,,,0,Units,1,One
DATAFLOW,OECD.ELS.HD:DSD_SHA@DF_SHA(1.1),Health expenditure and financing,I,POL,Poland,A,Annual,EXP_HEALTH,Expenditure,PT_B1GQ,Percentage of GDP,_T,Total,_Z,Not application,_T,Total,_T,Total,_T,Total,_Z,Not applicable,_Z,Not applicable,_Z,Not applicable,2007,,5.864,,,,,,,,,,,,0,Units,1,One
DATAFLOW,OECD.ELS.HD:DSD_SHA@DF_SHA(1.1),Health expenditure and financing,I,POL,Poland,A,Annual,EXP_HEALTH,Expenditure,PT_B1GQ,Percentage of GDP,_T,Total,_Z,Not application,_T,Total,_T,Total,_T,Total,_Z,Not applicable,_Z,Not applicable,_Z,Not applicable,2008,,6.352,,,,,,,,,,,,0,Units,1,One
DATAFLOW,OECD.ELS.HD:DSD_SHA@DF_SHA(1.1),Health expenditure and financing,I,POL,Poland,A,Annual,EXP_HEALTH,Expenditure,PT_B1GQ,Percentage of GDP,_T,Total,_Z,Not application,_T,Total,_T,Total,_T,Total,_Z,Not applicable,_Z,Not applicable,_Z,Not applicable,2009,,6.57,,,,,,,,,,,,0,Units,1,One
DATAFLOW,OECD.ELS.HD:DSD_SHA@DF_SHA(1.1),Health expenditure and financing,I,POL,Poland,A,Annual,EXP_HEALTH,Expenditure,PT_B1GQ,Percentage of GDP,_T,Total,_Z,Not application,_T,Total,_T,Total,_T,Total,_Z,Not applicable,_Z,Not applicable,_Z,Not applicable,2011,,6.245,,,,,,,,,,,,0,Units,1,One
DATAFLOW,OECD.ELS.HD:DSD_SHA@DF_SHA(1.1),Health expenditure and financing,I,POL,Poland,A,Annual,EXP_HEALTH,Expenditure,PT_B1GQ,Percentage of GDP,_T,Total,_Z,Not application,_T,Total,_T,Total,_T,Total,_Z,Not applicable,_Z,Not applicable,_Z,Not applicable,2012,,6.229,,,,,,,,,,,,0,Units,1,One
DATAFLOW,OECD.ELS.HD:DSD_SHA@DF_SHA(1.1),Health expenditure and financing,I,POL,Poland,A,Annual,EXP_HEALTH,Expenditure,PT_B1GQ,Percentage of GDP,_T,Total,_Z,Not application,_T,Total,_T,Total,_T,Total,_Z,Not applicable,_Z,Not applicable,_Z,Not applicable,2002,,6.048,,,,,,B,Time series break,,,,,0,Units,1,One
DATAFLOW,OECD.ELS.HD:DSD_SHA@DF_SHA(1.1),Health expenditure and financing,I,POL,Poland,A,Annual,EXP_HEALTH,Expenditure,PT_B1GQ,Percentage of GDP,_T,Total,_Z,Not application,_T,Total,_T,Total,_T,Total,_Z,Not applicable,_Z,Not applicable,_Z,Not applicable,2010,,6.435,,,,,,B,Time series break,,,,,0,Units,1,One
DATAFLOW,OECD.ELS.HD:DSD_SHA@DF_SHA(1.1),Health expenditure and financing,I,NOR,Norway,A,Annual,EXP_HEALTH,Expenditure,PT_B1GQ,Percentage of GDP,_T,Total,_Z,Not application,_T,Total,_T,Total,_T,Total,_Z,Not applicable,_Z,Not applicable,_Z,Not applicable,2023,,8.932,,,,,,E,Estimated value,,,,,0,Units,1,One
DATAFLOW,OECD.ELS.HD:DSD_SHA@DF_SHA(1.1),Health expenditure and financing,I,SVK,Slovak Republic,A,Annual,EXP_HEALTH,Expenditure,PT_B1GQ,Percentage of GDP,_T,Total,_Z,Not application,_T,Total,_T,Total,_T,Total,_Z,Not applicable,_Z,Not applicable,_Z,Not applicable,2000,,5.307,,,,,,,,,,,,0,Units,1,One
DATAFLOW,OECD.ELS.HD:DSD_SHA@DF_SHA(1.1),Health expenditure and financing,I,SVK,Slovak Republic,A,Annual,EXP_HEALTH,Expenditure,PT_B1GQ,Percentage of GDP,_T,Total,_Z,Not application,_T,Total,_T,Total,_T,Total,_Z,Not applicable,_Z,Not applicable,_Z,Not applicable,2001,,5.341,,,,,,,,,,,,0,Units,1,One
DATAFLOW,OECD.ELS.HD:DSD_SHA@DF_SHA(1.1),Health expenditure and financing,I,SVK,Slovak Republic,A,Annual,EXP_HEALTH,Expenditure,PT_B1GQ,Percentage of GDP,_T,Total,_Z,Not application,_T,Total,_T,Total,_T,Total,_Z,Not applicable,_Z,Not applicable,_Z,Not applicable,2002,,5.518,,,,,,,,,,,,0,Units,1,One
DATAFLOW,OECD.ELS.HD:DSD_SHA@DF_SHA(1.1),Health expenditure and financing,I,SVK,Slovak Republic,A,Annual,EXP_HEALTH,Expenditure,PT_B1GQ,Percentage of GDP,_T,Total,_Z,Not application,_T,Total,_T,Total,_T,Total,_Z,Not applicable,_Z,Not applicable,_Z,Not applicable,2003,,5.484,,,,,,,,,,,,0,Units,1,One
DATAFLOW,OECD.ELS.HD:DSD_SHA@DF_SHA(1.1),Health expenditure and financing,I,SVK,Slovak Republic,A,Annual,EXP_HEALTH,Expenditure,PT_B1GQ,Percentage of GDP,_T,Total,_Z,Not application,_T,Total,_T,Total,_T,Total,_Z,Not applicable,_Z,Not applicable,_Z,Not applicable,2006,,6.852,,,,,,,,,,,,0,Units,1,One
DATAFLOW,OECD.ELS.HD:DSD_SHA@DF_SHA(1.1),Health expenditure and financing,I,SVK,Slovak Republic,A,Annual,EXP_HEALTH,Expenditure,PT_B1GQ,Percentage of GDP,_T,Total,_Z,Not application,_T,Total,_T,Total,_T,Total,_Z,Not applicable,_Z,Not applicable,_Z,Not applicable,2007,,7.175,,,,,,,,,,,,0,Units,1,One
DATAFLOW,OECD.ELS.HD:DSD_SHA@DF_SHA(1.1),Health expenditure and financing,I,SVK,Slovak Republic,A,Annual,EXP_HEALTH,Expenditure,PT_B1GQ,Percentage of GDP,_T,Total,_Z,Not application,_T,Total,_T,Total,_T,Total,_Z,Not applicable,_Z,Not applicable,_Z,Not applicable,2009,,7.953,,,,,,,,,,,,0,Units,1,One
DATAFLOW,OECD.ELS.HD:DSD_SHA@DF_SHA(1.1),Health expenditure and financing,I,SVK,Slovak Republic,A,Annual,EXP_HEALTH,Expenditure,PT_B1GQ,Percentage of GDP,_T,Total,_Z,Not application,_T,Total,_T,Total,_T,Total,_Z,Not applicable,_Z,Not applicable,_Z,Not applicable,2010,,7.671,,,,,,,,,,,,0,Units,1,One
DATAFLOW,OECD.ELS.HD:DSD_SHA@DF_SHA(1.1),Health expenditure and financing,I,SVK,Slovak Republic,A,Annual,EXP_HEALTH,Expenditure,PT_B1GQ,Percentage of GDP,_T,Total,_Z,Not application,_T,Total,_T,Total,_T,Total,_Z,Not applicable,_Z,Not applicable,_Z,Not applicable,2011,,7.315,,,,,,,,,,,,0,Units,1,One
DATAFLOW,OECD.ELS.HD:DSD_SHA@DF_SHA(1.1),Health expenditure and financing,I,SVK,Slovak Republic,A,Annual,EXP_HEALTH,Expenditure,PT_B1GQ,Percentage of GDP,_T,Total,_Z,Not application,_T,Total,_T,Total,_T,Total,_Z,Not applicable,_Z,Not applicable,_Z,Not applicable,2013,,7.48,,,,,,,,,,,,0,Units,1,One
DATAFLOW,OECD.ELS.HD:DSD_SHA@DF_SHA(1.1),Health expenditure and financing,I,SVK,Slovak Republic,A,Annual,EXP_HEALTH,Expenditure,PT_B1GQ,Percentage of GDP,_T,Total,_Z,Not application,_T,Total,_T,Total,_T,Total,_Z,Not applicable,_Z,Not applicable,_Z,Not applicable,2014,,6.865,,,,,,,,,,,,0,Units,1,One
DATAFLOW,OECD.ELS.HD:DSD_SHA@DF_SHA(1.1),Health expenditure and financing,I,SVK,Slovak Republic,A,Annual,EXP_HEALTH,Expenditure,PT_B1GQ,Percentage of GDP,_T,Total,_Z,Not application,_T,Total,_T,Total,_T,Total,_Z,Not applicable,_Z,Not applicable,_Z,Not applicable,2015,,6.741,,,,,,,,,,,,0,Units,1,One
DATAFLOW,OECD.ELS.HD:DSD_SHA@DF_SHA(1.1),Health expenditure and financing,I,SVK,Slovak Republic,A,Annual,EXP_HEALTH,Expenditure,PT_B1GQ,Percentage of GDP,_T,Total,_Z,Not application,_T,Total,_T,Total,_T,Total,_Z,Not applicable,_Z,Not applicable,_Z,Not applicable,2016,,6.942,,,,,,,,,,,,0,Units,1,One
DATAFLOW,OECD.ELS.HD:DSD_SHA@DF_SHA(1.1),Health expenditure and financing,I,SVK,Slovak Republic,A,Annual,EXP_HEALTH,Expenditure,PT_B1GQ,Percentage of GDP,_T,Total,_Z,Not application,_T,Total,_T,Total,_T,Total,_Z,Not applicable,_Z,Not applicable,_Z,Not applicable,2017,,6.734,,,,,,,,,,,,0,Units,1,One
DATAFLOW,OECD.ELS.HD:DSD_SHA@DF_SHA(1.1),Health expenditure and financing,I,SVK,Slovak Republic,A,Annual,EXP_HEALTH,Expenditure,PT_B1GQ,Percentage of GDP,_T,Total,_Z,Not application,_T,Total,_T,Total,_T,Total,_Z,Not applicable,_Z,Not applicable,_Z,Not applicable,2018,,6.637,,,,,,,,,,,,0,Units,1,One
DATAFLOW,OECD.ELS.HD:DSD_SHA@DF_SHA(1.1),Health expenditure and financing,I,SVK,Slovak Republic,A,Annual,EXP_HEALTH,Expenditure,PT_B1GQ,Percentage of GDP,_T,Total,_Z,Not application,_T,Total,_T,Total,_T,Total,_Z,Not applicable,_Z,Not applicable,_Z,Not applicable,2019,,6.911,,,,,,,,,,,,0,Units,1,One
DATAFLOW,OECD.ELS.HD:DSD_SHA@DF_SHA(1.1),Health expenditure and financing,I,SVK,Slovak Republic,A,Annual,EXP_HEALTH,Expenditure,PT_B1GQ,Percentage of GDP,_T,Total,_Z,Not application,_T,Total,_T,Total,_T,Total,_Z,Not applicable,_Z,Not applicable,_Z,Not applicable,2020,,7.06,,,,,,,,,,,,0,Units,1,One
DATAFLOW,OECD.ELS.HD:DSD_SHA@DF_SHA(1.1),Health expenditure and financing,I,SVK,Slovak Republic,A,Annual,EXP_HEALTH,Expenditure,PT_B1GQ,Percentage of GDP,_T,Total,_Z,Not application,_T,Total,_T,Total,_T,Total,_Z,Not applicable,_Z,Not applicable,_Z,Not applicable,2021,,7.632,,,,,,,,,,,,0,Units,1,One
DATAFLOW,OECD.ELS.HD:DSD_SHA@DF_SHA(1.1),Health expenditure and financing,I,SVK,Slovak Republic,A,Annual,EXP_HEALTH,Expenditure,PT_B1GQ,Percentage of GDP,_T,Total,_Z,Not application,_T,Total,_T,Total,_T,Total,_Z,Not applicable,_Z,Not applicable,_Z,Not applicable,2022,,7.709,,,,,,,,,,,,0,Units,1,One
DATAFLOW,OECD.ELS.HD:DSD_SHA@DF_SHA(1.1),Health expenditure and financing,I,SVK,Slovak Republic,A,Annual,EXP_HEALTH,Expenditure,PT_B1GQ,Percentage of GDP,_T,Total,_Z,Not application,_T,Total,_T,Total,_T,Total,_Z,Not applicable,_Z,Not applicable,_Z,Not applicable,2023,,7.37,,,,,,,,,,,,0,Units,1,One
DATAFLOW,OECD.ELS.HD:DSD_SHA@DF_SHA(1.1),Health expenditure and financing,I,SVK,Slovak Republic,A,Annual,EXP_HEALTH,Expenditure,PT_B1GQ,Percentage of GDP,_T,Total,_Z,Not application,_T,Total,_T,Total,_T,Total,_Z,Not applicable,_Z,Not applicable,_Z,Not applicable,2004,,6.495,,,,,,B,Time series break,,,,,0,Units,1,One
DATAFLOW,OECD.ELS.HD:DSD_SHA@DF_SHA(1.1),Health expenditure and financing,I,SVK,Slovak Republic,A,Annual,EXP_HEALTH,Expenditure,PT_B1GQ,Percentage of GDP,_T,Total,_Z,Not application,_T,Total,_T,Total,_T,Total,_Z,Not applicable,_Z,Not applicable,_Z,Not applicable,2008,,6.96,,,,,,B,Time series break,,,,,0,Units,1,One
DATAFLOW,OECD.ELS.HD:DSD_SHA@DF_SHA(1.1),Health expenditure and financing,I,SVK,Slovak Republic,A,Annual,EXP_HEALTH,Expenditure,PT_B1GQ,Percentage of GDP,_T,Total,_Z,Not application,_T,Total,_T,Total,_T,Total,_Z,Not applicable,_Z,Not applicable,_Z,Not applicable,2005,,6.616,,,,,,B,Time series break,,,,,0,Units,1,One
DATAFLOW,OECD.ELS.HD:DSD_SHA@DF_SHA(1.1),Health expenditure and financing,I,SVK,Slovak Republic,A,Annual,EXP_HEALTH,Expenditure,PT_B1GQ,Percentage of GDP,_T,Total,_Z,Not application,_T,Total,_T,Total,_T,Total,_Z,Not applicable,_Z,Not applicable,_Z,Not applicable,2012,,7.528,,,,,,B,Time series break,,,,,0,Units,1,One
DATAFLOW,OECD.ELS.HD:DSD_SHA@DF_SHA(1.1),Health expenditure and financing,I,PRT,Portugal,A,Annual,EXP_HEALTH,Expenditure,PT_B1GQ,Percentage of GDP,_T,Total,_Z,Not application,_T,Total,_T,Total,_T,Total,_Z,Not applicable,_Z,Not applicable,_Z,Not applicable,2023,,9.949,,,,,,,,,,,,0,Units,1,One
DATAFLOW,OECD.ELS.HD:DSD_SHA@DF_SHA(1.1),Health expenditure and financing,I,PRT,Portugal,A,Annual,EXP_HEALTH,Expenditure,PT_B1GQ,Percentage of GDP,_T,Total,_Z,Not application,_T,Total,_T,Total,_T,Total,_Z,Not applicable,_Z,Not applicable,_Z,Not applicable,2022,,10.563,,,,,,,,,,,,0,Units,1,One
DATAFLOW,OECD.ELS.HD:DSD_SHA@DF_SHA(1.1),Health expenditure and financing,I,SVN,Slovenia,A,Annual,EXP_HEALTH,Expenditure,PT_B1GQ,Percentage of GDP,_T,Total,_Z,Not application,_T,Total,_T,Total,_T,Total,_Z,Not applicable,_Z,Not applicable,_Z,Not applicable,2002,,8.116,,,,,,,,,,,,0,Units,1,One
DATAFLOW,OECD.ELS.HD:DSD_SHA@DF_SHA(1.1),Health expenditure and financing,I,SVN,Slovenia,A,Annual,EXP_HEALTH,Expenditure,PT_B1GQ,Percentage of GDP,_T,Total,_Z,Not application,_T,Total,_T,Total,_T,Total,_Z,Not applicable,_Z,Not applicable,_Z,Not applicable,2004,,8,,,,,,,,,,,,0,Units,1,One
DATAFLOW,OECD.ELS.HD:DSD_SHA@DF_SHA(1.1),Health expenditure and financing,I,SVN,Slovenia,A,Annual,EXP_HEALTH,Expenditure,PT_B1GQ,Percentage of GDP,_T,Total,_Z,Not application,_T,Total,_T,Total,_T,Total,_Z,Not applicable,_Z,Not applicable,_Z,Not applicable,2003,,8.174,,,,,,,,,,,,0,Units,1,One
DATAFLOW,OECD.ELS.HD:DSD_SHA@DF_SHA(1.1),Health expenditure and financing,I,SVN,Slovenia,A,Annual,EXP_HEALTH,Expenditure,PT_B1GQ,Percentage of GDP,_T,Total,_Z,Not application,_T,Total,_T,Total,_T,Total,_Z,Not applicable,_Z,Not applicable,_Z,Not applicable,2000,,7.855,,,,,,E,Estimated value,,,,,0,Units,1,One
DATAFLOW,OECD.ELS.HD:DSD_SHA@DF_SHA(1.1),Health expenditure and financing,I,SVN,Slovenia,A,Annual,EXP_HEALTH,Expenditure,PT_B1GQ,Percentage of GDP,_T,Total,_Z,Not application,_T,Total,_T,Total,_T,Total,_Z,Not applicable,_Z,Not applicable,_Z,Not applicable,2001,,7.955,,,,,,E,Estimated value,,,,,0,Units,1,One
DATAFLOW,OECD.ELS.HD:DSD_SHA@DF_SHA(1.1),Health expenditure and financing,I,JPN,Japan,A,Annual,EXP_HEALTH,Expenditure,PT_B1GQ,Percentage of GDP,_T,Total,_Z,Not application,_T,Total,_T,Total,_T,Total,_Z,Not applicable,_Z,Not applicable,_Z,Not applicable,2000,,6.931,,,,,,,,,,,,0,Units,1,One
DATAFLOW,OECD.ELS.HD:DSD_SHA@DF_SHA(1.1),Health expenditure and financing,I,JPN,Japan,A,Annual,EXP_HEALTH,Expenditure,PT_B1GQ,Percentage of GDP,_T,Total,_Z,Not application,_T,Total,_T,Total,_T,Total,_Z,Not applicable,_Z,Not applicable,_Z,Not applicable,2001,,7.135,,,,,,,,,,,,0,Units,1,One
DATAFLOW,OECD.ELS.HD:DSD_SHA@DF_SHA(1.1),Health expenditure and financing,I,JPN,Japan,A,Annual,EXP_HEALTH,Expenditure,PT_B1GQ,Percentage of GDP,_T,Total,_Z,Not application,_T,Total,_T,Total,_T,Total,_Z,Not applicable,_Z,Not applicable,_Z,Not applicable,2002,,7.243,,,,,,,,,,,,0,Units,1,One
DATAFLOW,OECD.ELS.HD:DSD_SHA@DF_SHA(1.1),Health expenditure and financing,I,JPN,Japan,A,Annual,EXP_HEALTH,Expenditure,PT_B1GQ,Percentage of GDP,_T,Total,_Z,Not application,_T,Total,_T,Total,_T,Total,_Z,Not applicable,_Z,Not applicable,_Z,Not applicable,2003,,7.398,,,,,,,,,,,,0,Units,1,One
DATAFLOW,OECD.ELS.HD:DSD_SHA@DF_SHA(1.1),Health expenditure and financing,I,JPN,Japan,A,Annual,EXP_HEALTH,Expenditure,PT_B1GQ,Percentage of GDP,_T,Total,_Z,Not application,_T,Total,_T,Total,_T,Total,_Z,Not applicable,_Z,Not applicable,_Z,Not applicable,2004,,7.461,,,,,,,,,,,,0,Units,1,One
DATAFLOW,OECD.ELS.HD:DSD_SHA@DF_SHA(1.1),Health expenditure and financing,I,JPN,Japan,A,Annual,EXP_HEALTH,Expenditure,PT_B1GQ,Percentage of GDP,_T,Total,_Z,Not application,_T,Total,_T,Total,_T,Total,_Z,Not applicable,_Z,Not applicable,_Z,Not applicable,2005,,7.589,,,,,,,,,,,,0,Units,1,One
DATAFLOW,OECD.ELS.HD:DSD_SHA@DF_SHA(1.1),Health expenditure and financing,I,JPN,Japan,A,Annual,EXP_HEALTH,Expenditure,PT_B1GQ,Percentage of GDP,_T,Total,_Z,Not application,_T,Total,_T,Total,_T,Total,_Z,Not applicable,_Z,Not applicable,_Z,Not applicable,2006,,7.61,,,,,,,,,,,,0,Units,1,One
DATAFLOW,OECD.ELS.HD:DSD_SHA@DF_SHA(1.1),Health expenditure and financing,I,JPN,Japan,A,Annual,EXP_HEALTH,Expenditure,PT_B1GQ,Percentage of GDP,_T,Total,_Z,Not application,_T,Total,_T,Total,_T,Total,_Z,Not applicable,_Z,Not applicable,_Z,Not applicable,2007,,7.704,,,,,,,,,,,,0,Units,1,One
DATAFLOW,OECD.ELS.HD:DSD_SHA@DF_SHA(1.1),Health expenditure and financing,I,JPN,Japan,A,Annual,EXP_HEALTH,Expenditure,PT_B1GQ,Percentage of GDP,_T,Total,_Z,Not application,_T,Total,_T,Total,_T,Total,_Z,Not applicable,_Z,Not applicable,_Z,Not applicable,2008,,8.005,,,,,,,,,,,,0,Units,1,One
DATAFLOW,OECD.ELS.HD:DSD_SHA@DF_SHA(1.1),Health expenditure and financing,I,JPN,Japan,A,Annual,EXP_HEALTH,Expenditure,PT_B1GQ,Percentage of GDP,_T,Total,_Z,Not application,_T,Total,_T,Total,_T,Total,_Z,Not applicable,_Z,Not applicable,_Z,Not applicable,2009,,8.879,,,,,,,,,,,,0,Units,1,One
DATAFLOW,OECD.ELS.HD:DSD_SHA@DF_SHA(1.1),Health expenditure and financing,I,JPN,Japan,A,Annual,EXP_HEALTH,Expenditure,PT_B1GQ,Percentage of GDP,_T,Total,_Z,Not application,_T,Total,_T,Total,_T,Total,_Z,Not applicable,_Z,Not applicable,_Z,Not applicable,2010,,8.981,,,,,,,,,,,,0,Units,1,One
DATAFLOW,OECD.ELS.HD:DSD_SHA@DF_SHA(1.1),Health expenditure and financing,I,JPN,Japan,A,Annual,EXP_HEALTH,Expenditure,PT_B1GQ,Percentage of GDP,_T,Total,_Z,Not application,_T,Total,_T,Total,_T,Total,_Z,Not applicable,_Z,Not applicable,_Z,Not applicable,2012,,10.568,,,,,,,,,,,,0,Units,1,One
DATAFLOW,OECD.ELS.HD:DSD_SHA@DF_SHA(1.1),Health expenditure and financing,I,JPN,Japan,A,Annual,EXP_HEALTH,Expenditure,PT_B1GQ,Percentage of GDP,_T,Total,_Z,Not application,_T,Total,_T,Total,_T,Total,_Z,Not applicable,_Z,Not applicable,_Z,Not applicable,2013,,10.553,,,,,,,,,,,,0,Units,1,One
DATAFLOW,OECD.ELS.HD:DSD_SHA@DF_SHA(1.1),Health expenditure and financing,I,JPN,Japan,A,Annual,EXP_HEALTH,Expenditure,PT_B1GQ,Percentage of GDP,_T,Total,_Z,Not application,_T,Total,_T,Total,_T,Total,_Z,Not applicable,_Z,Not applicable,_Z,Not applicable,2014,,10.538,,,,,,,,,,,,0,Units,1,One
DATAFLOW,OECD.ELS.HD:DSD_SHA@DF_SHA(1.1),Health expenditure and financing,I,JPN,Japan,A,Annual,EXP_HEALTH,Expenditure,PT_B1GQ,Percentage of GDP,_T,Total,_Z,Not application,_T,Total,_T,Total,_T,Total,_Z,Not applicable,_Z,Not applicable,_Z,Not applicable,2015,,10.538,,,,,,,,,,,,0,Units,1,One
DATAFLOW,OECD.ELS.HD:DSD_SHA@DF_SHA(1.1),Health expenditure and financing,I,JPN,Japan,A,Annual,EXP_HEALTH,Expenditure,PT_B1GQ,Percentage of GDP,_T,Total,_Z,Not application,_T,Total,_T,Total,_T,Total,_Z,Not applicable,_Z,Not applicable,_Z,Not applicable,2016,,10.436,,,,,,,,,,,,0,Units,1,One
DATAFLOW,OECD.ELS.HD:DSD_SHA@DF_SHA(1.1),Health expenditure and financing,I,JPN,Japan,A,Annual,EXP_HEALTH,Expenditure,PT_B1GQ,Percentage of GDP,_T,Total,_Z,Not application,_T,Total,_T,Total,_T,Total,_Z,Not applicable,_Z,Not applicable,_Z,Not applicable,2017,,10.429,,,,,,,,,,,,0,Units,1,One
DATAFLOW,OECD.ELS.HD:DSD_SHA@DF_SHA(1.1),Health expenditure and financing,I,JPN,Japan,A,Annual,EXP_HEALTH,Expenditure,PT_B1GQ,Percentage of GDP,_T,Total,_Z,Not application,_T,Total,_T,Total,_T,Total,_Z,Not applicable,_Z,Not applicable,_Z,Not applicable,2018,,10.504,,,,,,,,,,,,0,Units,1,One
DATAFLOW,OECD.ELS.HD:DSD_SHA@DF_SHA(1.1),Health expenditure and financing,I,JPN,Japan,A,Annual,EXP_HEALTH,Expenditure,PT_B1GQ,Percentage of GDP,_T,Total,_Z,Not application,_T,Total,_T,Total,_T,Total,_Z,Not applicable,_Z,Not applicable,_Z,Not applicable,2019,,10.703,,,,,,,,,,,,0,Units,1,One
DATAFLOW,OECD.ELS.HD:DSD_SHA@DF_SHA(1.1),Health expenditure and financing,I,JPN,Japan,A,Annual,EXP_HEALTH,Expenditure,PT_B1GQ,Percentage of GDP,_T,Total,_Z,Not application,_T,Total,_T,Total,_T,Total,_Z,Not applicable,_Z,Not applicable,_Z,Not applicable,2020,,11.157,,,,,,,,,,,,0,Units,1,One
DATAFLOW,OECD.ELS.HD:DSD_SHA@DF_SHA(1.1),Health expenditure and financing,I,JPN,Japan,A,Annual,EXP_HEALTH,Expenditure,PT_B1GQ,Percentage of GDP,_T,Total,_Z,Not application,_T,Total,_T,Total,_T,Total,_Z,Not applicable,_Z,Not applicable,_Z,Not applicable,2021,,11.708,,,,,,,,,,,,0,Units,1,One
DATAFLOW,OECD.ELS.HD:DSD_SHA@DF_SHA(1.1),Health expenditure and financing,I,JPN,Japan,A,Annual,EXP_HEALTH,Expenditure,PT_B1GQ,Percentage of GDP,_T,Total,_Z,Not application,_T,Total,_T,Total,_T,Total,_Z,Not applicable,_Z,Not applicable,_Z,Not applicable,2022,,11.691,,,,,,,,,,,,0,Units,1,One
DATAFLOW,OECD.ELS.HD:DSD_SHA@DF_SHA(1.1),Health expenditure and financing,I,JPN,Japan,A,Annual,EXP_HEALTH,Expenditure,PT_B1GQ,Percentage of GDP,_T,Total,_Z,Not application,_T,Total,_T,Total,_T,Total,_Z,Not applicable,_Z,Not applicable,_Z,Not applicable,2023,,10.754,,,,,,,,,,,,0,Units,1,One
DATAFLOW,OECD.ELS.HD:DSD_SHA@DF_SHA(1.1),Health expenditure and financing,I,FIN,Finland,A,Annual,EXP_HEALTH,Expenditure,PT_B1GQ,Percentage of GDP,_T,Total,_Z,Not application,_T,Total,_T,Total,_T,Total,_Z,Not applicable,_Z,Not applicable,_Z,Not applicable,2019,,9.223,,,,,,,,,,,,0,Units,1,One
DATAFLOW,OECD.ELS.HD:DSD_SHA@DF_SHA(1.1),Health expenditure and financing,I,FIN,Finland,A,Annual,EXP_HEALTH,Expenditure,PT_B1GQ,Percentage of GDP,_T,Total,_Z,Not application,_T,Total,_T,Total,_T,Total,_Z,Not applicable,_Z,Not applicable,_Z,Not applicable,2020,,9.7,,,,,,,,,,,,0,Units,1,One
DATAFLOW,OECD.ELS.HD:DSD_SHA@DF_SHA(1.1),Health expenditure and financing,I,FIN,Finland,A,Annual,EXP_HEALTH,Expenditure,PT_B1GQ,Percentage of GDP,_T,Total,_Z,Not application,_T,Total,_T,Total,_T,Total,_Z,Not applicable,_Z,Not applicable,_Z,Not applicable,2021,,9.91,,,,,,,,,,,,0,Units,1,One
DATAFLOW,OECD.ELS.HD:DSD_SHA@DF_SHA(1.1),Health expenditure and financing,I,FIN,Finland,A,Annual,EXP_HEALTH,Expenditure,PT_B1GQ,Percentage of GDP,_T,Total,_Z,Not application,_T,Total,_T,Total,_T,Total,_Z,Not applicable,_Z,Not applicable,_Z,Not applicable,2022,,9.742,,,,,,,,,,,,0,Units,1,One
DATAFLOW,OECD.ELS.HD:DSD_SHA@DF_SHA(1.1),Health expenditure and financing,I,GRC,Greece,A,Annual,EXP_HEALTH,Expenditure,PT_B1GQ,Percentage of GDP,_T,Total,_Z,Not application,_T,Total,_T,Total,_T,Total,_Z,Not applicable,_Z,Not applicable,_Z,Not applicable,2020,,9.381,,,,,,,,,,,,0,Units,1,One
DATAFLOW,OECD.ELS.HD:DSD_SHA@DF_SHA(1.1),Health expenditure and financing,I,GRC,Greece,A,Annual,EXP_HEALTH,Expenditure,PT_B1GQ,Percentage of GDP,_T,Total,_Z,Not application,_T,Total,_T,Total,_T,Total,_Z,Not applicable,_Z,Not applicable,_Z,Not applicable,2019,,8.117,,,,,,,,,,,,0,Units,1,One
DATAFLOW,OECD.ELS.HD:DSD_SHA@DF_SHA(1.1),Health expenditure and financing,I,GRC,Greece,A,Annual,EXP_HEALTH,Expenditure,PT_B1GQ,Percentage of GDP,_T,Total,_Z,Not application,_T,Total,_T,Total,_T,Total,_Z,Not applicable,_Z,Not applicable,_Z,Not applicable,2018,,8.073,,,,,,,,,,,,0,Units,1,One
DATAFLOW,OECD.ELS.HD:DSD_SHA@DF_SHA(1.1),Health expenditure and financing,I,GRC,Greece,A,Annual,EXP_HEALTH,Expenditure,PT_B1GQ,Percentage of GDP,_T,Total,_Z,Not application,_T,Total,_T,Total,_T,Total,_Z,Not applicable,_Z,Not applicable,_Z,Not applicable,2023,,8.413,,,,,,,,,,,,0,Units,1,One
DATAFLOW,OECD.ELS.HD:DSD_SHA@DF_SHA(1.1),Health expenditure and financing,I,GRC,Greece,A,Annual,EXP_HEALTH,Expenditure,PT_B1GQ,Percentage of GDP,_T,Total,_Z,Not application,_T,Total,_T,Total,_T,Total,_Z,Not applicable,_Z,Not applicable,_Z,Not applicable,2021,,9.032,,,,,,,,,,,,0,Units,1,One
DATAFLOW,OECD.ELS.HD:DSD_SHA@DF_SHA(1.1),Health expenditure and financing,I,GRC,Greece,A,Annual,EXP_HEALTH,Expenditure,PT_B1GQ,Percentage of GDP,_T,Total,_Z,Not application,_T,Total,_T,Total,_T,Total,_Z,Not applicable,_Z,Not applicable,_Z,Not applicable,2022,,8.484,,,,,,,,,,,,0,Units,1,One
DATAFLOW,OECD.ELS.HD:DSD_SHA@DF_SHA(1.1),Health expenditure and financing,I,CAN,Canada,A,Annual,EXP_HEALTH,Expenditure,PT_B1GQ,Percentage of GDP,_T,Total,_Z,Not application,_T,Total,_T,Total,_T,Total,_Z,Not applicable,_Z,Not applicable,_Z,Not applicable,2009,,10.722,,,,,,,,,,,,0,Units,1,One
DATAFLOW,OECD.ELS.HD:DSD_SHA@DF_SHA(1.1),Health expenditure and financing,I,CAN,Canada,A,Annual,EXP_HEALTH,Expenditure,PT_B1GQ,Percentage of GDP,_T,Total,_Z,Not application,_T,Total,_T,Total,_T,Total,_Z,Not applicable,_Z,Not applicable,_Z,Not applicable,2012,,10.527,,,,,,,,,,,,0,Units,1,One
DATAFLOW,OECD.ELS.HD:DSD_SHA@DF_SHA(1.1),Health expenditure and financing,I,CAN,Canada,A,Annual,EXP_HEALTH,Expenditure,PT_B1GQ,Percentage of GDP,_T,Total,_Z,Not application,_T,Total,_T,Total,_T,Total,_Z,Not applicable,_Z,Not applicable,_Z,Not applicable,2008,,9.609,,,,,,,,,,,,0,Units,1,One
DATAFLOW,OECD.ELS.HD:DSD_SHA@DF_SHA(1.1),Health expenditure and financing,I,CAN,Canada,A,Annual,EXP_HEALTH,Expenditure,PT_B1GQ,Percentage of GDP,_T,Total,_Z,Not application,_T,Total,_T,Total,_T,Total,_Z,Not applicable,_Z,Not applicable,_Z,Not applicable,2010,,10.705,,,,,,,,,,,,0,Units,1,One
DATAFLOW,OECD.ELS.HD:DSD_SHA@DF_SHA(1.1),Health expenditure and financing,I,CAN,Canada,A,Annual,EXP_HEALTH,Expenditure,PT_B1GQ,Percentage of GDP,_T,Total,_Z,Not application,_T,Total,_T,Total,_T,Total,_Z,Not applicable,_Z,Not applicable,_Z,Not applicable,2011,,10.414,,,,,,,,,,,,0,Units,1,One
DATAFLOW,OECD.ELS.HD:DSD_SHA@DF_SHA(1.1),Health expenditure and financing,I,CAN,Canada,A,Annual,EXP_HEALTH,Expenditure,PT_B1GQ,Percentage of GDP,_T,Total,_Z,Not application,_T,Total,_T,Total,_T,Total,_Z,Not applicable,_Z,Not applicable,_Z,Not applicable,2013,,10.426,,,,,,,,,,,,0,Units,1,One
DATAFLOW,OECD.ELS.HD:DSD_SHA@DF_SHA(1.1),Health expenditure and financing,I,DEU,Germany,A,Annual,EXP_HEALTH,Expenditure,PT_B1GQ,Percentage of GDP,_T,Total,_Z,Not application,_T,Total,_T,Total,_T,Total,_Z,Not applicable,_Z,Not applicable,_Z,Not applicable,2018,,11.174,,,,,,,,,,,,0,Units,1,One
DATAFLOW,OECD.ELS.HD:DSD_SHA@DF_SHA(1.1),Health expenditure and financing,I,DEU,Germany,A,Annual,EXP_HEALTH,Expenditure,PT_B1GQ,Percentage of GDP,_T,Total,_Z,Not application,_T,Total,_T,Total,_T,Total,_Z,Not applicable,_Z,Not applicable,_Z,Not applicable,2015,,10.918,,,,,,,,,,,,0,Units,1,One
DATAFLOW,OECD.ELS.HD:DSD_SHA@DF_SHA(1.1),Health expenditure and financing,I,DEU,Germany,A,Annual,EXP_HEALTH,Expenditure,PT_B1GQ,Percentage of GDP,_T,Total,_Z,Not application,_T,Total,_T,Total,_T,Total,_Z,Not applicable,_Z,Not applicable,_Z,Not applicable,2017,,11.044,,,,,,,,,,,,0,Units,1,One
DATAFLOW,OECD.ELS.HD:DSD_SHA@DF_SHA(1.1),Health expenditure and financing,I,DEU,Germany,A,Annual,EXP_HEALTH,Expenditure,PT_B1GQ,Percentage of GDP,_T,Total,_Z,Not application,_T,Total,_T,Total,_T,Total,_Z,Not applicable,_Z,Not applicable,_Z,Not applicable,2016,,10.974,,,,,,,,,,,,0,Units,1,One
DATAFLOW,OECD.ELS.HD:DSD_SHA@DF_SHA(1.1),Health expenditure and financing,I,DNK,Denmark,A,Annual,EXP_HEALTH,Expenditure,PT_B1GQ,Percentage of GDP,_T,Total,_Z,Not application,_T,Total,_T,Total,_T,Total,_Z,Not applicable,_Z,Not applicable,_Z,Not applicable,2001,,8.444,,,,,,,,,,,,0,Units,1,One
DATAFLOW,OECD.ELS.HD:DSD_SHA@DF_SHA(1.1),Health expenditure and financing,I,DNK,Denmark,A,Annual,EXP_HEALTH,Expenditure,PT_B1GQ,Percentage of GDP,_T,Total,_Z,Not application,_T,Total,_T,Total,_T,Total,_Z,Not applicable,_Z,Not applicable,_Z,Not applicable,2002,,8.695,,,,,,,,,,,,0,Units,1,One
DATAFLOW,OECD.ELS.HD:DSD_SHA@DF_SHA(1.1),Health expenditure and financing,I,DNK,Denmark,A,Annual,EXP_HEALTH,Expenditure,PT_B1GQ,Percentage of GDP,_T,Total,_Z,Not application,_T,Total,_T,Total,_T,Total,_Z,Not applicable,_Z,Not applicable,_Z,Not applicable,2004,,8.986,,,,,,,,,,,,0,Units,1,One
DATAFLOW,OECD.ELS.HD:DSD_SHA@DF_SHA(1.1),Health expenditure and financing,I,DNK,Denmark,A,Annual,EXP_HEALTH,Expenditure,PT_B1GQ,Percentage of GDP,_T,Total,_Z,Not application,_T,Total,_T,Total,_T,Total,_Z,Not applicable,_Z,Not applicable,_Z,Not applicable,2005,,9.067,,,,,,,,,,,,0,Units,1,One
DATAFLOW,OECD.ELS.HD:DSD_SHA@DF_SHA(1.1),Health expenditure and financing,I,DNK,Denmark,A,Annual,EXP_HEALTH,Expenditure,PT_B1GQ,Percentage of GDP,_T,Total,_Z,Not application,_T,Total,_T,Total,_T,Total,_Z,Not applicable,_Z,Not applicable,_Z,Not applicable,2006,,9.153,,,,,,,,,,,,0,Units,1,One
DATAFLOW,OECD.ELS.HD:DSD_SHA@DF_SHA(1.1),Health expenditure and financing,I,DNK,Denmark,A,Annual,EXP_HEALTH,Expenditure,PT_B1GQ,Percentage of GDP,_T,Total,_Z,Not application,_T,Total,_T,Total,_T,Total,_Z,Not applicable,_Z,Not applicable,_Z,Not applicable,2007,,9.302,,,,,,,,,,,,0,Units,1,One
DATAFLOW,OECD.ELS.HD:DSD_SHA@DF_SHA(1.1),Health expenditure and financing,I,DNK,Denmark,A,Annual,EXP_HEALTH,Expenditure,PT_B1GQ,Percentage of GDP,_T,Total,_Z,Not application,_T,Total,_T,Total,_T,Total,_Z,Not applicable,_Z,Not applicable,_Z,Not applicable,2008,,9.468,,,,,,,,,,,,0,Units,1,One
DATAFLOW,OECD.ELS.HD:DSD_SHA@DF_SHA(1.1),Health expenditure and financing,I,DNK,Denmark,A,Annual,EXP_HEALTH,Expenditure,PT_B1GQ,Percentage of GDP,_T,Total,_Z,Not application,_T,Total,_T,Total,_T,Total,_Z,Not applicable,_Z,Not applicable,_Z,Not applicable,2009,,10.629,,,,,,,,,,,,0,Units,1,One
DATAFLOW,OECD.ELS.HD:DSD_SHA@DF_SHA(1.1),Health expenditure and financing,I,FRA,France,A,Annual,EXP_HEALTH,Expenditure,PT_B1GQ,Percentage of GDP,_T,Total,_Z,Not application,_T,Total,_T,Total,_T,Total,_Z,Not applicable,_Z,Not applicable,_Z,Not applicable,2023,,11.327,,,,,,,,,,,,0,Units,1,One
DATAFLOW,OECD.ELS.HD:DSD_SHA@DF_SHA(1.1),Health expenditure and financing,I,FRA,France,A,Annual,EXP_HEALTH,Expenditure,PT_B1GQ,Percentage of GDP,_T,Total,_Z,Not application,_T,Total,_T,Total,_T,Total,_Z,Not applicable,_Z,Not applicable,_Z,Not applicable,2022,,11.698,,,,,,,,,,,,0,Units,1,One
DATAFLOW,OECD.ELS.HD:DSD_SHA@DF_SHA(1.1),Health expenditure and financing,I,CZE,Czechia,A,Annual,EXP_HEALTH,Expenditure,PT_B1GQ,Percentage of GDP,_T,Total,_Z,Not application,_T,Total,_T,Total,_T,Total,_Z,Not applicable,_Z,Not applicable,_Z,Not applicable,2010,,7.478,,,,,,,,,,,,0,Units,1,One
DATAFLOW,OECD.ELS.HD:DSD_SHA@DF_SHA(1.1),Health expenditure and financing,I,CZE,Czechia,A,Annual,EXP_HEALTH,Expenditure,PT_B1GQ,Percentage of GDP,_T,Total,_Z,Not application,_T,Total,_T,Total,_T,Total,_Z,Not applicable,_Z,Not applicable,_Z,Not applicable,2012,,7.54,,,,,,,,,,,,0,Units,1,One
DATAFLOW,OECD.ELS.HD:DSD_SHA@DF_SHA(1.1),Health expenditure and financing,I,CZE,Czechia,A,Annual,EXP_HEALTH,Expenditure,PT_B1GQ,Percentage of GDP,_T,Total,_Z,Not application,_T,Total,_T,Total,_T,Total,_Z,Not applicable,_Z,Not applicable,_Z,Not applicable,2011,,7.473,,,,,,,,,,,,0,Units,1,One
DATAFLOW,OECD.ELS.HD:DSD_SHA@DF_SHA(1.1),Health expenditure and financing,I,ITA,Italy,A,Annual,EXP_HEALTH,Expenditure,PT_B1GQ,Percentage of GDP,_T,Total,_Z,Not application,_T,Total,_T,Total,_T,Total,_Z,Not applicable,_Z,Not applicable,_Z,Not applicable,2023,,8.366,,,,,,,,,,,,0,Units,1,One
DATAFLOW,OECD.ELS.HD:DSD_SHA@DF_SHA(1.1),Health expenditure and financing,I,ITA,Italy,A,Annual,EXP_HEALTH,Expenditure,PT_B1GQ,Percentage of GDP,_T,Total,_Z,Not application,_T,Total,_T,Total,_T,Total,_Z,Not applicable,_Z,Not applicable,_Z,Not applicable,2022,,8.85,,,,,,,,,,,,0,Units,1,One
DATAFLOW,OECD.ELS.HD:DSD_SHA@DF_SHA(1.1),Health expenditure and financing,I,HUN,Hungary,A,Annual,EXP_HEALTH,Expenditure,PT_B1GQ,Percentage of GDP,_T,Total,_Z,Not application,_T,Total,_T,Total,_T,Total,_Z,Not applicable,_Z,Not applicable,_Z,Not applicable,2000,,6.77,,,,,,,,,,,,0,Units,1,One
DATAFLOW,OECD.ELS.HD:DSD_SHA@DF_SHA(1.1),Health expenditure and financing,I,HUN,Hungary,A,Annual,EXP_HEALTH,Expenditure,PT_B1GQ,Percentage of GDP,_T,Total,_Z,Not application,_T,Total,_T,Total,_T,Total,_Z,Not applicable,_Z,Not applicable,_Z,Not applicable,2001,,6.82,,,,,,,,,,,,0,Units,1,One
DATAFLOW,OECD.ELS.HD:DSD_SHA@DF_SHA(1.1),Health expenditure and financing,I,ESP,Spain,A,Annual,EXP_HEALTH,Expenditure,PT_B1GQ,Percentage of GDP,_T,Total,_Z,Not application,_T,Total,_T,Total,_T,Total,_Z,Not applicable,_Z,Not applicable,_Z,Not applicable,2004,,7.684,,,,,,,,,,,,0,Units,1,One
DATAFLOW,OECD.ELS.HD:DSD_SHA@DF_SHA(1.1),Health expenditure and financing,I,ESP,Spain,A,Annual,EXP_HEALTH,Expenditure,PT_B1GQ,Percentage of GDP,_T,Total,_Z,Not application,_T,Total,_T,Total,_T,Total,_Z,Not applicable,_Z,Not applicable,_Z,Not applicable,2008,,8.429,,,,,,,,,,,,0,Units,1,One
DATAFLOW,OECD.ELS.HD:DSD_SHA@DF_SHA(1.1),Health expenditure and financing,I,ESP,Spain,A,Annual,EXP_HEALTH,Expenditure,PT_B1GQ,Percentage of GDP,_T,Total,_Z,Not application,_T,Total,_T,Total,_T,Total,_Z,Not applicable,_Z,Not applicable,_Z,Not applicable,2012,,9.219,,,,,,,,,,,,0,Units,1,One
DATAFLOW,OECD.ELS.HD:DSD_SHA@DF_SHA(1.1),Health expenditure and financing,I,ESP,Spain,A,Annual,EXP_HEALTH,Expenditure,PT_B1GQ,Percentage of GDP,_T,Total,_Z,Not application,_T,Total,_T,Total,_T,Total,_Z,Not applicable,_Z,Not applicable,_Z,Not applicable,2011,,9.217,,,,,,,,,,,,0,Units,1,One
DATAFLOW,OECD.ELS.HD:DSD_SHA@DF_SHA(1.1),Health expenditure and financing,I,ESP,Spain,A,Annual,EXP_HEALTH,Expenditure,PT_B1GQ,Percentage of GDP,_T,Total,_Z,Not application,_T,Total,_T,Total,_T,Total,_Z,Not applicable,_Z,Not applicable,_Z,Not applicable,2010,,9.17,,,,,,,,,,,,0,Units,1,One
DATAFLOW,OECD.ELS.HD:DSD_SHA@DF_SHA(1.1),Health expenditure and financing,I,ESP,Spain,A,Annual,EXP_HEALTH,Expenditure,PT_B1GQ,Percentage of GDP,_T,Total,_Z,Not application,_T,Total,_T,Total,_T,Total,_Z,Not applicable,_Z,Not applicable,_Z,Not applicable,2009,,9.153,,,,,,,,,,,,0,Units,1,One
DATAFLOW,OECD.ELS.HD:DSD_SHA@DF_SHA(1.1),Health expenditure and financing,I,ESP,Spain,A,Annual,EXP_HEALTH,Expenditure,PT_B1GQ,Percentage of GDP,_T,Total,_Z,Not application,_T,Total,_T,Total,_T,Total,_Z,Not applicable,_Z,Not applicable,_Z,Not applicable,2007,,7.962,,,,,,,,,,,,0,Units,1,One
DATAFLOW,OECD.ELS.HD:DSD_SHA@DF_SHA(1.1),Health expenditure and financing,I,ESP,Spain,A,Annual,EXP_HEALTH,Expenditure,PT_B1GQ,Percentage of GDP,_T,Total,_Z,Not application,_T,Total,_T,Total,_T,Total,_Z,Not applicable,_Z,Not applicable,_Z,Not applicable,2006,,7.871,,,,,,,,,,,,0,Units,1,One
DATAFLOW,OECD.ELS.HD:DSD_SHA@DF_SHA(1.1),Health expenditure and financing,I,ESP,Spain,A,Annual,EXP_HEALTH,Expenditure,PT_B1GQ,Percentage of GDP,_T,Total,_Z,Not application,_T,Total,_T,Total,_T,Total,_Z,Not applicable,_Z,Not applicable,_Z,Not applicable,2005,,7.778,,,,,,,,,,,,0,Units,1,One
DATAFLOW,OECD.ELS.HD:DSD_SHA@DF_SHA(1.1),Health expenditure and financing,I,DNK,Denmark,A,Annual,EXP_HEALTH,Expenditure,PT_B1GQ,Percentage of GDP,_T,Total,_Z,Not application,_T,Total,_T,Total,_T,Total,_Z,Not applicable,_Z,Not applicable,_Z,Not applicable,2003,,8.89,,,,,,B,Time series break,,,,,0,Units,1,One
DATAFLOW,OECD.ELS.HD:DSD_SHA@DF_SHA(1.1),Health expenditure and financing,I,DNK,Denmark,A,Annual,EXP_HEALTH,Expenditure,PT_B1GQ,Percentage of GDP,_T,Total,_Z,Not application,_T,Total,_T,Total,_T,Total,_Z,Not applicable,_Z,Not applicable,_Z,Not applicable,2010,,10.579,,,,,,B,Time series break,,,,,0,Units,1,One
DATAFLOW,OECD.ELS.HD:DSD_SHA@DF_SHA(1.1),Health expenditure and financing,I,AUS,Australia,A,Annual,EXP_HEALTH,Expenditure,PT_B1GQ,Percentage of GDP,_T,Total,_Z,Not application,_T,Total,_T,Total,_T,Total,_Z,Not applicable,_Z,Not applicable,_Z,Not applicable,2003,,7.864,,,,,,D,Definition differs,,,,,0,Units,1,One
DATAFLOW,OECD.ELS.HD:DSD_SHA@DF_SHA(1.1),Health expenditure and financing,I,AUS,Australia,A,Annual,EXP_HEALTH,Expenditure,PT_B1GQ,Percentage of GDP,_T,Total,_Z,Not application,_T,Total,_T,Total,_T,Total,_Z,Not applicable,_Z,Not applicable,_Z,Not applicable,2004,,8.07,,,,,,D,Definition differs,,,,,0,Units,1,One
DATAFLOW,OECD.ELS.HD:DSD_SHA@DF_SHA(1.1),Health expenditure and financing,I,JPN,Japan,A,Annual,EXP_HEALTH,Expenditure,PT_B1GQ,Percentage of GDP,_T,Total,_Z,Not application,_T,Total,_T,Total,_T,Total,_Z,Not applicable,_Z,Not applicable,_Z,Not applicable,2011,,10.411,,,,,,B,Time series break,,,,,0,Units,1,One
DATAFLOW,OECD.ELS.HD:DSD_SHA@DF_SHA(1.1),Health expenditure and financing,I,NLD,Netherlands,A,Annual,EXP_HEALTH,Expenditure,PT_B1GQ,Percentage of GDP,_T,Total,_Z,Not application,_T,Total,_T,Total,_T,Total,_Z,Not applicable,_Z,Not applicable,_Z,Not applicable,2000,,7.704,,,,,,,,,,,,0,Units,1,One
DATAFLOW,OECD.ELS.HD:DSD_SHA@DF_SHA(1.1),Health expenditure and financing,I,NLD,Netherlands,A,Annual,EXP_HEALTH,Expenditure,PT_B1GQ,Percentage of GDP,_T,Total,_Z,Not application,_T,Total,_T,Total,_T,Total,_Z,Not applicable,_Z,Not applicable,_Z,Not applicable,2001,,8.042,,,,,,,,,,,,0,Units,1,One
DATAFLOW,OECD.ELS.HD:DSD_SHA@DF_SHA(1.1),Health expenditure and financing,I,NLD,Netherlands,A,Annual,EXP_HEALTH,Expenditure,PT_B1GQ,Percentage of GDP,_T,Total,_Z,Not application,_T,Total,_T,Total,_T,Total,_Z,Not applicable,_Z,Not applicable,_Z,Not applicable,2002,,8.619,,,,,,,,,,,,0,Units,1,One
DATAFLOW,OECD.ELS.HD:DSD_SHA@DF_SHA(1.1),Health expenditure and financing,I,NLD,Netherlands,A,Annual,EXP_HEALTH,Expenditure,PT_B1GQ,Percentage of GDP,_T,Total,_Z,Not application,_T,Total,_T,Total,_T,Total,_Z,Not applicable,_Z,Not applicable,_Z,Not applicable,2003,,9.02,,,,,,,,,,,,0,Units,1,One
DATAFLOW,OECD.ELS.HD:DSD_SHA@DF_SHA(1.1),Health expenditure and financing,I,NLD,Netherlands,A,Annual,EXP_HEALTH,Expenditure,PT_B1GQ,Percentage of GDP,_T,Total,_Z,Not application,_T,Total,_T,Total,_T,Total,_Z,Not applicable,_Z,Not applicable,_Z,Not applicable,2004,,9.072,,,,,,,,,,,,0,Units,1,One
DATAFLOW,OECD.ELS.HD:DSD_SHA@DF_SHA(1.1),Health expenditure and financing,I,NLD,Netherlands,A,Annual,EXP_HEALTH,Expenditure,PT_B1GQ,Percentage of GDP,_T,Total,_Z,Not application,_T,Total,_T,Total,_T,Total,_Z,Not applicable,_Z,Not applicable,_Z,Not applicable,2005,,9.06,,,,,,,,,,,,0,Units,1,One
DATAFLOW,OECD.ELS.HD:DSD_SHA@DF_SHA(1.1),Health expenditure and financing,I,NLD,Netherlands,A,Annual,EXP_HEALTH,Expenditure,PT_B1GQ,Percentage of GDP,_T,Total,_Z,Not application,_T,Total,_T,Total,_T,Total,_Z,Not applicable,_Z,Not applicable,_Z,Not applicable,2006,,9.036,,,,,,,,,,,,0,Units,1,One
DATAFLOW,OECD.ELS.HD:DSD_SHA@DF_SHA(1.1),Health expenditure and financing,I,NLD,Netherlands,A,Annual,EXP_HEALTH,Expenditure,PT_B1GQ,Percentage of GDP,_T,Total,_Z,Not application,_T,Total,_T,Total,_T,Total,_Z,Not applicable,_Z,Not applicable,_Z,Not applicable,2007,,9.001,,,,,,,,,,,,0,Units,1,One
DATAFLOW,OECD.ELS.HD:DSD_SHA@DF_SHA(1.1),Health expenditure and financing,I,ISL,Iceland,A,Annual,EXP_HEALTH,Expenditure,PT_B1GQ,Percentage of GDP,_T,Total,_Z,Not application,_T,Total,_T,Total,_T,Total,_Z,Not applicable,_Z,Not applicable,_Z,Not applicable,2007,,8.238,,,,,,,,,,,,0,Units,1,One
DATAFLOW,OECD.ELS.HD:DSD_SHA@DF_SHA(1.1),Health expenditure and financing,I,ISL,Iceland,A,Annual,EXP_HEALTH,Expenditure,PT_B1GQ,Percentage of GDP,_T,Total,_Z,Not application,_T,Total,_T,Total,_T,Total,_Z,Not applicable,_Z,Not applicable,_Z,Not applicable,2008,,8.266,,,,,,,,,,,,0,Units,1,One
DATAFLOW,OECD.ELS.HD:DSD_SHA@DF_SHA(1.1),Health expenditure and financing,I,ISL,Iceland,A,Annual,EXP_HEALTH,Expenditure,PT_B1GQ,Percentage of GDP,_T,Total,_Z,Not application,_T,Total,_T,Total,_T,Total,_Z,Not applicable,_Z,Not applicable,_Z,Not applicable,2009,,8.738,,,,,,,,,,,,0,Units,1,One
DATAFLOW,OECD.ELS.HD:DSD_SHA@DF_SHA(1.1),Health expenditure and financing,I,ISL,Iceland,A,Annual,EXP_HEALTH,Expenditure,PT_B1GQ,Percentage of GDP,_T,Total,_Z,Not application,_T,Total,_T,Total,_T,Total,_Z,Not applicable,_Z,Not applicable,_Z,Not applicable,2010,,8.259,,,,,,,,,,,,0,Units,1,One
DATAFLOW,OECD.ELS.HD:DSD_SHA@DF_SHA(1.1),Health expenditure and financing,I,ISL,Iceland,A,Annual,EXP_HEALTH,Expenditure,PT_B1GQ,Percentage of GDP,_T,Total,_Z,Not application,_T,Total,_T,Total,_T,Total,_Z,Not applicable,_Z,Not applicable,_Z,Not applicable,2011,,8.163,,,,,,,,,,,,0,Units,1,One
DATAFLOW,OECD.ELS.HD:DSD_SHA@DF_SHA(1.1),Health expenditure and financing,I,ISL,Iceland,A,Annual,EXP_HEALTH,Expenditure,PT_B1GQ,Percentage of GDP,_T,Total,_Z,Not application,_T,Total,_T,Total,_T,Total,_Z,Not applicable,_Z,Not applicable,_Z,Not applicable,2012,,8.125,,,,,,,,,,,,0,Units,1,One
DATAFLOW,OECD.ELS.HD:DSD_SHA@DF_SHA(1.1),Health expenditure and financing,I,ISL,Iceland,A,Annual,EXP_HEALTH,Expenditure,PT_B1GQ,Percentage of GDP,_T,Total,_Z,Not application,_T,Total,_T,Total,_T,Total,_Z,Not applicable,_Z,Not applicable,_Z,Not applicable,2013,,8.166,,,,,,,,,,,,0,Units,1,One
DATAFLOW,OECD.ELS.HD:DSD_SHA@DF_SHA(1.1),Health expenditure and financing,I,ISL,Iceland,A,Annual,EXP_HEALTH,Expenditure,PT_B1GQ,Percentage of GDP,_T,Total,_Z,Not application,_T,Total,_T,Total,_T,Total,_Z,Not applicable,_Z,Not applicable,_Z,Not applicable,2014,,8.206,,,,,,,,,,,,0,Units,1,One
DATAFLOW,OECD.ELS.HD:DSD_SHA@DF_SHA(1.1),Health expenditure and financing,I,ISL,Iceland,A,Annual,EXP_HEALTH,Expenditure,PT_B1GQ,Percentage of GDP,_T,Total,_Z,Not application,_T,Total,_T,Total,_T,Total,_Z,Not applicable,_Z,Not applicable,_Z,Not applicable,2015,,8.047,,,,,,,,,,,,0,Units,1,One
DATAFLOW,OECD.ELS.HD:DSD_SHA@DF_SHA(1.1),Health expenditure and financing,I,ISL,Iceland,A,Annual,EXP_HEALTH,Expenditure,PT_B1GQ,Percentage of GDP,_T,Total,_Z,Not application,_T,Total,_T,Total,_T,Total,_Z,Not applicable,_Z,Not applicable,_Z,Not applicable,2016,,8.058,,,,,,,,,,,,0,Units,1,One
DATAFLOW,OECD.ELS.HD:DSD_SHA@DF_SHA(1.1),Health expenditure and financing,I,DNK,Denmark,A,Annual,EXP_HEALTH,Expenditure,PT_B1GQ,Percentage of GDP,_T,Total,_Z,Not application,_T,Total,_T,Total,_T,Total,_Z,Not applicable,_Z,Not applicable,_Z,Not applicable,2000,,8.11,,,,,,,,,,,,0,Units,1,One
DATAFLOW,OECD.ELS.HD:DSD_SHA@DF_SHA(1.1),Health expenditure and financing,I,SWE,Sweden,A,Annual,EXP_HEALTH,Expenditure,PT_B1GQ,Percentage of GDP,_T,Total,_Z,Not application,_T,Total,_T,Total,_T,Total,_Z,Not applicable,_Z,Not applicable,_Z,Not applicable,2018,,11.122,,,,,,,,,,,,0,Units,1,One
DATAFLOW,OECD.ELS.HD:DSD_SHA@DF_SHA(1.1),Health expenditure and financing,I,SWE,Sweden,A,Annual,EXP_HEALTH,Expenditure,PT_B1GQ,Percentage of GDP,_T,Total,_Z,Not application,_T,Total,_T,Total,_T,Total,_Z,Not applicable,_Z,Not applicable,_Z,Not applicable,2019,,10.959,,,,,,,,,,,,0,Units,1,One
DATAFLOW,OECD.ELS.HD:DSD_SHA@DF_SHA(1.1),Health expenditure and financing,I,SWE,Sweden,A,Annual,EXP_HEALTH,Expenditure,PT_B1GQ,Percentage of GDP,_T,Total,_Z,Not application,_T,Total,_T,Total,_T,Total,_Z,Not applicable,_Z,Not applicable,_Z,Not applicable,2020,,11.442,,,,,,,,,,,,0,Units,1,One
DATAFLOW,OECD.ELS.HD:DSD_SHA@DF_SHA(1.1),Health expenditure and financing,I,SWE,Sweden,A,Annual,EXP_HEALTH,Expenditure,PT_B1GQ,Percentage of GDP,_T,Total,_Z,Not application,_T,Total,_T,Total,_T,Total,_Z,Not applicable,_Z,Not applicable,_Z,Not applicable,2021,,11.325,,,,,,,,,,,,0,Units,1,One
DATAFLOW,OECD.ELS.HD:DSD_SHA@DF_SHA(1.1),Health expenditure and financing,I,SWE,Sweden,A,Annual,EXP_HEALTH,Expenditure,PT_B1GQ,Percentage of GDP,_T,Total,_Z,Not application,_T,Total,_T,Total,_T,Total,_Z,Not applicable,_Z,Not applicable,_Z,Not applicable,2022,,10.946,,,,,,,,,,,,0,Units,1,One
DATAFLOW,OECD.ELS.HD:DSD_SHA@DF_SHA(1.1),Health expenditure and financing,I,SWE,Sweden,A,Annual,EXP_HEALTH,Expenditure,PT_B1GQ,Percentage of GDP,_T,Total,_Z,Not application,_T,Total,_T,Total,_T,Total,_Z,Not applicable,_Z,Not applicable,_Z,Not applicable,2023,,11.243,,,,,,,,,,,,0,Units,1,One
DATAFLOW,OECD.ELS.HD:DSD_SHA@DF_SHA(1.1),Health expenditure and financing,I,CRI,Costa Rica,A,Annual,EXP_HEALTH,Expenditure,PT_B1GQ,Percentage of GDP,_T,Total,_Z,Not application,_T,Total,_T,Total,_T,Total,_Z,Not applicable,_Z,Not applicable,_Z,Not applicable,2011,,8.112,,,,,,,,,,,,0,Units,1,One
DATAFLOW,OECD.ELS.HD:DSD_SHA@DF_SHA(1.1),Health expenditure and financing,I,CRI,Costa Rica,A,Annual,EXP_HEALTH,Expenditure,PT_B1GQ,Percentage of GDP,_T,Total,_Z,Not application,_T,Total,_T,Total,_T,Total,_Z,Not applicable,_Z,Not applicable,_Z,Not applicable,2012,,7.782,,,,,,,,,,,,0,Units,1,One
DATAFLOW,OECD.ELS.HD:DSD_SHA@DF_SHA(1.1),Health expenditure and financing,I,CRI,Costa Rica,A,Annual,EXP_HEALTH,Expenditure,PT_B1GQ,Percentage of GDP,_T,Total,_Z,Not application,_T,Total,_T,Total,_T,Total,_Z,Not applicable,_Z,Not applicable,_Z,Not applicable,2013,,7.679,,,,,,,,,,,,0,Units,1,One
DATAFLOW,OECD.ELS.HD:DSD_SHA@DF_SHA(1.1),Health expenditure and financing,I,CRI,Costa Rica,A,Annual,EXP_HEALTH,Expenditure,PT_B1GQ,Percentage of GDP,_T,Total,_Z,Not application,_T,Total,_T,Total,_T,Total,_Z,Not applicable,_Z,Not applicable,_Z,Not applicable,2014,,7.662,,,,,,,,,,,,0,Units,1,One
DATAFLOW,OECD.ELS.HD:DSD_SHA@DF_SHA(1.1),Health expenditure and financing,I,CRI,Costa Rica,A,Annual,EXP_HEALTH,Expenditure,PT_B1GQ,Percentage of GDP,_T,Total,_Z,Not application,_T,Total,_T,Total,_T,Total,_Z,Not applicable,_Z,Not applicable,_Z,Not applicable,2015,,7.592,,,,,,,,,,,,0,Units,1,One
DATAFLOW,OECD.ELS.HD:DSD_SHA@DF_SHA(1.1),Health expenditure and financing,I,CRI,Costa Rica,A,Annual,EXP_HEALTH,Expenditure,PT_B1GQ,Percentage of GDP,_T,Total,_Z,Not application,_T,Total,_T,Total,_T,Total,_Z,Not applicable,_Z,Not applicable,_Z,Not applicable,2016,,7.315,,,,,,,,,,,,0,Units,1,One
DATAFLOW,OECD.ELS.HD:DSD_SHA@DF_SHA(1.1),Health expenditure and financing,I,GRC,Greece,A,Annual,EXP_HEALTH,Expenditure,PT_B1GQ,Percentage of GDP,_T,Total,_Z,Not application,_T,Total,_T,Total,_T,Total,_Z,Not applicable,_Z,Not applicable,_Z,Not applicable,2013,,8.522,,,,,,,,,,,,0,Units,1,One
DATAFLOW,OECD.ELS.HD:DSD_SHA@DF_SHA(1.1),Health expenditure and financing,I,GRC,Greece,A,Annual,EXP_HEALTH,Expenditure,PT_B1GQ,Percentage of GDP,_T,Total,_Z,Not application,_T,Total,_T,Total,_T,Total,_Z,Not applicable,_Z,Not applicable,_Z,Not applicable,2014,,7.944,,,,,,,,,,,,0,Units,1,One
DATAFLOW,OECD.ELS.HD:DSD_SHA@DF_SHA(1.1),Health expenditure and financing,I,GRC,Greece,A,Annual,EXP_HEALTH,Expenditure,PT_B1GQ,Percentage of GDP,_T,Total,_Z,Not application,_T,Total,_T,Total,_T,Total,_Z,Not applicable,_Z,Not applicable,_Z,Not applicable,2015,,8.267,,,,,,,,,,,,0,Units,1,One
DATAFLOW,OECD.ELS.HD:DSD_SHA@DF_SHA(1.1),Health expenditure and financing,I,GRC,Greece,A,Annual,EXP_HEALTH,Expenditure,PT_B1GQ,Percentage of GDP,_T,Total,_Z,Not application,_T,Total,_T,Total,_T,Total,_Z,Not applicable,_Z,Not applicable,_Z,Not applicable,2016,,8.451,,,,,,,,,,,,0,Units,1,One
DATAFLOW,OECD.ELS.HD:DSD_SHA@DF_SHA(1.1),Health expenditure and financing,I,GRC,Greece,A,Annual,EXP_HEALTH,Expenditure,PT_B1GQ,Percentage of GDP,_T,Total,_Z,Not application,_T,Total,_T,Total,_T,Total,_Z,Not applicable,_Z,Not applicable,_Z,Not applicable,2017,,8.113,,,,,,,,,,,,0,Units,1,One
DATAFLOW,OECD.ELS.HD:DSD_SHA@DF_SHA(1.1),Health expenditure and financing,I,FRA,France,A,Annual,EXP_HEALTH,Expenditure,PT_B1GQ,Percentage of GDP,_T,Total,_Z,Not application,_T,Total,_T,Total,_T,Total,_Z,Not applicable,_Z,Not applicable,_Z,Not applicable,2007,,10.334,,,,,,,,,,,,0,Units,1,One
DATAFLOW,OECD.ELS.HD:DSD_SHA@DF_SHA(1.1),Health expenditure and financing,I,FRA,France,A,Annual,EXP_HEALTH,Expenditure,PT_B1GQ,Percentage of GDP,_T,Total,_Z,Not application,_T,Total,_T,Total,_T,Total,_Z,Not applicable,_Z,Not applicable,_Z,Not applicable,2008,,10.513,,,,,,,,,,,,0,Units,1,One
DATAFLOW,OECD.ELS.HD:DSD_SHA@DF_SHA(1.1),Health expenditure and financing,I,FIN,Finland,A,Annual,EXP_HEALTH,Expenditure,PT_B1GQ,Percentage of GDP,_T,Total,_Z,Not application,_T,Total,_T,Total,_T,Total,_Z,Not applicable,_Z,Not applicable,_Z,Not applicable,2011,,9.239,,,,,,,,,,,,0,Units,1,One
DATAFLOW,OECD.ELS.HD:DSD_SHA@DF_SHA(1.1),Health expenditure and financing,I,FIN,Finland,A,Annual,EXP_HEALTH,Expenditure,PT_B1GQ,Percentage of GDP,_T,Total,_Z,Not application,_T,Total,_T,Total,_T,Total,_Z,Not applicable,_Z,Not applicable,_Z,Not applicable,2012,,9.617,,,,,,,,,,,,0,Units,1,One
DATAFLOW,OECD.ELS.HD:DSD_SHA@DF_SHA(1.1),Health expenditure and financing,I,HUN,Hungary,A,Annual,EXP_HEALTH,Expenditure,PT_B1GQ,Percentage of GDP,_T,Total,_Z,Not application,_T,Total,_T,Total,_T,Total,_Z,Not applicable,_Z,Not applicable,_Z,Not applicable,2019,,6.247,,,,,,,,,,,,0,Units,1,One
DATAFLOW,OECD.ELS.HD:DSD_SHA@DF_SHA(1.1),Health expenditure and financing,I,HUN,Hungary,A,Annual,EXP_HEALTH,Expenditure,PT_B1GQ,Percentage of GDP,_T,Total,_Z,Not application,_T,Total,_T,Total,_T,Total,_Z,Not applicable,_Z,Not applicable,_Z,Not applicable,2020,,7.231,,,,,,,,,,,,0,Units,1,One
DATAFLOW,OECD.ELS.HD:DSD_SHA@DF_SHA(1.1),Health expenditure and financing,I,HUN,Hungary,A,Annual,EXP_HEALTH,Expenditure,PT_B1GQ,Percentage of GDP,_T,Total,_Z,Not application,_T,Total,_T,Total,_T,Total,_Z,Not applicable,_Z,Not applicable,_Z,Not applicable,2021,,7.335,,,,,,,,,,,,0,Units,1,One
DATAFLOW,OECD.ELS.HD:DSD_SHA@DF_SHA(1.1),Health expenditure and financing,I,HUN,Hungary,A,Annual,EXP_HEALTH,Expenditure,PT_B1GQ,Percentage of GDP,_T,Total,_Z,Not application,_T,Total,_T,Total,_T,Total,_Z,Not applicable,_Z,Not applicable,_Z,Not applicable,2022,,6.667,,,,,,,,,,,,0,Units,1,One
DATAFLOW,OECD.ELS.HD:DSD_SHA@DF_SHA(1.1),Health expenditure and financing,I,BEL,Belgium,A,Annual,EXP_HEALTH,Expenditure,PT_B1GQ,Percentage of GDP,_T,Total,_Z,Not application,_T,Total,_T,Total,_T,Total,_Z,Not applicable,_Z,Not applicable,_Z,Not applicable,2020,,11.453,,,,,,,,,,,,0,Units,1,One
DATAFLOW,OECD.ELS.HD:DSD_SHA@DF_SHA(1.1),Health expenditure and financing,I,BEL,Belgium,A,Annual,EXP_HEALTH,Expenditure,PT_B1GQ,Percentage of GDP,_T,Total,_Z,Not application,_T,Total,_T,Total,_T,Total,_Z,Not applicable,_Z,Not applicable,_Z,Not applicable,2021,,11.28,,,,,,,,,,,,0,Units,1,One
DATAFLOW,OECD.ELS.HD:DSD_SHA@DF_SHA(1.1),Health expenditure and financing,I,MEX,Mexico,A,Annual,EXP_HEALTH,Expenditure,PT_B1GQ,Percentage of GDP,_T,Total,_Z,Not application,_T,Total,_T,Total,_T,Total,_Z,Not applicable,_Z,Not applicable,_Z,Not applicable,2005,,4.843,,,,,,,,,,,,0,Units,1,One
DATAFLOW,OECD.ELS.HD:DSD_SHA@DF_SHA(1.1),Health expenditure and financing,I,MEX,Mexico,A,Annual,EXP_HEALTH,Expenditure,PT_B1GQ,Percentage of GDP,_T,Total,_Z,Not application,_T,Total,_T,Total,_T,Total,_Z,Not applicable,_Z,Not applicable,_Z,Not applicable,2006,,4.793,,,,,,,,,,,,0,Units,1,One
DATAFLOW,OECD.ELS.HD:DSD_SHA@DF_SHA(1.1),Health expenditure and financing,I,MEX,Mexico,A,Annual,EXP_HEALTH,Expenditure,PT_B1GQ,Percentage of GDP,_T,Total,_Z,Not application,_T,Total,_T,Total,_T,Total,_Z,Not applicable,_Z,Not applicable,_Z,Not applicable,2007,,4.909,,,,,,,,,,,,0,Units,1,One
DATAFLOW,OECD.ELS.HD:DSD_SHA@DF_SHA(1.1),Health expenditure and financing,I,MEX,Mexico,A,Annual,EXP_HEALTH,Expenditure,PT_B1GQ,Percentage of GDP,_T,Total,_Z,Not application,_T,Total,_T,Total,_T,Total,_Z,Not applicable,_Z,Not applicable,_Z,Not applicable,2008,,5.004,,,,,,,,,,,,0,Units,1,One
DATAFLOW,OECD.ELS.HD:DSD_SHA@DF_SHA(1.1),Health expenditure and financing,I,MEX,Mexico,A,Annual,EXP_HEALTH,Expenditure,PT_B1GQ,Percentage of GDP,_T,Total,_Z,Not application,_T,Total,_T,Total,_T,Total,_Z,Not applicable,_Z,Not applicable,_Z,Not applicable,2009,,5.32,,,,,,,,,,,,0,Units,1,One
DATAFLOW,OECD.ELS.HD:DSD_SHA@DF_SHA(1.1),Health expenditure and financing,I,MEX,Mexico,A,Annual,EXP_HEALTH,Expenditure,PT_B1GQ,Percentage of GDP,_T,Total,_Z,Not application,_T,Total,_T,Total,_T,Total,_Z,Not applicable,_Z,Not applicable,_Z,Not applicable,2010,,5.38,,,,,,,,,,,,0,Units,1,One
DATAFLOW,OECD.ELS.HD:DSD_SHA@DF_SHA(1.1),Health expenditure and financing,I,MEX,Mexico,A,Annual,EXP_HEALTH,Expenditure,PT_B1GQ,Percentage of GDP,_T,Total,_Z,Not application,_T,Total,_T,Total,_T,Total,_Z,Not applicable,_Z,Not applicable,_Z,Not applicable,2011,,5.239,,,,,,,,,,,,0,Units,1,One
DATAFLOW,OECD.ELS.HD:DSD_SHA@DF_SHA(1.1),Health expenditure and financing,I,MEX,Mexico,A,Annual,EXP_HEALTH,Expenditure,PT_B1GQ,Percentage of GDP,_T,Total,_Z,Not application,_T,Total,_T,Total,_T,Total,_Z,Not applicable,_Z,Not applicable,_Z,Not applicable,2012,,5.4,,,,,,,,,,,,0,Units,1,One
DATAFLOW,OECD.ELS.HD:DSD_SHA@DF_SHA(1.1),Health expenditure and financing,I,MEX,Mexico,A,Annual,EXP_HEALTH,Expenditure,PT_B1GQ,Percentage of GDP,_T,Total,_Z,Not application,_T,Total,_T,Total,_T,Total,_Z,Not applicable,_Z,Not applicable,_Z,Not applicable,2013,,5.558,,,,,,,,,,,,0,Units,1,One
DATAFLOW,OECD.ELS.HD:DSD_SHA@DF_SHA(1.1),Health expenditure and financing,I,MEX,Mexico,A,Annual,EXP_HEALTH,Expenditure,PT_B1GQ,Percentage of GDP,_T,Total,_Z,Not application,_T,Total,_T,Total,_T,Total,_Z,Not applicable,_Z,Not applicable,_Z,Not applicable,2014,,5.324,,,,,,,,,,,,0,Units,1,One
DATAFLOW,OECD.ELS.HD:DSD_SHA@DF_SHA(1.1),Health expenditure and financing,I,MEX,Mexico,A,Annual,EXP_HEALTH,Expenditure,PT_B1GQ,Percentage of GDP,_T,Total,_Z,Not application,_T,Total,_T,Total,_T,Total,_Z,Not applicable,_Z,Not applicable,_Z,Not applicable,2016,,5.316,,,,,,,,,,,,0,Units,1,One
DATAFLOW,OECD.ELS.HD:DSD_SHA@DF_SHA(1.1),Health expenditure and financing,I,MEX,Mexico,A,Annual,EXP_HEALTH,Expenditure,PT_B1GQ,Percentage of GDP,_T,Total,_Z,Not application,_T,Total,_T,Total,_T,Total,_Z,Not applicable,_Z,Not applicable,_Z,Not applicable,2017,,5.186,,,,,,,,,,,,0,Units,1,One
DATAFLOW,OECD.ELS.HD:DSD_SHA@DF_SHA(1.1),Health expenditure and financing,I,MEX,Mexico,A,Annual,EXP_HEALTH,Expenditure,PT_B1GQ,Percentage of GDP,_T,Total,_Z,Not application,_T,Total,_T,Total,_T,Total,_Z,Not applicable,_Z,Not applicable,_Z,Not applicable,2018,,5.111,,,,,,,,,,,,0,Units,1,One
DATAFLOW,OECD.ELS.HD:DSD_SHA@DF_SHA(1.1),Health expenditure and financing,I,MEX,Mexico,A,Annual,EXP_HEALTH,Expenditure,PT_B1GQ,Percentage of GDP,_T,Total,_Z,Not application,_T,Total,_T,Total,_T,Total,_Z,Not applicable,_Z,Not applicable,_Z,Not applicable,2019,,5.171,,,,,,,,,,,,0,Units,1,One
DATAFLOW,OECD.ELS.HD:DSD_SHA@DF_SHA(1.1),Health expenditure and financing,I,MEX,Mexico,A,Annual,EXP_HEALTH,Expenditure,PT_B1GQ,Percentage of GDP,_T,Total,_Z,Not application,_T,Total,_T,Total,_T,Total,_Z,Not applicable,_Z,Not applicable,_Z,Not applicable,2020,,5.957,,,,,,,,,,,,0,Units,1,One
DATAFLOW,OECD.ELS.HD:DSD_SHA@DF_SHA(1.1),Health expenditure and financing,I,MEX,Mexico,A,Annual,EXP_HEALTH,Expenditure,PT_B1GQ,Percentage of GDP,_T,Total,_Z,Not application,_T,Total,_T,Total,_T,Total,_Z,Not applicable,_Z,Not applicable,_Z,Not applicable,2021,,5.789,,,,,,,,,,,,0,Units,1,One
DATAFLOW,OECD.ELS.HD:DSD_SHA@DF_SHA(1.1),Health expenditure and financing,I,MEX,Mexico,A,Annual,EXP_HEALTH,Expenditure,PT_B1GQ,Percentage of GDP,_T,Total,_Z,Not application,_T,Total,_T,Total,_T,Total,_Z,Not applicable,_Z,Not applicable,_Z,Not applicable,2022,,5.715,,,,,,,,,,,,0,Units,1,One
DATAFLOW,OECD.ELS.HD:DSD_SHA@DF_SHA(1.1),Health expenditure and financing,I,MEX,Mexico,A,Annual,EXP_HEALTH,Expenditure,PT_B1GQ,Percentage of GDP,_T,Total,_Z,Not application,_T,Total,_T,Total,_T,Total,_Z,Not applicable,_Z,Not applicable,_Z,Not applicable,2023,,5.701,,,,,,,,,,,,0,Units,1,One
DATAFLOW,OECD.ELS.HD:DSD_SHA@DF_SHA(1.1),Health expenditure and financing,I,MEX,Mexico,A,Annual,EXP_HEALTH,Expenditure,PT_B1GQ,Percentage of GDP,_T,Total,_Z,Not application,_T,Total,_T,Total,_T,Total,_Z,Not applicable,_Z,Not applicable,_Z,Not applicable,2015,,5.434,,,,,,B,Time series break,,,,,0,Units,1,One
DATAFLOW,OECD.ELS.HD:DSD_SHA@DF_SHA(1.1),Health expenditure and financing,I,FRA,France,A,Annual,EXP_HEALTH,Expenditure,PT_B1GQ,Percentage of GDP,_T,Total,_Z,Not application,_T,Total,_T,Total,_T,Total,_Z,Not applicable,_Z,Not applicable,_Z,Not applicable,2006,,10.398,,,,,,B,Time series break,,,,,0,Units,1,One
DATAFLOW,OECD.ELS.HD:DSD_SHA@DF_SHA(1.1),Health expenditure and financing,I,FIN,Finland,A,Annual,EXP_HEALTH,Expenditure,PT_B1GQ,Percentage of GDP,_T,Total,_Z,Not application,_T,Total,_T,Total,_T,Total,_Z,Not applicable,_Z,Not applicable,_Z,Not applicable,2015,,9.7,,,,,,B,Time series break,,,,,0,Units,1,One
DATAFLOW,OECD.ELS.HD:DSD_SHA@DF_SHA(1.1),Health expenditure and financing,I,AUS,Australia,A,Annual,EXP_HEALTH,Expenditure,PT_B1GQ,Percentage of GDP,_T,Total,_Z,Not application,_T,Total,_T,Total,_T,Total,_Z,Not applicable,_Z,Not applicable,_Z,Not applicable,2002,,7.859,,,,,,D,Definition differs,,,,,0,Units,1,One
DATAFLOW,OECD.ELS.HD:DSD_SHA@DF_SHA(1.1),Health expenditure and financing,I,NOR,Norway,A,Annual,EXP_HEALTH,Expenditure,PT_B1GQ,Percentage of GDP,_T,Total,_Z,Not application,_T,Total,_T,Total,_T,Total,_Z,Not applicable,_Z,Not applicable,_Z,Not applicable,2001,,8.04,,,,,,B,Time series break,,,,,0,Units,1,One
DATAFLOW,OECD.ELS.HD:DSD_SHA@DF_SHA(1.1),Health expenditure and financing,I,LTU,Lithuania,A,Annual,EXP_HEALTH,Expenditure,PT_B1GQ,Percentage of GDP,_T,Total,_Z,Not application,_T,Total,_T,Total,_T,Total,_Z,Not applicable,_Z,Not applicable,_Z,Not applicable,2003,,6.177,,,,,,E,Estimated value,,,,,0,Units,1,One
DATAFLOW,OECD.ELS.HD:DSD_SHA@DF_SHA(1.1),Health expenditure and financing,I,LTU,Lithuania,A,Annual,EXP_HEALTH,Expenditure,PT_B1GQ,Percentage of GDP,_T,Total,_Z,Not application,_T,Total,_T,Total,_T,Total,_Z,Not applicable,_Z,Not applicable,_Z,Not applicable,2002,,6.135,,,,,,E,Estimated value,,,,,0,Units,1,One
DATAFLOW,OECD.ELS.HD:DSD_SHA@DF_SHA(1.1),Health expenditure and financing,I,LTU,Lithuania,A,Annual,EXP_HEALTH,Expenditure,PT_B1GQ,Percentage of GDP,_T,Total,_Z,Not application,_T,Total,_T,Total,_T,Total,_Z,Not applicable,_Z,Not applicable,_Z,Not applicable,2001,,6.002,,,,,,E,Estimated value,,,,,0,Units,1,One
DATAFLOW,OECD.ELS.HD:DSD_SHA@DF_SHA(1.1),Health expenditure and financing,I,LTU,Lithuania,A,Annual,EXP_HEALTH,Expenditure,PT_B1GQ,Percentage of GDP,_T,Total,_Z,Not application,_T,Total,_T,Total,_T,Total,_Z,Not applicable,_Z,Not applicable,_Z,Not applicable,2000,,6.186,,,,,,E,Estimated value,,,,,0,Units,1,One
DATAFLOW,OECD.ELS.HD:DSD_SHA@DF_SHA(1.1),Health expenditure and financing,I,LTU,Lithuania,A,Annual,EXP_HEALTH,Expenditure,PT_B1GQ,Percentage of GDP,_T,Total,_Z,Not application,_T,Total,_T,Total,_T,Total,_Z,Not applicable,_Z,Not applicable,_Z,Not applicable,2004,,5.483,,,,,,B,Time series break,,,,,0,Units,1,One
DATAFLOW,OECD.ELS.HD:DSD_SHA@DF_SHA(1.1),Health expenditure and financing,I,LTU,Lithuania,A,Annual,EXP_HEALTH,Expenditure,PT_B1GQ,Percentage of GDP,_T,Total,_Z,Not application,_T,Total,_T,Total,_T,Total,_Z,Not applicable,_Z,Not applicable,_Z,Not applicable,2006,,5.857,,,,,,B,Time series break,,,,,0,Units,1,One
DATAFLOW,OECD.ELS.HD:DSD_SHA@DF_SHA(1.1),Health expenditure and financing,I,LVA,Latvia,A,Annual,EXP_HEALTH,Expenditure,PT_B1GQ,Percentage of GDP,_T,Total,_Z,Not application,_T,Total,_T,Total,_T,Total,_Z,Not applicable,_Z,Not applicable,_Z,Not applicable,2009,,6.268,,,,,,,,,,,,0,Units,1,One
DATAFLOW,OECD.ELS.HD:DSD_SHA@DF_SHA(1.1),Health expenditure and financing,I,LVA,Latvia,A,Annual,EXP_HEALTH,Expenditure,PT_B1GQ,Percentage of GDP,_T,Total,_Z,Not application,_T,Total,_T,Total,_T,Total,_Z,Not applicable,_Z,Not applicable,_Z,Not applicable,2010,,6.224,,,,,,,,,,,,0,Units,1,One
DATAFLOW,OECD.ELS.HD:DSD_SHA@DF_SHA(1.1),Health expenditure and financing,I,LVA,Latvia,A,Annual,EXP_HEALTH,Expenditure,PT_B1GQ,Percentage of GDP,_T,Total,_Z,Not application,_T,Total,_T,Total,_T,Total,_Z,Not applicable,_Z,Not applicable,_Z,Not applicable,2011,,5.918,,,,,,,,,,,,0,Units,1,One
DATAFLOW,OECD.ELS.HD:DSD_SHA@DF_SHA(1.1),Health expenditure and financing,I,LVA,Latvia,A,Annual,EXP_HEALTH,Expenditure,PT_B1GQ,Percentage of GDP,_T,Total,_Z,Not application,_T,Total,_T,Total,_T,Total,_Z,Not applicable,_Z,Not applicable,_Z,Not applicable,2012,,5.621,,,,,,,,,,,,0,Units,1,One
DATAFLOW,OECD.ELS.HD:DSD_SHA@DF_SHA(1.1),Health expenditure and financing,I,LVA,Latvia,A,Annual,EXP_HEALTH,Expenditure,PT_B1GQ,Percentage of GDP,_T,Total,_Z,Not application,_T,Total,_T,Total,_T,Total,_Z,Not applicable,_Z,Not applicable,_Z,Not applicable,2013,,5.604,,,,,,,,,,,,0,Units,1,One
DATAFLOW,OECD.ELS.HD:DSD_SHA@DF_SHA(1.1),Health expenditure and financing,I,LVA,Latvia,A,Annual,EXP_HEALTH,Expenditure,PT_B1GQ,Percentage of GDP,_T,Total,_Z,Not application,_T,Total,_T,Total,_T,Total,_Z,Not applicable,_Z,Not applicable,_Z,Not applicable,2014,,5.664,,,,,,,,,,,,0,Units,1,One
DATAFLOW,OECD.ELS.HD:DSD_SHA@DF_SHA(1.1),Health expenditure and financing,I,LVA,Latvia,A,Annual,EXP_HEALTH,Expenditure,PT_B1GQ,Percentage of GDP,_T,Total,_Z,Not application,_T,Total,_T,Total,_T,Total,_Z,Not applicable,_Z,Not applicable,_Z,Not applicable,2015,,5.849,,,,,,,,,,,,0,Units,1,One
DATAFLOW,OECD.ELS.HD:DSD_SHA@DF_SHA(1.1),Health expenditure and financing,I,LVA,Latvia,A,Annual,EXP_HEALTH,Expenditure,PT_B1GQ,Percentage of GDP,_T,Total,_Z,Not application,_T,Total,_T,Total,_T,Total,_Z,Not applicable,_Z,Not applicable,_Z,Not applicable,2016,,6.352,,,,,,,,,,,,0,Units,1,One
DATAFLOW,OECD.ELS.HD:DSD_SHA@DF_SHA(1.1),Health expenditure and financing,I,LVA,Latvia,A,Annual,EXP_HEALTH,Expenditure,PT_B1GQ,Percentage of GDP,_T,Total,_Z,Not application,_T,Total,_T,Total,_T,Total,_Z,Not applicable,_Z,Not applicable,_Z,Not applicable,2017,,6.187,,,,,,,,,,,,0,Units,1,One
DATAFLOW,OECD.ELS.HD:DSD_SHA@DF_SHA(1.1),Health expenditure and financing,I,LVA,Latvia,A,Annual,EXP_HEALTH,Expenditure,PT_B1GQ,Percentage of GDP,_T,Total,_Z,Not application,_T,Total,_T,Total,_T,Total,_Z,Not applicable,_Z,Not applicable,_Z,Not applicable,2018,,6.409,,,,,,,,,,,,0,Units,1,One
DATAFLOW,OECD.ELS.HD:DSD_SHA@DF_SHA(1.1),Health expenditure and financing,I,LVA,Latvia,A,Annual,EXP_HEALTH,Expenditure,PT_B1GQ,Percentage of GDP,_T,Total,_Z,Not application,_T,Total,_T,Total,_T,Total,_Z,Not applicable,_Z,Not applicable,_Z,Not applicable,2019,,6.863,,,,,,,,,,,,0,Units,1,One
DATAFLOW,OECD.ELS.HD:DSD_SHA@DF_SHA(1.1),Health expenditure and financing,I,LVA,Latvia,A,Annual,EXP_HEALTH,Expenditure,PT_B1GQ,Percentage of GDP,_T,Total,_Z,Not application,_T,Total,_T,Total,_T,Total,_Z,Not applicable,_Z,Not applicable,_Z,Not applicable,2020,,7.506,,,,,,,,,,,,0,Units,1,One
DATAFLOW,OECD.ELS.HD:DSD_SHA@DF_SHA(1.1),Health expenditure and financing,I,LVA,Latvia,A,Annual,EXP_HEALTH,Expenditure,PT_B1GQ,Percentage of GDP,_T,Total,_Z,Not application,_T,Total,_T,Total,_T,Total,_Z,Not applicable,_Z,Not applicable,_Z,Not applicable,2021,,9.411,,,,,,,,,,,,0,Units,1,One
DATAFLOW,OECD.ELS.HD:DSD_SHA@DF_SHA(1.1),Health expenditure and financing,I,LVA,Latvia,A,Annual,EXP_HEALTH,Expenditure,PT_B1GQ,Percentage of GDP,_T,Total,_Z,Not application,_T,Total,_T,Total,_T,Total,_Z,Not applicable,_Z,Not applicable,_Z,Not applicable,2022,,8.107,,,,,,,,,,,,0,Units,1,One
DATAFLOW,OECD.ELS.HD:DSD_SHA@DF_SHA(1.1),Health expenditure and financing,I,LVA,Latvia,A,Annual,EXP_HEALTH,Expenditure,PT_B1GQ,Percentage of GDP,_T,Total,_Z,Not application,_T,Total,_T,Total,_T,Total,_Z,Not applicable,_Z,Not applicable,_Z,Not applicable,2023,,7.243,,,,,,,,,,,,0,Units,1,One
DATAFLOW,OECD.ELS.HD:DSD_SHA@DF_SHA(1.1),Health expenditure and financing,I,NOR,Norway,A,Annual,EXP_HEALTH,Expenditure,PT_B1GQ,Percentage of GDP,_T,Total,_Z,Not application,_T,Total,_T,Total,_T,Total,_Z,Not applicable,_Z,Not applicable,_Z,Not applicable,2000,,7.74,,,,,,,,,,,,0,Units,1,One
DATAFLOW,OECD.ELS.HD:DSD_SHA@DF_SHA(1.1),Health expenditure and financing,I,NOR,Norway,A,Annual,EXP_HEALTH,Expenditure,PT_B1GQ,Percentage of GDP,_T,Total,_Z,Not application,_T,Total,_T,Total,_T,Total,_Z,Not applicable,_Z,Not applicable,_Z,Not applicable,2002,,9.008,,,,,,,,,,,,0,Units,1,One
DATAFLOW,OECD.ELS.HD:DSD_SHA@DF_SHA(1.1),Health expenditure and financing,I,NOR,Norway,A,Annual,EXP_HEALTH,Expenditure,PT_B1GQ,Percentage of GDP,_T,Total,_Z,Not application,_T,Total,_T,Total,_T,Total,_Z,Not applicable,_Z,Not applicable,_Z,Not applicable,2003,,9.201,,,,,,,,,,,,0,Units,1,One
DATAFLOW,OECD.ELS.HD:DSD_SHA@DF_SHA(1.1),Health expenditure and financing,I,NOR,Norway,A,Annual,EXP_HEALTH,Expenditure,PT_B1GQ,Percentage of GDP,_T,Total,_Z,Not application,_T,Total,_T,Total,_T,Total,_Z,Not applicable,_Z,Not applicable,_Z,Not applicable,2004,,8.783,,,,,,,,,,,,0,Units,1,One
DATAFLOW,OECD.ELS.HD:DSD_SHA@DF_SHA(1.1),Health expenditure and financing,I,NOR,Norway,A,Annual,EXP_HEALTH,Expenditure,PT_B1GQ,Percentage of GDP,_T,Total,_Z,Not application,_T,Total,_T,Total,_T,Total,_Z,Not applicable,_Z,Not applicable,_Z,Not applicable,2005,,8.261,,,,,,,,,,,,0,Units,1,One
DATAFLOW,OECD.ELS.HD:DSD_SHA@DF_SHA(1.1),Health expenditure and financing,I,NOR,Norway,A,Annual,EXP_HEALTH,Expenditure,PT_B1GQ,Percentage of GDP,_T,Total,_Z,Not application,_T,Total,_T,Total,_T,Total,_Z,Not applicable,_Z,Not applicable,_Z,Not applicable,2006,,7.818,,,,,,,,,,,,0,Units,1,One
DATAFLOW,OECD.ELS.HD:DSD_SHA@DF_SHA(1.1),Health expenditure and financing,I,NOR,Norway,A,Annual,EXP_HEALTH,Expenditure,PT_B1GQ,Percentage of GDP,_T,Total,_Z,Not application,_T,Total,_T,Total,_T,Total,_Z,Not applicable,_Z,Not applicable,_Z,Not applicable,2007,,7.915,,,,,,,,,,,,0,Units,1,One
DATAFLOW,OECD.ELS.HD:DSD_SHA@DF_SHA(1.1),Health expenditure and financing,I,NOR,Norway,A,Annual,EXP_HEALTH,Expenditure,PT_B1GQ,Percentage of GDP,_T,Total,_Z,Not application,_T,Total,_T,Total,_T,Total,_Z,Not applicable,_Z,Not applicable,_Z,Not applicable,2008,,7.795,,,,,,,,,,,,0,Units,1,One
DATAFLOW,OECD.ELS.HD:DSD_SHA@DF_SHA(1.1),Health expenditure and financing,I,NOR,Norway,A,Annual,EXP_HEALTH,Expenditure,PT_B1GQ,Percentage of GDP,_T,Total,_Z,Not application,_T,Total,_T,Total,_T,Total,_Z,Not applicable,_Z,Not applicable,_Z,Not applicable,2009,,8.857,,,,,,,,,,,,0,Units,1,One
DATAFLOW,OECD.ELS.HD:DSD_SHA@DF_SHA(1.1),Health expenditure and financing,I,NOR,Norway,A,Annual,EXP_HEALTH,Expenditure,PT_B1GQ,Percentage of GDP,_T,Total,_Z,Not application,_T,Total,_T,Total,_T,Total,_Z,Not applicable,_Z,Not applicable,_Z,Not applicable,2010,,8.675,,,,,,,,,,,,0,Units,1,One
DATAFLOW,OECD.ELS.HD:DSD_SHA@DF_SHA(1.1),Health expenditure and financing,I,NOR,Norway,A,Annual,EXP_HEALTH,Expenditure,PT_B1GQ,Percentage of GDP,_T,Total,_Z,Not application,_T,Total,_T,Total,_T,Total,_Z,Not applicable,_Z,Not applicable,_Z,Not applicable,2011,,8.539,,,,,,,,,,,,0,Units,1,One
DATAFLOW,OECD.ELS.HD:DSD_SHA@DF_SHA(1.1),Health expenditure and financing,I,NOR,Norway,A,Annual,EXP_HEALTH,Expenditure,PT_B1GQ,Percentage of GDP,_T,Total,_Z,Not application,_T,Total,_T,Total,_T,Total,_Z,Not applicable,_Z,Not applicable,_Z,Not applicable,2012,,8.517,,,,,,,,,,,,0,Units,1,One
DATAFLOW,OECD.ELS.HD:DSD_SHA@DF_SHA(1.1),Health expenditure and financing,I,NOR,Norway,A,Annual,EXP_HEALTH,Expenditure,PT_B1GQ,Percentage of GDP,_T,Total,_Z,Not application,_T,Total,_T,Total,_T,Total,_Z,Not applicable,_Z,Not applicable,_Z,Not applicable,2013,,8.642,,,,,,,,,,,,0,Units,1,One
DATAFLOW,OECD.ELS.HD:DSD_SHA@DF_SHA(1.1),Health expenditure and financing,I,NOR,Norway,A,Annual,EXP_HEALTH,Expenditure,PT_B1GQ,Percentage of GDP,_T,Total,_Z,Not application,_T,Total,_T,Total,_T,Total,_Z,Not applicable,_Z,Not applicable,_Z,Not applicable,2014,,9.029,,,,,,,,,,,,0,Units,1,One
DATAFLOW,OECD.ELS.HD:DSD_SHA@DF_SHA(1.1),Health expenditure and financing,I,NOR,Norway,A,Annual,EXP_HEALTH,Expenditure,PT_B1GQ,Percentage of GDP,_T,Total,_Z,Not application,_T,Total,_T,Total,_T,Total,_Z,Not applicable,_Z,Not applicable,_Z,Not applicable,2015,,9.756,,,,,,,,,,,,0,Units,1,One
DATAFLOW,OECD.ELS.HD:DSD_SHA@DF_SHA(1.1),Health expenditure and financing,I,NOR,Norway,A,Annual,EXP_HEALTH,Expenditure,PT_B1GQ,Percentage of GDP,_T,Total,_Z,Not application,_T,Total,_T,Total,_T,Total,_Z,Not applicable,_Z,Not applicable,_Z,Not applicable,2016,,10.192,,,,,,,,,,,,0,Units,1,One
DATAFLOW,OECD.ELS.HD:DSD_SHA@DF_SHA(1.1),Health expenditure and financing,I,NOR,Norway,A,Annual,EXP_HEALTH,Expenditure,PT_B1GQ,Percentage of GDP,_T,Total,_Z,Not application,_T,Total,_T,Total,_T,Total,_Z,Not applicable,_Z,Not applicable,_Z,Not applicable,2017,,9.887,,,,,,,,,,,,0,Units,1,One
DATAFLOW,OECD.ELS.HD:DSD_SHA@DF_SHA(1.1),Health expenditure and financing,I,NOR,Norway,A,Annual,EXP_HEALTH,Expenditure,PT_B1GQ,Percentage of GDP,_T,Total,_Z,Not application,_T,Total,_T,Total,_T,Total,_Z,Not applicable,_Z,Not applicable,_Z,Not applicable,2018,,9.636,,,,,,,,,,,,0,Units,1,One
DATAFLOW,OECD.ELS.HD:DSD_SHA@DF_SHA(1.1),Health expenditure and financing,I,NOR,Norway,A,Annual,EXP_HEALTH,Expenditure,PT_B1GQ,Percentage of GDP,_T,Total,_Z,Not application,_T,Total,_T,Total,_T,Total,_Z,Not applicable,_Z,Not applicable,_Z,Not applicable,2019,,10.057,,,,,,,,,,,,0,Units,1,One
DATAFLOW,OECD.ELS.HD:DSD_SHA@DF_SHA(1.1),Health expenditure and financing,I,NOR,Norway,A,Annual,EXP_HEALTH,Expenditure,PT_B1GQ,Percentage of GDP,_T,Total,_Z,Not application,_T,Total,_T,Total,_T,Total,_Z,Not applicable,_Z,Not applicable,_Z,Not applicable,2020,,10.987,,,,,,,,,,,,0,Units,1,One
DATAFLOW,OECD.ELS.HD:DSD_SHA@DF_SHA(1.1),Health expenditure and financing,I,NOR,Norway,A,Annual,EXP_HEALTH,Expenditure,PT_B1GQ,Percentage of GDP,_T,Total,_Z,Not application,_T,Total,_T,Total,_T,Total,_Z,Not applicable,_Z,Not applicable,_Z,Not applicable,2021,,9.471,,,,,,,,,,,,0,Units,1,One
DATAFLOW,OECD.ELS.HD:DSD_SHA@DF_SHA(1.1),Health expenditure and financing,I,NOR,Norway,A,Annual,EXP_HEALTH,Expenditure,PT_B1GQ,Percentage of GDP,_T,Total,_Z,Not application,_T,Total,_T,Total,_T,Total,_Z,Not applicable,_Z,Not applicable,_Z,Not applicable,2022,,7.639,,,,,,,,,,,,0,Units,1,One
DATAFLOW,OECD.ELS.HD:DSD_SHA@DF_SHA(1.1),Health expenditure and financing,I,FIN,Finland,A,Annual,EXP_HEALTH,Expenditure,PT_B1GQ,Percentage of GDP,_T,Total,_Z,Not application,_T,Total,_T,Total,_T,Total,_Z,Not applicable,_Z,Not applicable,_Z,Not applicable,2013,,9.845,,,,,,,,,,,,0,Units,1,One
DATAFLOW,OECD.ELS.HD:DSD_SHA@DF_SHA(1.1),Health expenditure and financing,I,FIN,Finland,A,Annual,EXP_HEALTH,Expenditure,PT_B1GQ,Percentage of GDP,_T,Total,_Z,Not application,_T,Total,_T,Total,_T,Total,_Z,Not applicable,_Z,Not applicable,_Z,Not applicable,2014,,9.831,,,,,,,,,,,,0,Units,1,One
DATAFLOW,OECD.ELS.HD:DSD_SHA@DF_SHA(1.1),Health expenditure and financing,I,FIN,Finland,A,Annual,EXP_HEALTH,Expenditure,PT_B1GQ,Percentage of GDP,_T,Total,_Z,Not application,_T,Total,_T,Total,_T,Total,_Z,Not applicable,_Z,Not applicable,_Z,Not applicable,2016,,9.456,,,,,,,,,,,,0,Units,1,One
DATAFLOW,OECD.ELS.HD:DSD_SHA@DF_SHA(1.1),Health expenditure and financing,I,FIN,Finland,A,Annual,EXP_HEALTH,Expenditure,PT_B1GQ,Percentage of GDP,_T,Total,_Z,Not application,_T,Total,_T,Total,_T,Total,_Z,Not applicable,_Z,Not applicable,_Z,Not applicable,2017,,9.191,,,,,,,,,,,,0,Units,1,One
DATAFLOW,OECD.ELS.HD:DSD_SHA@DF_SHA(1.1),Health expenditure and financing,I,FIN,Finland,A,Annual,EXP_HEALTH,Expenditure,PT_B1GQ,Percentage of GDP,_T,Total,_Z,Not application,_T,Total,_T,Total,_T,Total,_Z,Not applicable,_Z,Not applicable,_Z,Not applicable,2018,,9.103,,,,,,,,,,,,0,Units,1,One
DATAFLOW,OECD.ELS.HD:DSD_SHA@DF_SHA(1.1),Health expenditure and financing,I,DEU,Germany,A,Annual,EXP_HEALTH,Expenditure,PT_B1GQ,Percentage of GDP,_T,Total,_Z,Not application,_T,Total,_T,Total,_T,Total,_Z,Not applicable,_Z,Not applicable,_Z,Not applicable,2000,,9.759,,,,,,,,,,,,0,Units,1,One
DATAFLOW,OECD.ELS.HD:DSD_SHA@DF_SHA(1.1),Health expenditure and financing,I,DEU,Germany,A,Annual,EXP_HEALTH,Expenditure,PT_B1GQ,Percentage of GDP,_T,Total,_Z,Not application,_T,Total,_T,Total,_T,Total,_Z,Not applicable,_Z,Not applicable,_Z,Not applicable,2001,,9.781,,,,,,,,,,,,0,Units,1,One
DATAFLOW,OECD.ELS.HD:DSD_SHA@DF_SHA(1.1),Health expenditure and financing,I,DEU,Germany,A,Annual,EXP_HEALTH,Expenditure,PT_B1GQ,Percentage of GDP,_T,Total,_Z,Not application,_T,Total,_T,Total,_T,Total,_Z,Not applicable,_Z,Not applicable,_Z,Not applicable,2002,,10.029,,,,,,,,,,,,0,Units,1,One
DATAFLOW,OECD.ELS.HD:DSD_SHA@DF_SHA(1.1),Health expenditure and financing,I,LTU,Lithuania,A,Annual,EXP_HEALTH,Expenditure,PT_B1GQ,Percentage of GDP,_T,Total,_Z,Not application,_T,Total,_T,Total,_T,Total,_Z,Not applicable,_Z,Not applicable,_Z,Not applicable,2005,,5.646,,,,,,,,,,,,0,Units,1,One
DATAFLOW,OECD.ELS.HD:DSD_SHA@DF_SHA(1.1),Health expenditure and financing,I,LTU,Lithuania,A,Annual,EXP_HEALTH,Expenditure,PT_B1GQ,Percentage of GDP,_T,Total,_Z,Not application,_T,Total,_T,Total,_T,Total,_Z,Not applicable,_Z,Not applicable,_Z,Not applicable,2007,,5.76,,,,,,,,,,,,0,Units,1,One
DATAFLOW,OECD.ELS.HD:DSD_SHA@DF_SHA(1.1),Health expenditure and financing,I,LTU,Lithuania,A,Annual,EXP_HEALTH,Expenditure,PT_B1GQ,Percentage of GDP,_T,Total,_Z,Not application,_T,Total,_T,Total,_T,Total,_Z,Not applicable,_Z,Not applicable,_Z,Not applicable,2008,,6.29,,,,,,,,,,,,0,Units,1,One
DATAFLOW,OECD.ELS.HD:DSD_SHA@DF_SHA(1.1),Health expenditure and financing,I,LTU,Lithuania,A,Annual,EXP_HEALTH,Expenditure,PT_B1GQ,Percentage of GDP,_T,Total,_Z,Not application,_T,Total,_T,Total,_T,Total,_Z,Not applicable,_Z,Not applicable,_Z,Not applicable,2009,,7.345,,,,,,,,,,,,0,Units,1,One
DATAFLOW,OECD.ELS.HD:DSD_SHA@DF_SHA(1.1),Health expenditure and financing,I,LTU,Lithuania,A,Annual,EXP_HEALTH,Expenditure,PT_B1GQ,Percentage of GDP,_T,Total,_Z,Not application,_T,Total,_T,Total,_T,Total,_Z,Not applicable,_Z,Not applicable,_Z,Not applicable,2010,,6.906,,,,,,,,,,,,0,Units,1,One
DATAFLOW,OECD.ELS.HD:DSD_SHA@DF_SHA(1.1),Health expenditure and financing,I,LTU,Lithuania,A,Annual,EXP_HEALTH,Expenditure,PT_B1GQ,Percentage of GDP,_T,Total,_Z,Not application,_T,Total,_T,Total,_T,Total,_Z,Not applicable,_Z,Not applicable,_Z,Not applicable,2011,,6.54,,,,,,,,,,,,0,Units,1,One
DATAFLOW,OECD.ELS.HD:DSD_SHA@DF_SHA(1.1),Health expenditure and financing,I,COL,Colombia,A,Annual,EXP_HEALTH,Expenditure,PT_B1GQ,Percentage of GDP,_T,Total,_Z,Not application,_T,Total,_T,Total,_T,Total,_Z,Not applicable,_Z,Not applicable,_Z,Not applicable,2018,,7.718,,,,,,,,,,,,0,Units,1,One
DATAFLOW,OECD.ELS.HD:DSD_SHA@DF_SHA(1.1),Health expenditure and financing,I,COL,Colombia,A,Annual,EXP_HEALTH,Expenditure,PT_B1GQ,Percentage of GDP,_T,Total,_Z,Not application,_T,Total,_T,Total,_T,Total,_Z,Not applicable,_Z,Not applicable,_Z,Not applicable,2019,,7.834,,,,,,,,,,,,0,Units,1,One
DATAFLOW,OECD.ELS.HD:DSD_SHA@DF_SHA(1.1),Health expenditure and financing,I,COL,Colombia,A,Annual,EXP_HEALTH,Expenditure,PT_B1GQ,Percentage of GDP,_T,Total,_Z,Not application,_T,Total,_T,Total,_T,Total,_Z,Not applicable,_Z,Not applicable,_Z,Not applicable,2020,,8.698,,,,,,,,,,,,0,Units,1,One
DATAFLOW,OECD.ELS.HD:DSD_SHA@DF_SHA(1.1),Health expenditure and financing,I,COL,Colombia,A,Annual,EXP_HEALTH,Expenditure,PT_B1GQ,Percentage of GDP,_T,Total,_Z,Not application,_T,Total,_T,Total,_T,Total,_Z,Not applicable,_Z,Not applicable,_Z,Not applicable,2021,,9.142,,,,,,,,,,,,0,Units,1,One
DATAFLOW,OECD.ELS.HD:DSD_SHA@DF_SHA(1.1),Health expenditure and financing,I,COL,Colombia,A,Annual,EXP_HEALTH,Expenditure,PT_B1GQ,Percentage of GDP,_T,Total,_Z,Not application,_T,Total,_T,Total,_T,Total,_Z,Not applicable,_Z,Not applicable,_Z,Not applicable,2022,,7.59,,,,,,,,,,,,0,Units,1,One
DATAFLOW,OECD.ELS.HD:DSD_SHA@DF_SHA(1.1),Health expenditure and financing,I,COL,Colombia,A,Annual,EXP_HEALTH,Expenditure,PT_B1GQ,Percentage of GDP,_T,Total,_Z,Not application,_T,Total,_T,Total,_T,Total,_Z,Not applicable,_Z,Not applicable,_Z,Not applicable,2023,,8.145,,,,,,,,,,,,0,Units,1,One
DATAFLOW,OECD.ELS.HD:DSD_SHA@DF_SHA(1.1),Health expenditure and financing,I,COL,Colombia,A,Annual,EXP_HEALTH,Expenditure,PT_B1GQ,Percentage of GDP,_T,Total,_Z,Not application,_T,Total,_T,Total,_T,Total,_Z,Not applicable,_Z,Not applicable,_Z,Not applicable,2013,,7.017,,,,,,,,,,,,0,Units,1,One
DATAFLOW,OECD.ELS.HD:DSD_SHA@DF_SHA(1.1),Health expenditure and financing,I,COL,Colombia,A,Annual,EXP_HEALTH,Expenditure,PT_B1GQ,Percentage of GDP,_T,Total,_Z,Not application,_T,Total,_T,Total,_T,Total,_Z,Not applicable,_Z,Not applicable,_Z,Not applicable,2015,,7.523,,,,,,,,,,,,0,Units,1,One
DATAFLOW,OECD.ELS.HD:DSD_SHA@DF_SHA(1.1),Health expenditure and financing,I,COL,Colombia,A,Annual,EXP_HEALTH,Expenditure,PT_B1GQ,Percentage of GDP,_T,Total,_Z,Not application,_T,Total,_T,Total,_T,Total,_Z,Not applicable,_Z,Not applicable,_Z,Not applicable,2017,,7.679,,,,,,,,,,,,0,Units,1,One
DATAFLOW,OECD.ELS.HD:DSD_SHA@DF_SHA(1.1),Health expenditure and financing,I,COL,Colombia,A,Annual,EXP_HEALTH,Expenditure,PT_B1GQ,Percentage of GDP,_T,Total,_Z,Not application,_T,Total,_T,Total,_T,Total,_Z,Not applicable,_Z,Not applicable,_Z,Not applicable,2016,,7.531,,,,,,,,,,,,0,Units,1,One
DATAFLOW,OECD.ELS.HD:DSD_SHA@DF_SHA(1.1),Health expenditure and financing,I,COL,Colombia,A,Annual,EXP_HEALTH,Expenditure,PT_B1GQ,Percentage of GDP,_T,Total,_Z,Not application,_T,Total,_T,Total,_T,Total,_Z,Not applicable,_Z,Not applicable,_Z,Not applicable,2014,,7.186,,,,,,,,,,,,0,Units,1,One
DATAFLOW,OECD.ELS.HD:DSD_SHA@DF_SHA(1.1),Health expenditure and financing,I,CZE,Czechia,A,Annual,EXP_HEALTH,Expenditure,PT_B1GQ,Percentage of GDP,_T,Total,_Z,Not application,_T,Total,_T,Total,_T,Total,_Z,Not applicable,_Z,Not applicable,_Z,Not applicable,2023,,8.382,,,,,,,,,,,,0,Units,1,One
DATAFLOW,OECD.ELS.HD:DSD_SHA@DF_SHA(1.1),Health expenditure and financing,I,CZE,Czechia,A,Annual,EXP_HEALTH,Expenditure,PT_B1GQ,Percentage of GDP,_T,Total,_Z,Not application,_T,Total,_T,Total,_T,Total,_Z,Not applicable,_Z,Not applicable,_Z,Not applicable,2020,,8.97,,,,,,,,,,,,0,Units,1,One
DATAFLOW,OECD.ELS.HD:DSD_SHA@DF_SHA(1.1),Health expenditure and financing,I,CZE,Czechia,A,Annual,EXP_HEALTH,Expenditure,PT_B1GQ,Percentage of GDP,_T,Total,_Z,Not application,_T,Total,_T,Total,_T,Total,_Z,Not applicable,_Z,Not applicable,_Z,Not applicable,2022,,8.471,,,,,,,,,,,,0,Units,1,One
DATAFLOW,OECD.ELS.HD:DSD_SHA@DF_SHA(1.1),Health expenditure and financing,I,CZE,Czechia,A,Annual,EXP_HEALTH,Expenditure,PT_B1GQ,Percentage of GDP,_T,Total,_Z,Not application,_T,Total,_T,Total,_T,Total,_Z,Not applicable,_Z,Not applicable,_Z,Not applicable,2021,,9.154,,,,,,,,,,,,0,Units,1,One
DATAFLOW,OECD.ELS.HD:DSD_SHA@DF_SHA(1.1),Health expenditure and financing,I,ISL,Iceland,A,Annual,EXP_HEALTH,Expenditure,PT_B1GQ,Percentage of GDP,_T,Total,_Z,Not application,_T,Total,_T,Total,_T,Total,_Z,Not applicable,_Z,Not applicable,_Z,Not applicable,2006,,8.459,,,,,,,,,,,,0,Units,1,One
DATAFLOW,OECD.ELS.HD:DSD_SHA@DF_SHA(1.1),Health expenditure and financing,I,ISL,Iceland,A,Annual,EXP_HEALTH,Expenditure,PT_B1GQ,Percentage of GDP,_T,Total,_Z,Not application,_T,Total,_T,Total,_T,Total,_Z,Not applicable,_Z,Not applicable,_Z,Not applicable,2005,,8.795,,,,,,,,,,,,0,Units,1,One
DATAFLOW,OECD.ELS.HD:DSD_SHA@DF_SHA(1.1),Health expenditure and financing,I,ISL,Iceland,A,Annual,EXP_HEALTH,Expenditure,PT_B1GQ,Percentage of GDP,_T,Total,_Z,Not application,_T,Total,_T,Total,_T,Total,_Z,Not applicable,_Z,Not applicable,_Z,Not applicable,2004,,9.237,,,,,,,,,,,,0,Units,1,One
DATAFLOW,OECD.ELS.HD:DSD_SHA@DF_SHA(1.1),Health expenditure and financing,I,ISL,Iceland,A,Annual,EXP_HEALTH,Expenditure,PT_B1GQ,Percentage of GDP,_T,Total,_Z,Not application,_T,Total,_T,Total,_T,Total,_Z,Not applicable,_Z,Not applicable,_Z,Not applicable,2003,,9.625,,,,,,,,,,,,0,Units,1,One
DATAFLOW,OECD.ELS.HD:DSD_SHA@DF_SHA(1.1),Health expenditure and financing,I,CAN,Canada,A,Annual,EXP_HEALTH,Expenditure,PT_B1GQ,Percentage of GDP,_T,Total,_Z,Not application,_T,Total,_T,Total,_T,Total,_Z,Not applicable,_Z,Not applicable,_Z,Not applicable,2014,,10.268,,,,,,,,,,,,0,Units,1,One
DATAFLOW,OECD.ELS.HD:DSD_SHA@DF_SHA(1.1),Health expenditure and financing,I,CAN,Canada,A,Annual,EXP_HEALTH,Expenditure,PT_B1GQ,Percentage of GDP,_T,Total,_Z,Not application,_T,Total,_T,Total,_T,Total,_Z,Not applicable,_Z,Not applicable,_Z,Not applicable,2015,,10.757,,,,,,,,,,,,0,Units,1,One
DATAFLOW,OECD.ELS.HD:DSD_SHA@DF_SHA(1.1),Health expenditure and financing,I,EST,Estonia,A,Annual,EXP_HEALTH,Expenditure,PT_B1GQ,Percentage of GDP,_T,Total,_Z,Not application,_T,Total,_T,Total,_T,Total,_Z,Not applicable,_Z,Not applicable,_Z,Not applicable,2019,,6.648,,,,,,,,,,,,0,Units,1,One
DATAFLOW,OECD.ELS.HD:DSD_SHA@DF_SHA(1.1),Health expenditure and financing,I,EST,Estonia,A,Annual,EXP_HEALTH,Expenditure,PT_B1GQ,Percentage of GDP,_T,Total,_Z,Not application,_T,Total,_T,Total,_T,Total,_Z,Not applicable,_Z,Not applicable,_Z,Not applicable,2018,,6.563,,,,,,,,,,,,0,Units,1,One
DATAFLOW,OECD.ELS.HD:DSD_SHA@DF_SHA(1.1),Health expenditure and financing,I,NZL,New Zealand,A,Annual,EXP_HEALTH,Expenditure,PT_B1GQ,Percentage of GDP,_T,Total,_Z,Not application,_T,Total,_T,Total,_T,Total,_Z,Not applicable,_Z,Not applicable,_Z,Not applicable,2007,,8.329,,,,,,,,,,,,0,Units,1,One
DATAFLOW,OECD.ELS.HD:DSD_SHA@DF_SHA(1.1),Health expenditure and financing,I,NZL,New Zealand,A,Annual,EXP_HEALTH,Expenditure,PT_B1GQ,Percentage of GDP,_T,Total,_Z,Not application,_T,Total,_T,Total,_T,Total,_Z,Not applicable,_Z,Not applicable,_Z,Not applicable,2008,,8.651,,,,,,,,,,,,0,Units,1,One
DATAFLOW,OECD.ELS.HD:DSD_SHA@DF_SHA(1.1),Health expenditure and financing,I,NZL,New Zealand,A,Annual,EXP_HEALTH,Expenditure,PT_B1GQ,Percentage of GDP,_T,Total,_Z,Not application,_T,Total,_T,Total,_T,Total,_Z,Not applicable,_Z,Not applicable,_Z,Not applicable,2009,,9.136,,,,,,,,,,,,0,Units,1,One
DATAFLOW,OECD.ELS.HD:DSD_SHA@DF_SHA(1.1),Health expenditure and financing,I,NZL,New Zealand,A,Annual,EXP_HEALTH,Expenditure,PT_B1GQ,Percentage of GDP,_T,Total,_Z,Not application,_T,Total,_T,Total,_T,Total,_Z,Not applicable,_Z,Not applicable,_Z,Not applicable,2010,,9.095,,,,,,,,,,,,0,Units,1,One
DATAFLOW,OECD.ELS.HD:DSD_SHA@DF_SHA(1.1),Health expenditure and financing,I,NZL,New Zealand,A,Annual,EXP_HEALTH,Expenditure,PT_B1GQ,Percentage of GDP,_T,Total,_Z,Not application,_T,Total,_T,Total,_T,Total,_Z,Not applicable,_Z,Not applicable,_Z,Not applicable,2011,,9.109,,,,,,,,,,,,0,Units,1,One
DATAFLOW,OECD.ELS.HD:DSD_SHA@DF_SHA(1.1),Health expenditure and financing,I,NZL,New Zealand,A,Annual,EXP_HEALTH,Expenditure,PT_B1GQ,Percentage of GDP,_T,Total,_Z,Not application,_T,Total,_T,Total,_T,Total,_Z,Not applicable,_Z,Not applicable,_Z,Not applicable,2012,,9.205,,,,,,,,,,,,0,Units,1,One
DATAFLOW,OECD.ELS.HD:DSD_SHA@DF_SHA(1.1),Health expenditure and financing,I,NZL,New Zealand,A,Annual,EXP_HEALTH,Expenditure,PT_B1GQ,Percentage of GDP,_T,Total,_Z,Not application,_T,Total,_T,Total,_T,Total,_Z,Not applicable,_Z,Not applicable,_Z,Not applicable,2013,,8.943,,,,,,,,,,,,0,Units,1,One
DATAFLOW,OECD.ELS.HD:DSD_SHA@DF_SHA(1.1),Health expenditure and financing,I,NZL,New Zealand,A,Annual,EXP_HEALTH,Expenditure,PT_B1GQ,Percentage of GDP,_T,Total,_Z,Not application,_T,Total,_T,Total,_T,Total,_Z,Not applicable,_Z,Not applicable,_Z,Not applicable,2014,,8.976,,,,,,,,,,,,0,Units,1,One
DATAFLOW,OECD.ELS.HD:DSD_SHA@DF_SHA(1.1),Health expenditure and financing,I,NZL,New Zealand,A,Annual,EXP_HEALTH,Expenditure,PT_B1GQ,Percentage of GDP,_T,Total,_Z,Not application,_T,Total,_T,Total,_T,Total,_Z,Not applicable,_Z,Not applicable,_Z,Not applicable,2015,,8.893,,,,,,,,,,,,0,Units,1,One
DATAFLOW,OECD.ELS.HD:DSD_SHA@DF_SHA(1.1),Health expenditure and financing,I,NZL,New Zealand,A,Annual,EXP_HEALTH,Expenditure,PT_B1GQ,Percentage of GDP,_T,Total,_Z,Not application,_T,Total,_T,Total,_T,Total,_Z,Not applicable,_Z,Not applicable,_Z,Not applicable,2016,,8.774,,,,,,,,,,,,0,Units,1,One
DATAFLOW,OECD.ELS.HD:DSD_SHA@DF_SHA(1.1),Health expenditure and financing,I,NZL,New Zealand,A,Annual,EXP_HEALTH,Expenditure,PT_B1GQ,Percentage of GDP,_T,Total,_Z,Not application,_T,Total,_T,Total,_T,Total,_Z,Not applicable,_Z,Not applicable,_Z,Not applicable,2017,,8.626,,,,,,,,,,,,0,Units,1,One
DATAFLOW,OECD.ELS.HD:DSD_SHA@DF_SHA(1.1),Health expenditure and financing,I,NZL,New Zealand,A,Annual,EXP_HEALTH,Expenditure,PT_B1GQ,Percentage of GDP,_T,Total,_Z,Not application,_T,Total,_T,Total,_T,Total,_Z,Not applicable,_Z,Not applicable,_Z,Not applicable,2018,,8.58,,,,,,,,,,,,0,Units,1,One
DATAFLOW,OECD.ELS.HD:DSD_SHA@DF_SHA(1.1),Health expenditure and financing,I,NZL,New Zealand,A,Annual,EXP_HEALTH,Expenditure,PT_B1GQ,Percentage of GDP,_T,Total,_Z,Not application,_T,Total,_T,Total,_T,Total,_Z,Not applicable,_Z,Not applicable,_Z,Not applicable,2019,,8.616,,,,,,,,,,,,0,Units,1,One
DATAFLOW,OECD.ELS.HD:DSD_SHA@DF_SHA(1.1),Health expenditure and financing,I,NZL,New Zealand,A,Annual,EXP_HEALTH,Expenditure,PT_B1GQ,Percentage of GDP,_T,Total,_Z,Not application,_T,Total,_T,Total,_T,Total,_Z,Not applicable,_Z,Not applicable,_Z,Not applicable,2020,,9.24,,,,,,,,,,,,0,Units,1,One
DATAFLOW,OECD.ELS.HD:DSD_SHA@DF_SHA(1.1),Health expenditure and financing,I,NZL,New Zealand,A,Annual,EXP_HEALTH,Expenditure,PT_B1GQ,Percentage of GDP,_T,Total,_Z,Not application,_T,Total,_T,Total,_T,Total,_Z,Not applicable,_Z,Not applicable,_Z,Not applicable,2021,,9.56,,,,,,,,,,,,0,Units,1,One
DATAFLOW,OECD.ELS.HD:DSD_SHA@DF_SHA(1.1),Health expenditure and financing,I,NZL,New Zealand,A,Annual,EXP_HEALTH,Expenditure,PT_B1GQ,Percentage of GDP,_T,Total,_Z,Not application,_T,Total,_T,Total,_T,Total,_Z,Not applicable,_Z,Not applicable,_Z,Not applicable,2022,,10.559,,,,,,,,,,,,0,Units,1,One
DATAFLOW,OECD.ELS.HD:DSD_SHA@DF_SHA(1.1),Health expenditure and financing,I,NZL,New Zealand,A,Annual,EXP_HEALTH,Expenditure,PT_B1GQ,Percentage of GDP,_T,Total,_Z,Not application,_T,Total,_T,Total,_T,Total,_Z,Not applicable,_Z,Not applicable,_Z,Not applicable,2023,,10.083,,,,,,,,,,,,0,Units,1,One
DATAFLOW,OECD.ELS.HD:DSD_SHA@DF_SHA(1.1),Health expenditure and financing,I,CRI,Costa Rica,A,Annual,EXP_HEALTH,Expenditure,PT_B1GQ,Percentage of GDP,_T,Total,_Z,Not application,_T,Total,_T,Total,_T,Total,_Z,Not applicable,_Z,Not applicable,_Z,Not applicable,2004,,6.63,,,,,,,,,,,,0,Units,1,One
DATAFLOW,OECD.ELS.HD:DSD_SHA@DF_SHA(1.1),Health expenditure and financing,I,CRI,Costa Rica,A,Annual,EXP_HEALTH,Expenditure,PT_B1GQ,Percentage of GDP,_T,Total,_Z,Not application,_T,Total,_T,Total,_T,Total,_Z,Not applicable,_Z,Not applicable,_Z,Not applicable,2005,,6.664,,,,,,,,,,,,0,Units,1,One
DATAFLOW,OECD.ELS.HD:DSD_SHA@DF_SHA(1.1),Health expenditure and financing,I,CRI,Costa Rica,A,Annual,EXP_HEALTH,Expenditure,PT_B1GQ,Percentage of GDP,_T,Total,_Z,Not application,_T,Total,_T,Total,_T,Total,_Z,Not applicable,_Z,Not applicable,_Z,Not applicable,2006,,6.935,,,,,,,,,,,,0,Units,1,One
DATAFLOW,OECD.ELS.HD:DSD_SHA@DF_SHA(1.1),Health expenditure and financing,I,CRI,Costa Rica,A,Annual,EXP_HEALTH,Expenditure,PT_B1GQ,Percentage of GDP,_T,Total,_Z,Not application,_T,Total,_T,Total,_T,Total,_Z,Not applicable,_Z,Not applicable,_Z,Not applicable,2007,,6.996,,,,,,,,,,,,0,Units,1,One
DATAFLOW,OECD.ELS.HD:DSD_SHA@DF_SHA(1.1),Health expenditure and financing,I,CRI,Costa Rica,A,Annual,EXP_HEALTH,Expenditure,PT_B1GQ,Percentage of GDP,_T,Total,_Z,Not application,_T,Total,_T,Total,_T,Total,_Z,Not applicable,_Z,Not applicable,_Z,Not applicable,2008,,7.469,,,,,,,,,,,,0,Units,1,One
DATAFLOW,OECD.ELS.HD:DSD_SHA@DF_SHA(1.1),Health expenditure and financing,I,CRI,Costa Rica,A,Annual,EXP_HEALTH,Expenditure,PT_B1GQ,Percentage of GDP,_T,Total,_Z,Not application,_T,Total,_T,Total,_T,Total,_Z,Not applicable,_Z,Not applicable,_Z,Not applicable,2009,,7.86,,,,,,,,,,,,0,Units,1,One
DATAFLOW,OECD.ELS.HD:DSD_SHA@DF_SHA(1.1),Health expenditure and financing,I,CRI,Costa Rica,A,Annual,EXP_HEALTH,Expenditure,PT_B1GQ,Percentage of GDP,_T,Total,_Z,Not application,_T,Total,_T,Total,_T,Total,_Z,Not applicable,_Z,Not applicable,_Z,Not applicable,2010,,8.029,,,,,,,,,,,,0,Units,1,One
DATAFLOW,OECD.ELS.HD:DSD_SHA@DF_SHA(1.1),Health expenditure and financing,I,AUS,Australia,A,Annual,EXP_HEALTH,Expenditure,PT_B1GQ,Percentage of GDP,_T,Total,_Z,Not application,_T,Total,_T,Total,_T,Total,_Z,Not applicable,_Z,Not applicable,_Z,Not applicable,2005,,7.951,,,,,,D,Definition differs,,,,,0,Units,1,One
DATAFLOW,OECD.ELS.HD:DSD_SHA@DF_SHA(1.1),Health expenditure and financing,I,CRI,Costa Rica,A,Annual,EXP_HEALTH,Expenditure,PT_B1GQ,Percentage of GDP,_T,Total,_Z,Not application,_T,Total,_T,Total,_T,Total,_Z,Not applicable,_Z,Not applicable,_Z,Not applicable,2018,,7.286,,,,,,B,Time series break,,,,,0,Units,1,One
DATAFLOW,OECD.ELS.HD:DSD_SHA@DF_SHA(1.1),Health expenditure and financing,I,FRA,France,A,Annual,EXP_HEALTH,Expenditure,PT_B1GQ,Percentage of GDP,_T,Total,_Z,Not application,_T,Total,_T,Total,_T,Total,_Z,Not applicable,_Z,Not applicable,_Z,Not applicable,2020,,11.916,,,,,,,,,,,,0,Units,1,One
DATAFLOW,OECD.ELS.HD:DSD_SHA@DF_SHA(1.1),Health expenditure and financing,I,FRA,France,A,Annual,EXP_HEALTH,Expenditure,PT_B1GQ,Percentage of GDP,_T,Total,_Z,Not application,_T,Total,_T,Total,_T,Total,_Z,Not applicable,_Z,Not applicable,_Z,Not applicable,2019,,10.984,,,,,,,,,,,,0,Units,1,One
DATAFLOW,OECD.ELS.HD:DSD_SHA@DF_SHA(1.1),Health expenditure and financing,I,FRA,France,A,Annual,EXP_HEALTH,Expenditure,PT_B1GQ,Percentage of GDP,_T,Total,_Z,Not application,_T,Total,_T,Total,_T,Total,_Z,Not applicable,_Z,Not applicable,_Z,Not applicable,2017,,11.245,,,,,,,,,,,,0,Units,1,One
DATAFLOW,OECD.ELS.HD:DSD_SHA@DF_SHA(1.1),Health expenditure and financing,I,FRA,France,A,Annual,EXP_HEALTH,Expenditure,PT_B1GQ,Percentage of GDP,_T,Total,_Z,Not application,_T,Total,_T,Total,_T,Total,_Z,Not applicable,_Z,Not applicable,_Z,Not applicable,2018,,11.11,,,,,,,,,,,,0,Units,1,One
DATAFLOW,OECD.ELS.HD:DSD_SHA@DF_SHA(1.1),Health expenditure and financing,I,FRA,France,A,Annual,EXP_HEALTH,Expenditure,PT_B1GQ,Percentage of GDP,_T,Total,_Z,Not application,_T,Total,_T,Total,_T,Total,_Z,Not applicable,_Z,Not applicable,_Z,Not applicable,2021,,12.08,,,,,,,,,,,,0,Units,1,One
DATAFLOW,OECD.ELS.HD:DSD_SHA@DF_SHA(1.1),Health expenditure and financing,I,FRA,France,A,Annual,EXP_HEALTH,Expenditure,PT_B1GQ,Percentage of GDP,_T,Total,_Z,Not application,_T,Total,_T,Total,_T,Total,_Z,Not applicable,_Z,Not applicable,_Z,Not applicable,2016,,11.346,,,,,,,,,,,,0,Units,1,One
DATAFLOW,OECD.ELS.HD:DSD_SHA@DF_SHA(1.1),Health expenditure and financing,I,FIN,Finland,A,Annual,EXP_HEALTH,Expenditure,PT_B1GQ,Percentage of GDP,_T,Total,_Z,Not application,_T,Total,_T,Total,_T,Total,_Z,Not applicable,_Z,Not applicable,_Z,Not applicable,2010,,9.142,,,,,,,,,,,,0,Units,1,One
DATAFLOW,OECD.ELS.HD:DSD_SHA@DF_SHA(1.1),Health expenditure and financing,I,FIN,Finland,A,Annual,EXP_HEALTH,Expenditure,PT_B1GQ,Percentage of GDP,_T,Total,_Z,Not application,_T,Total,_T,Total,_T,Total,_Z,Not applicable,_Z,Not applicable,_Z,Not applicable,2005,,8.289,,,,,,,,,,,,0,Units,1,One
DATAFLOW,OECD.ELS.HD:DSD_SHA@DF_SHA(1.1),Health expenditure and financing,I,FIN,Finland,A,Annual,EXP_HEALTH,Expenditure,PT_B1GQ,Percentage of GDP,_T,Total,_Z,Not application,_T,Total,_T,Total,_T,Total,_Z,Not applicable,_Z,Not applicable,_Z,Not applicable,2006,,8.286,,,,,,,,,,,,0,Units,1,One
DATAFLOW,OECD.ELS.HD:DSD_SHA@DF_SHA(1.1),Health expenditure and financing,I,FIN,Finland,A,Annual,EXP_HEALTH,Expenditure,PT_B1GQ,Percentage of GDP,_T,Total,_Z,Not application,_T,Total,_T,Total,_T,Total,_Z,Not applicable,_Z,Not applicable,_Z,Not applicable,2007,,8.084,,,,,,,,,,,,0,Units,1,One
DATAFLOW,OECD.ELS.HD:DSD_SHA@DF_SHA(1.1),Health expenditure and financing,I,FIN,Finland,A,Annual,EXP_HEALTH,Expenditure,PT_B1GQ,Percentage of GDP,_T,Total,_Z,Not application,_T,Total,_T,Total,_T,Total,_Z,Not applicable,_Z,Not applicable,_Z,Not applicable,2009,,9.162,,,,,,,,,,,,0,Units,1,One
DATAFLOW,OECD.ELS.HD:DSD_SHA@DF_SHA(1.1),Health expenditure and financing,I,FIN,Finland,A,Annual,EXP_HEALTH,Expenditure,PT_B1GQ,Percentage of GDP,_T,Total,_Z,Not application,_T,Total,_T,Total,_T,Total,_Z,Not applicable,_Z,Not applicable,_Z,Not applicable,2008,,8.344,,,,,,,,,,,,0,Units,1,One
DATAFLOW,OECD.ELS.HD:DSD_SHA@DF_SHA(1.1),Health expenditure and financing,I,GRC,Greece,A,Annual,EXP_HEALTH,Expenditure,PT_B1GQ,Percentage of GDP,_T,Total,_Z,Not application,_T,Total,_T,Total,_T,Total,_Z,Not applicable,_Z,Not applicable,_Z,Not applicable,2012,,9.043,,,,,,,,,,,,0,Units,1,One
DATAFLOW,OECD.ELS.HD:DSD_SHA@DF_SHA(1.1),Health expenditure and financing,I,GRC,Greece,A,Annual,EXP_HEALTH,Expenditure,PT_B1GQ,Percentage of GDP,_T,Total,_Z,Not application,_T,Total,_T,Total,_T,Total,_Z,Not applicable,_Z,Not applicable,_Z,Not applicable,2011,,9.186,,,,,,,,,,,,0,Units,1,One
DATAFLOW,OECD.ELS.HD:DSD_SHA@DF_SHA(1.1),Health expenditure and financing,I,GRC,Greece,A,Annual,EXP_HEALTH,Expenditure,PT_B1GQ,Percentage of GDP,_T,Total,_Z,Not application,_T,Total,_T,Total,_T,Total,_Z,Not applicable,_Z,Not applicable,_Z,Not applicable,2009,,9.536,,,,,,,,,,,,0,Units,1,One
DATAFLOW,OECD.ELS.HD:DSD_SHA@DF_SHA(1.1),Health expenditure and financing,I,GRC,Greece,A,Annual,EXP_HEALTH,Expenditure,PT_B1GQ,Percentage of GDP,_T,Total,_Z,Not application,_T,Total,_T,Total,_T,Total,_Z,Not applicable,_Z,Not applicable,_Z,Not applicable,2010,,9.62,,,,,,,,,,,,0,Units,1,One
DATAFLOW,OECD.ELS.HD:DSD_SHA@DF_SHA(1.1),Health expenditure and financing,I,GRC,Greece,A,Annual,EXP_HEALTH,Expenditure,PT_B1GQ,Percentage of GDP,_T,Total,_Z,Not application,_T,Total,_T,Total,_T,Total,_Z,Not applicable,_Z,Not applicable,_Z,Not applicable,2006,,8.396,,,,,,,,,,,,0,Units,1,One
DATAFLOW,OECD.ELS.HD:DSD_SHA@DF_SHA(1.1),Health expenditure and financing,I,GRC,Greece,A,Annual,EXP_HEALTH,Expenditure,PT_B1GQ,Percentage of GDP,_T,Total,_Z,Not application,_T,Total,_T,Total,_T,Total,_Z,Not applicable,_Z,Not applicable,_Z,Not applicable,2007,,8.523,,,,,,,,,,,,0,Units,1,One
DATAFLOW,OECD.ELS.HD:DSD_SHA@DF_SHA(1.1),Health expenditure and financing,I,GRC,Greece,A,Annual,EXP_HEALTH,Expenditure,PT_B1GQ,Percentage of GDP,_T,Total,_Z,Not application,_T,Total,_T,Total,_T,Total,_Z,Not applicable,_Z,Not applicable,_Z,Not applicable,2008,,8.948,,,,,,,,,,,,0,Units,1,One
DATAFLOW,OECD.ELS.HD:DSD_SHA@DF_SHA(1.1),Health expenditure and financing,I,GRC,Greece,A,Annual,EXP_HEALTH,Expenditure,PT_B1GQ,Percentage of GDP,_T,Total,_Z,Not application,_T,Total,_T,Total,_T,Total,_Z,Not applicable,_Z,Not applicable,_Z,Not applicable,2005,,8.761,,,,,,,,,,,,0,Units,1,One
DATAFLOW,OECD.ELS.HD:DSD_SHA@DF_SHA(1.1),Health expenditure and financing,I,SVN,Slovenia,A,Annual,EXP_HEALTH,Expenditure,PT_B1GQ,Percentage of GDP,_T,Total,_Z,Not application,_T,Total,_T,Total,_T,Total,_Z,Not applicable,_Z,Not applicable,_Z,Not applicable,2005,,8.053,,,,,,,,,,,,0,Units,1,One
DATAFLOW,OECD.ELS.HD:DSD_SHA@DF_SHA(1.1),Health expenditure and financing,I,SVN,Slovenia,A,Annual,EXP_HEALTH,Expenditure,PT_B1GQ,Percentage of GDP,_T,Total,_Z,Not application,_T,Total,_T,Total,_T,Total,_Z,Not applicable,_Z,Not applicable,_Z,Not applicable,2011,,8.601,,,,,,,,,,,,0,Units,1,One
DATAFLOW,OECD.ELS.HD:DSD_SHA@DF_SHA(1.1),Health expenditure and financing,I,SVN,Slovenia,A,Annual,EXP_HEALTH,Expenditure,PT_B1GQ,Percentage of GDP,_T,Total,_Z,Not application,_T,Total,_T,Total,_T,Total,_Z,Not applicable,_Z,Not applicable,_Z,Not applicable,2008,,7.893,,,,,,,,,,,,0,Units,1,One
DATAFLOW,OECD.ELS.HD:DSD_SHA@DF_SHA(1.1),Health expenditure and financing,I,SVN,Slovenia,A,Annual,EXP_HEALTH,Expenditure,PT_B1GQ,Percentage of GDP,_T,Total,_Z,Not application,_T,Total,_T,Total,_T,Total,_Z,Not applicable,_Z,Not applicable,_Z,Not applicable,2006,,7.867,,,,,,,,,,,,0,Units,1,One
DATAFLOW,OECD.ELS.HD:DSD_SHA@DF_SHA(1.1),Health expenditure and financing,I,SVN,Slovenia,A,Annual,EXP_HEALTH,Expenditure,PT_B1GQ,Percentage of GDP,_T,Total,_Z,Not application,_T,Total,_T,Total,_T,Total,_Z,Not applicable,_Z,Not applicable,_Z,Not applicable,2010,,8.639,,,,,,,,,,,,0,Units,1,One
DATAFLOW,OECD.ELS.HD:DSD_SHA@DF_SHA(1.1),Health expenditure and financing,I,SVN,Slovenia,A,Annual,EXP_HEALTH,Expenditure,PT_B1GQ,Percentage of GDP,_T,Total,_Z,Not application,_T,Total,_T,Total,_T,Total,_Z,Not applicable,_Z,Not applicable,_Z,Not applicable,2009,,8.642,,,,,,,,,,,,0,Units,1,One
DATAFLOW,OECD.ELS.HD:DSD_SHA@DF_SHA(1.1),Health expenditure and financing,I,SVN,Slovenia,A,Annual,EXP_HEALTH,Expenditure,PT_B1GQ,Percentage of GDP,_T,Total,_Z,Not application,_T,Total,_T,Total,_T,Total,_Z,Not applicable,_Z,Not applicable,_Z,Not applicable,2007,,7.541,,,,,,,,,,,,0,Units,1,One
DATAFLOW,OECD.ELS.HD:DSD_SHA@DF_SHA(1.1),Health expenditure and financing,I,DNK,Denmark,A,Annual,EXP_HEALTH,Expenditure,PT_B1GQ,Percentage of GDP,_T,Total,_Z,Not application,_T,Total,_T,Total,_T,Total,_Z,Not applicable,_Z,Not applicable,_Z,Not applicable,2017,,10.114,,,,,,,,,,,,0,Units,1,One
DATAFLOW,OECD.ELS.HD:DSD_SHA@DF_SHA(1.1),Health expenditure and financing,I,DNK,Denmark,A,Annual,EXP_HEALTH,Expenditure,PT_B1GQ,Percentage of GDP,_T,Total,_Z,Not application,_T,Total,_T,Total,_T,Total,_Z,Not applicable,_Z,Not applicable,_Z,Not applicable,2018,,10.142,,,,,,,,,,,,0,Units,1,One
DATAFLOW,OECD.ELS.HD:DSD_SHA@DF_SHA(1.1),Health expenditure and financing,I,DNK,Denmark,A,Annual,EXP_HEALTH,Expenditure,PT_B1GQ,Percentage of GDP,_T,Total,_Z,Not application,_T,Total,_T,Total,_T,Total,_Z,Not applicable,_Z,Not applicable,_Z,Not applicable,2019,,10.185,,,,,,,,,,,,0,Units,1,One
DATAFLOW,OECD.ELS.HD:DSD_SHA@DF_SHA(1.1),Health expenditure and financing,I,DNK,Denmark,A,Annual,EXP_HEALTH,Expenditure,PT_B1GQ,Percentage of GDP,_T,Total,_Z,Not application,_T,Total,_T,Total,_T,Total,_Z,Not applicable,_Z,Not applicable,_Z,Not applicable,2020,,10.692,,,,,,,,,,,,0,Units,1,One
DATAFLOW,OECD.ELS.HD:DSD_SHA@DF_SHA(1.1),Health expenditure and financing,I,DNK,Denmark,A,Annual,EXP_HEALTH,Expenditure,PT_B1GQ,Percentage of GDP,_T,Total,_Z,Not application,_T,Total,_T,Total,_T,Total,_Z,Not applicable,_Z,Not applicable,_Z,Not applicable,2021,,10.715,,,,,,,,,,,,0,Units,1,One
DATAFLOW,OECD.ELS.HD:DSD_SHA@DF_SHA(1.1),Health expenditure and financing,I,DNK,Denmark,A,Annual,EXP_HEALTH,Expenditure,PT_B1GQ,Percentage of GDP,_T,Total,_Z,Not application,_T,Total,_T,Total,_T,Total,_Z,Not applicable,_Z,Not applicable,_Z,Not applicable,2022,,9.603,,,,,,,,,,,,0,Units,1,One
DATAFLOW,OECD.ELS.HD:DSD_SHA@DF_SHA(1.1),Health expenditure and financing,I,DNK,Denmark,A,Annual,EXP_HEALTH,Expenditure,PT_B1GQ,Percentage of GDP,_T,Total,_Z,Not application,_T,Total,_T,Total,_T,Total,_Z,Not applicable,_Z,Not applicable,_Z,Not applicable,2023,,9.614,,,,,,,,,,,,0,Units,1,One
DATAFLOW,OECD.ELS.HD:DSD_SHA@DF_SHA(1.1),Health expenditure and financing,I,HUN,Hungary,A,Annual,EXP_HEALTH,Expenditure,PT_B1GQ,Percentage of GDP,_T,Total,_Z,Not application,_T,Total,_T,Total,_T,Total,_Z,Not applicable,_Z,Not applicable,_Z,Not applicable,2014,,7.042,,,,,,,,,,,,0,Units,1,One
DATAFLOW,OECD.ELS.HD:DSD_SHA@DF_SHA(1.1),Health expenditure and financing,I,HUN,Hungary,A,Annual,EXP_HEALTH,Expenditure,PT_B1GQ,Percentage of GDP,_T,Total,_Z,Not application,_T,Total,_T,Total,_T,Total,_Z,Not applicable,_Z,Not applicable,_Z,Not applicable,2011,,7.493,,,,,,,,,,,,0,Units,1,One
DATAFLOW,OECD.ELS.HD:DSD_SHA@DF_SHA(1.1),Health expenditure and financing,I,HUN,Hungary,A,Annual,EXP_HEALTH,Expenditure,PT_B1GQ,Percentage of GDP,_T,Total,_Z,Not application,_T,Total,_T,Total,_T,Total,_Z,Not applicable,_Z,Not applicable,_Z,Not applicable,2012,,7.43,,,,,,,,,,,,0,Units,1,One
DATAFLOW,OECD.ELS.HD:DSD_SHA@DF_SHA(1.1),Health expenditure and financing,I,HUN,Hungary,A,Annual,EXP_HEALTH,Expenditure,PT_B1GQ,Percentage of GDP,_T,Total,_Z,Not application,_T,Total,_T,Total,_T,Total,_Z,Not applicable,_Z,Not applicable,_Z,Not applicable,2013,,7.236,,,,,,,,,,,,0,Units,1,One
DATAFLOW,OECD.ELS.HD:DSD_SHA@DF_SHA(1.1),Health expenditure and financing,I,CAN,Canada,A,Annual,EXP_HEALTH,Expenditure,PT_B1GQ,Percentage of GDP,_T,Total,_Z,Not application,_T,Total,_T,Total,_T,Total,_Z,Not applicable,_Z,Not applicable,_Z,Not applicable,2007,,9.449,,,,,,,,,,,,0,Units,1,One
DATAFLOW,OECD.ELS.HD:DSD_SHA@DF_SHA(1.1),Health expenditure and financing,I,CAN,Canada,A,Annual,EXP_HEALTH,Expenditure,PT_B1GQ,Percentage of GDP,_T,Total,_Z,Not application,_T,Total,_T,Total,_T,Total,_Z,Not applicable,_Z,Not applicable,_Z,Not applicable,2005,,9.035,,,,,,,,,,,,0,Units,1,One
DATAFLOW,OECD.ELS.HD:DSD_SHA@DF_SHA(1.1),Health expenditure and financing,I,CAN,Canada,A,Annual,EXP_HEALTH,Expenditure,PT_B1GQ,Percentage of GDP,_T,Total,_Z,Not application,_T,Total,_T,Total,_T,Total,_Z,Not applicable,_Z,Not applicable,_Z,Not applicable,2004,,9.066,,,,,,,,,,,,0,Units,1,One
DATAFLOW,OECD.ELS.HD:DSD_SHA@DF_SHA(1.1),Health expenditure and financing,I,CAN,Canada,A,Annual,EXP_HEALTH,Expenditure,PT_B1GQ,Percentage of GDP,_T,Total,_Z,Not application,_T,Total,_T,Total,_T,Total,_Z,Not applicable,_Z,Not applicable,_Z,Not applicable,2006,,9.346,,,,,,,,,,,,0,Units,1,One
DATAFLOW,OECD.ELS.HD:DSD_SHA@DF_SHA(1.1),Health expenditure and financing,I,CZE,Czechia,A,Annual,EXP_HEALTH,Expenditure,PT_B1GQ,Percentage of GDP,_T,Total,_Z,Not application,_T,Total,_T,Total,_T,Total,_Z,Not applicable,_Z,Not applicable,_Z,Not applicable,2019,,7.488,,,,,,,,,,,,0,Units,1,One
DATAFLOW,OECD.ELS.HD:DSD_SHA@DF_SHA(1.1),Health expenditure and financing,I,CZE,Czechia,A,Annual,EXP_HEALTH,Expenditure,PT_B1GQ,Percentage of GDP,_T,Total,_Z,Not application,_T,Total,_T,Total,_T,Total,_Z,Not applicable,_Z,Not applicable,_Z,Not applicable,2017,,7.242,,,,,,,,,,,,0,Units,1,One
DATAFLOW,OECD.ELS.HD:DSD_SHA@DF_SHA(1.1),Health expenditure and financing,I,CZE,Czechia,A,Annual,EXP_HEALTH,Expenditure,PT_B1GQ,Percentage of GDP,_T,Total,_Z,Not application,_T,Total,_T,Total,_T,Total,_Z,Not applicable,_Z,Not applicable,_Z,Not applicable,2018,,7.372,,,,,,,,,,,,0,Units,1,One
DATAFLOW,OECD.ELS.HD:DSD_SHA@DF_SHA(1.1),Health expenditure and financing,I,CRI,Costa Rica,A,Annual,EXP_HEALTH,Expenditure,PT_B1GQ,Percentage of GDP,_T,Total,_Z,Not application,_T,Total,_T,Total,_T,Total,_Z,Not applicable,_Z,Not applicable,_Z,Not applicable,2017,,7.045,,,,,,,,,,,,0,Units,1,One
DATAFLOW,OECD.ELS.HD:DSD_SHA@DF_SHA(1.1),Health expenditure and financing,I,KOR,Korea,A,Annual,EXP_HEALTH,Expenditure,PT_B1GQ,Percentage of GDP,_T,Total,_Z,Not application,_T,Total,_T,Total,_T,Total,_Z,Not applicable,_Z,Not applicable,_Z,Not applicable,2000,,3.718,,,,,,,,,,,,0,Units,1,One
DATAFLOW,OECD.ELS.HD:DSD_SHA@DF_SHA(1.1),Health expenditure and financing,I,KOR,Korea,A,Annual,EXP_HEALTH,Expenditure,PT_B1GQ,Percentage of GDP,_T,Total,_Z,Not application,_T,Total,_T,Total,_T,Total,_Z,Not applicable,_Z,Not applicable,_Z,Not applicable,2002,,3.902,,,,,,,,,,,,0,Units,1,One
DATAFLOW,OECD.ELS.HD:DSD_SHA@DF_SHA(1.1),Health expenditure and financing,I,KOR,Korea,A,Annual,EXP_HEALTH,Expenditure,PT_B1GQ,Percentage of GDP,_T,Total,_Z,Not application,_T,Total,_T,Total,_T,Total,_Z,Not applicable,_Z,Not applicable,_Z,Not applicable,2003,,4.459,,,,,,,,,,,,0,Units,1,One
DATAFLOW,OECD.ELS.HD:DSD_SHA@DF_SHA(1.1),Health expenditure and financing,I,KOR,Korea,A,Annual,EXP_HEALTH,Expenditure,PT_B1GQ,Percentage of GDP,_T,Total,_Z,Not application,_T,Total,_T,Total,_T,Total,_Z,Not applicable,_Z,Not applicable,_Z,Not applicable,2004,,4.426,,,,,,,,,,,,0,Units,1,One
DATAFLOW,OECD.ELS.HD:DSD_SHA@DF_SHA(1.1),Health expenditure and financing,I,KOR,Korea,A,Annual,EXP_HEALTH,Expenditure,PT_B1GQ,Percentage of GDP,_T,Total,_Z,Not application,_T,Total,_T,Total,_T,Total,_Z,Not applicable,_Z,Not applicable,_Z,Not applicable,2005,,4.646,,,,,,,,,,,,0,Units,1,One
DATAFLOW,OECD.ELS.HD:DSD_SHA@DF_SHA(1.1),Health expenditure and financing,I,KOR,Korea,A,Annual,EXP_HEALTH,Expenditure,PT_B1GQ,Percentage of GDP,_T,Total,_Z,Not application,_T,Total,_T,Total,_T,Total,_Z,Not applicable,_Z,Not applicable,_Z,Not applicable,2006,,4.953,,,,,,,,,,,,0,Units,1,One
DATAFLOW,OECD.ELS.HD:DSD_SHA@DF_SHA(1.1),Health expenditure and financing,I,KOR,Korea,A,Annual,EXP_HEALTH,Expenditure,PT_B1GQ,Percentage of GDP,_T,Total,_Z,Not application,_T,Total,_T,Total,_T,Total,_Z,Not applicable,_Z,Not applicable,_Z,Not applicable,2007,,4.96,,,,,,,,,,,,0,Units,1,One
DATAFLOW,OECD.ELS.HD:DSD_SHA@DF_SHA(1.1),Health expenditure and financing,I,KOR,Korea,A,Annual,EXP_HEALTH,Expenditure,PT_B1GQ,Percentage of GDP,_T,Total,_Z,Not application,_T,Total,_T,Total,_T,Total,_Z,Not applicable,_Z,Not applicable,_Z,Not applicable,2001,,4.164,,,,,,B,Time series break,,,,,0,Units,1,One
DATAFLOW,OECD.ELS.HD:DSD_SHA@DF_SHA(1.1),Health expenditure and financing,I,AUS,Australia,A,Annual,EXP_HEALTH,Expenditure,PT_B1GQ,Percentage of GDP,_T,Total,_Z,Not application,_T,Total,_T,Total,_T,Total,_Z,Not applicable,_Z,Not applicable,_Z,Not applicable,2006,,7.957,,,,,,D,Definition differs,,,,,0,Units,1,One
DATAFLOW,OECD.ELS.HD:DSD_SHA@DF_SHA(1.1),Health expenditure and financing,I,AUS,Australia,A,Annual,EXP_HEALTH,Expenditure,PT_B1GQ,Percentage of GDP,_T,Total,_Z,Not application,_T,Total,_T,Total,_T,Total,_Z,Not applicable,_Z,Not applicable,_Z,Not applicable,2007,,8.034,,,,,,D,Definition differs,,,,,0,Units,1,One
DATAFLOW,OECD.ELS.HD:DSD_SHA@DF_SHA(1.1),Health expenditure and financing,I,LVA,Latvia,A,Annual,EXP_HEALTH,Expenditure,PT_B1GQ,Percentage of GDP,_T,Total,_Z,Not application,_T,Total,_T,Total,_T,Total,_Z,Not applicable,_Z,Not applicable,_Z,Not applicable,2000,,5.572,,,,,,E,Estimated value,,,,,0,Units,1,One
DATAFLOW,OECD.ELS.HD:DSD_SHA@DF_SHA(1.1),Health expenditure and financing,I,LVA,Latvia,A,Annual,EXP_HEALTH,Expenditure,PT_B1GQ,Percentage of GDP,_T,Total,_Z,Not application,_T,Total,_T,Total,_T,Total,_Z,Not applicable,_Z,Not applicable,_Z,Not applicable,2001,,5.891,,,,,,E,Estimated value,,,,,0,Units,1,One
DATAFLOW,OECD.ELS.HD:DSD_SHA@DF_SHA(1.1),Health expenditure and financing,I,LVA,Latvia,A,Annual,EXP_HEALTH,Expenditure,PT_B1GQ,Percentage of GDP,_T,Total,_Z,Not application,_T,Total,_T,Total,_T,Total,_Z,Not applicable,_Z,Not applicable,_Z,Not applicable,2002,,5.955,,,,,,E,Estimated value,,,,,0,Units,1,One
DATAFLOW,OECD.ELS.HD:DSD_SHA@DF_SHA(1.1),Health expenditure and financing,I,LVA,Latvia,A,Annual,EXP_HEALTH,Expenditure,PT_B1GQ,Percentage of GDP,_T,Total,_Z,Not application,_T,Total,_T,Total,_T,Total,_Z,Not applicable,_Z,Not applicable,_Z,Not applicable,2003,,5.736,,,,,,E,Estimated value,,,,,0,Units,1,One
DATAFLOW,OECD.ELS.HD:DSD_SHA@DF_SHA(1.1),Health expenditure and financing,I,CAN,Canada,A,Annual,EXP_HEALTH,Expenditure,PT_B1GQ,Percentage of GDP,_T,Total,_Z,Not application,_T,Total,_T,Total,_T,Total,_Z,Not applicable,_Z,Not applicable,_Z,Not applicable,2022,,11.02,,,,,,D,Definition differs,,,,,0,Units,1,One
DATAFLOW,OECD.ELS.HD:DSD_SHA@DF_SHA(1.1),Health expenditure and financing,I,FRA,France,A,Annual,EXP_HEALTH,Expenditure,PT_B1GQ,Percentage of GDP,_T,Total,_Z,Not application,_T,Total,_T,Total,_T,Total,_Z,Not applicable,_Z,Not applicable,_Z,Not applicable,2010,,11.022,,,,,,B,Time series break,,,,,0,Units,1,One
DATAFLOW,OECD.ELS.HD:DSD_SHA@DF_SHA(1.1),Health expenditure and financing,I,DEU,Germany,A,Annual,EXP_HEALTH,Expenditure,PT_B1GQ,Percentage of GDP,_T,Total,_Z,Not application,_T,Total,_T,Total,_T,Total,_Z,Not applicable,_Z,Not applicable,_Z,Not applicable,2021,,12.705,,,,,,,,,,,,0,Units,1,One
DATAFLOW,OECD.ELS.HD:DSD_SHA@DF_SHA(1.1),Health expenditure and financing,I,DEU,Germany,A,Annual,EXP_HEALTH,Expenditure,PT_B1GQ,Percentage of GDP,_T,Total,_Z,Not application,_T,Total,_T,Total,_T,Total,_Z,Not applicable,_Z,Not applicable,_Z,Not applicable,2022,,12.301,,,,,,,,,,,,0,Units,1,One
DATAFLOW,OECD.ELS.HD:DSD_SHA@DF_SHA(1.1),Health expenditure and financing,I,DEU,Germany,A,Annual,EXP_HEALTH,Expenditure,PT_B1GQ,Percentage of GDP,_T,Total,_Z,Not application,_T,Total,_T,Total,_T,Total,_Z,Not applicable,_Z,Not applicable,_Z,Not applicable,2020,,12.461,,,,,,,,,,,,0,Units,1,One
DATAFLOW,OECD.ELS.HD:DSD_SHA@DF_SHA(1.1),Health expenditure and financing,I,DEU,Germany,A,Annual,EXP_HEALTH,Expenditure,PT_B1GQ,Percentage of GDP,_T,Total,_Z,Not application,_T,Total,_T,Total,_T,Total,_Z,Not applicable,_Z,Not applicable,_Z,Not applicable,2019,,11.42,,,,,,,,,,,,0,Units,1,One
DATAFLOW,OECD.ELS.HD:DSD_SHA@DF_SHA(1.1),Health expenditure and financing,I,HUN,Hungary,A,Annual,EXP_HEALTH,Expenditure,PT_B1GQ,Percentage of GDP,_T,Total,_Z,Not application,_T,Total,_T,Total,_T,Total,_Z,Not applicable,_Z,Not applicable,_Z,Not applicable,2010,,7.464,,,,,,,,,,,,0,Units,1,One
DATAFLOW,OECD.ELS.HD:DSD_SHA@DF_SHA(1.1),Health expenditure and financing,I,HUN,Hungary,A,Annual,EXP_HEALTH,Expenditure,PT_B1GQ,Percentage of GDP,_T,Total,_Z,Not application,_T,Total,_T,Total,_T,Total,_Z,Not applicable,_Z,Not applicable,_Z,Not applicable,2007,,7.207,,,,,,,,,,,,0,Units,1,One
DATAFLOW,OECD.ELS.HD:DSD_SHA@DF_SHA(1.1),Health expenditure and financing,I,HUN,Hungary,A,Annual,EXP_HEALTH,Expenditure,PT_B1GQ,Percentage of GDP,_T,Total,_Z,Not application,_T,Total,_T,Total,_T,Total,_Z,Not applicable,_Z,Not applicable,_Z,Not applicable,2008,,7.093,,,,,,,,,,,,0,Units,1,One
DATAFLOW,OECD.ELS.HD:DSD_SHA@DF_SHA(1.1),Health expenditure and financing,I,HUN,Hungary,A,Annual,EXP_HEALTH,Expenditure,PT_B1GQ,Percentage of GDP,_T,Total,_Z,Not application,_T,Total,_T,Total,_T,Total,_Z,Not applicable,_Z,Not applicable,_Z,Not applicable,2009,,7.237,,,,,,,,,,,,0,Units,1,One
DATAFLOW,OECD.ELS.HD:DSD_SHA@DF_SHA(1.1),Health expenditure and financing,I,FRA,France,A,Annual,EXP_HEALTH,Expenditure,PT_B1GQ,Percentage of GDP,_T,Total,_Z,Not application,_T,Total,_T,Total,_T,Total,_Z,Not applicable,_Z,Not applicable,_Z,Not applicable,2012,,11.105,,,,,,,,,,,,0,Units,1,One
DATAFLOW,OECD.ELS.HD:DSD_SHA@DF_SHA(1.1),Health expenditure and financing,I,FRA,France,A,Annual,EXP_HEALTH,Expenditure,PT_B1GQ,Percentage of GDP,_T,Total,_Z,Not application,_T,Total,_T,Total,_T,Total,_Z,Not applicable,_Z,Not applicable,_Z,Not applicable,2011,,10.974,,,,,,,,,,,,0,Units,1,One
DATAFLOW,OECD.ELS.HD:DSD_SHA@DF_SHA(1.1),Health expenditure and financing,I,FRA,France,A,Annual,EXP_HEALTH,Expenditure,PT_B1GQ,Percentage of GDP,_T,Total,_Z,Not application,_T,Total,_T,Total,_T,Total,_Z,Not applicable,_Z,Not applicable,_Z,Not applicable,2013,,11.251,,,,,,,,,,,,0,Units,1,One
DATAFLOW,OECD.ELS.HD:DSD_SHA@DF_SHA(1.1),Health expenditure and financing,I,FRA,France,A,Annual,EXP_HEALTH,Expenditure,PT_B1GQ,Percentage of GDP,_T,Total,_Z,Not application,_T,Total,_T,Total,_T,Total,_Z,Not applicable,_Z,Not applicable,_Z,Not applicable,2009,,11.291,,,,,,,,,,,,0,Units,1,One
DATAFLOW,OECD.ELS.HD:DSD_SHA@DF_SHA(1.1),Health expenditure and financing,I,CRI,Costa Rica,A,Annual,EXP_HEALTH,Expenditure,PT_B1GQ,Percentage of GDP,_T,Total,_Z,Not application,_T,Total,_T,Total,_T,Total,_Z,Not applicable,_Z,Not applicable,_Z,Not applicable,2019,,7.221,,,,,,,,,,,,0,Units,1,One
DATAFLOW,OECD.ELS.HD:DSD_SHA@DF_SHA(1.1),Health expenditure and financing,I,CRI,Costa Rica,A,Annual,EXP_HEALTH,Expenditure,PT_B1GQ,Percentage of GDP,_T,Total,_Z,Not application,_T,Total,_T,Total,_T,Total,_Z,Not applicable,_Z,Not applicable,_Z,Not applicable,2020,,7.825,,,,,,,,,,,,0,Units,1,One
DATAFLOW,OECD.ELS.HD:DSD_SHA@DF_SHA(1.1),Health expenditure and financing,I,CRI,Costa Rica,A,Annual,EXP_HEALTH,Expenditure,PT_B1GQ,Percentage of GDP,_T,Total,_Z,Not application,_T,Total,_T,Total,_T,Total,_Z,Not applicable,_Z,Not applicable,_Z,Not applicable,2021,,7.611,,,,,,,,,,,,0,Units,1,One
DATAFLOW,OECD.ELS.HD:DSD_SHA@DF_SHA(1.1),Health expenditure and financing,I,CRI,Costa Rica,A,Annual,EXP_HEALTH,Expenditure,PT_B1GQ,Percentage of GDP,_T,Total,_Z,Not application,_T,Total,_T,Total,_T,Total,_Z,Not applicable,_Z,Not applicable,_Z,Not applicable,2022,,7.184,,,,,,,,,,,,0,Units,1,One
DATAFLOW,OECD.ELS.HD:DSD_SHA@DF_SHA(1.1),Health expenditure and financing,I,CRI,Costa Rica,A,Annual,EXP_HEALTH,Expenditure,PT_B1GQ,Percentage of GDP,_T,Total,_Z,Not application,_T,Total,_T,Total,_T,Total,_Z,Not applicable,_Z,Not applicable,_Z,Not applicable,2023,,6.866,,,,,,,,,,,,0,Units,1,One
DATAFLOW,OECD.ELS.HD:DSD_SHA@DF_SHA(1.1),Health expenditure and financing,I,EST,Estonia,A,Annual,EXP_HEALTH,Expenditure,PT_B1GQ,Percentage of GDP,_T,Total,_Z,Not application,_T,Total,_T,Total,_T,Total,_Z,Not applicable,_Z,Not applicable,_Z,Not applicable,2023,,7.439,,,,,,,,,,,,0,Units,1,One
DATAFLOW,OECD.ELS.HD:DSD_SHA@DF_SHA(1.1),Health expenditure and financing,I,EST,Estonia,A,Annual,EXP_HEALTH,Expenditure,PT_B1GQ,Percentage of GDP,_T,Total,_Z,Not application,_T,Total,_T,Total,_T,Total,_Z,Not applicable,_Z,Not applicable,_Z,Not applicable,2020,,7.472,,,,,,,,,,,,0,Units,1,One
DATAFLOW,OECD.ELS.HD:DSD_SHA@DF_SHA(1.1),Health expenditure and financing,I,EST,Estonia,A,Annual,EXP_HEALTH,Expenditure,PT_B1GQ,Percentage of GDP,_T,Total,_Z,Not application,_T,Total,_T,Total,_T,Total,_Z,Not applicable,_Z,Not applicable,_Z,Not applicable,2022,,6.964,,,,,,,,,,,,0,Units,1,One
DATAFLOW,OECD.ELS.HD:DSD_SHA@DF_SHA(1.1),Health expenditure and financing,I,EST,Estonia,A,Annual,EXP_HEALTH,Expenditure,PT_B1GQ,Percentage of GDP,_T,Total,_Z,Not application,_T,Total,_T,Total,_T,Total,_Z,Not applicable,_Z,Not applicable,_Z,Not applicable,2021,,7.477,,,,,,,,,,,,0,Units,1,One
DATAFLOW,OECD.ELS.HD:DSD_SHA@DF_SHA(1.1),Health expenditure and financing,I,DNK,Denmark,A,Annual,EXP_HEALTH,Expenditure,PT_B1GQ,Percentage of GDP,_T,Total,_Z,Not application,_T,Total,_T,Total,_T,Total,_Z,Not applicable,_Z,Not applicable,_Z,Not applicable,2013,,10.279,,,,,,,,,,,,0,Units,1,One
DATAFLOW,OECD.ELS.HD:DSD_SHA@DF_SHA(1.1),Health expenditure and financing,I,DNK,Denmark,A,Annual,EXP_HEALTH,Expenditure,PT_B1GQ,Percentage of GDP,_T,Total,_Z,Not application,_T,Total,_T,Total,_T,Total,_Z,Not applicable,_Z,Not applicable,_Z,Not applicable,2014,,10.297,,,,,,,,,,,,0,Units,1,One
DATAFLOW,OECD.ELS.HD:DSD_SHA@DF_SHA(1.1),Health expenditure and financing,I,DNK,Denmark,A,Annual,EXP_HEALTH,Expenditure,PT_B1GQ,Percentage of GDP,_T,Total,_Z,Not application,_T,Total,_T,Total,_T,Total,_Z,Not applicable,_Z,Not applicable,_Z,Not applicable,2015,,10.359,,,,,,,,,,,,0,Units,1,One
DATAFLOW,OECD.ELS.HD:DSD_SHA@DF_SHA(1.1),Health expenditure and financing,I,DNK,Denmark,A,Annual,EXP_HEALTH,Expenditure,PT_B1GQ,Percentage of GDP,_T,Total,_Z,Not application,_T,Total,_T,Total,_T,Total,_Z,Not applicable,_Z,Not applicable,_Z,Not applicable,2012,,10.517,,,,,,,,,,,,0,Units,1,One
DATAFLOW,OECD.ELS.HD:DSD_SHA@DF_SHA(1.1),Health expenditure and financing,I,DNK,Denmark,A,Annual,EXP_HEALTH,Expenditure,PT_B1GQ,Percentage of GDP,_T,Total,_Z,Not application,_T,Total,_T,Total,_T,Total,_Z,Not applicable,_Z,Not applicable,_Z,Not applicable,2011,,10.378,,,,,,,,,,,,0,Units,1,One
DATAFLOW,OECD.ELS.HD:DSD_SHA@DF_SHA(1.1),Health expenditure and financing,I,DNK,Denmark,A,Annual,EXP_HEALTH,Expenditure,PT_B1GQ,Percentage of GDP,_T,Total,_Z,Not application,_T,Total,_T,Total,_T,Total,_Z,Not applicable,_Z,Not applicable,_Z,Not applicable,2016,,10.268,,,,,,,,,,,,0,Units,1,One
DATAFLOW,OECD.ELS.HD:DSD_SHA@DF_SHA(1.1),Health expenditure and financing,I,LVA,Latvia,A,Annual,EXP_HEALTH,Expenditure,PT_B1GQ,Percentage of GDP,_T,Total,_Z,Not application,_T,Total,_T,Total,_T,Total,_Z,Not applicable,_Z,Not applicable,_Z,Not applicable,2005,,6.082,,,,,,,,,,,,0,Units,1,One
DATAFLOW,OECD.ELS.HD:DSD_SHA@DF_SHA(1.1),Health expenditure and financing,I,LVA,Latvia,A,Annual,EXP_HEALTH,Expenditure,PT_B1GQ,Percentage of GDP,_T,Total,_Z,Not application,_T,Total,_T,Total,_T,Total,_Z,Not applicable,_Z,Not applicable,_Z,Not applicable,2007,,5.818,,,,,,,,,,,,0,Units,1,One
DATAFLOW,OECD.ELS.HD:DSD_SHA@DF_SHA(1.1),Health expenditure and financing,I,LVA,Latvia,A,Annual,EXP_HEALTH,Expenditure,PT_B1GQ,Percentage of GDP,_T,Total,_Z,Not application,_T,Total,_T,Total,_T,Total,_Z,Not applicable,_Z,Not applicable,_Z,Not applicable,2006,,6.021,,,,,,,,,,,,0,Units,1,One
DATAFLOW,OECD.ELS.HD:DSD_SHA@DF_SHA(1.1),Health expenditure and financing,I,LVA,Latvia,A,Annual,EXP_HEALTH,Expenditure,PT_B1GQ,Percentage of GDP,_T,Total,_Z,Not application,_T,Total,_T,Total,_T,Total,_Z,Not applicable,_Z,Not applicable,_Z,Not applicable,2008,,5.866,,,,,,,,,,,,0,Units,1,One
DATAFLOW,OECD.ELS.HD:DSD_SHA@DF_SHA(1.1),Health expenditure and financing,I,LVA,Latvia,A,Annual,EXP_HEALTH,Expenditure,PT_B1GQ,Percentage of GDP,_T,Total,_Z,Not application,_T,Total,_T,Total,_T,Total,_Z,Not applicable,_Z,Not applicable,_Z,Not applicable,2004,,6.475,,,,,,,,,,,,0,Units,1,One
DATAFLOW,OECD.ELS.HD:DSD_SHA@DF_SHA(1.1),Health expenditure and financing,I,CAN,Canada,A,Annual,EXP_HEALTH,Expenditure,PT_B1GQ,Percentage of GDP,_T,Total,_Z,Not application,_T,Total,_T,Total,_T,Total,_Z,Not applicable,_Z,Not applicable,_Z,Not applicable,2023,,11.389,,,,,,,,,,,,0,Units,1,One
DATAFLOW,OECD.ELS.HD:DSD_SHA@DF_SHA(1.1),Health expenditure and financing,I,PRT,Portugal,A,Annual,EXP_HEALTH,Expenditure,PT_B1GQ,Percentage of GDP,_T,Total,_Z,Not application,_T,Total,_T,Total,_T,Total,_Z,Not applicable,_Z,Not applicable,_Z,Not applicable,2014,,9.417,,,,,,,,,,,,0,Units,1,One
DATAFLOW,OECD.ELS.HD:DSD_SHA@DF_SHA(1.1),Health expenditure and financing,I,PRT,Portugal,A,Annual,EXP_HEALTH,Expenditure,PT_B1GQ,Percentage of GDP,_T,Total,_Z,Not application,_T,Total,_T,Total,_T,Total,_Z,Not applicable,_Z,Not applicable,_Z,Not applicable,2015,,9.417,,,,,,,,,,,,0,Units,1,One
DATAFLOW,OECD.ELS.HD:DSD_SHA@DF_SHA(1.1),Health expenditure and financing,I,PRT,Portugal,A,Annual,EXP_HEALTH,Expenditure,PT_B1GQ,Percentage of GDP,_T,Total,_Z,Not application,_T,Total,_T,Total,_T,Total,_Z,Not applicable,_Z,Not applicable,_Z,Not applicable,2016,,9.474,,,,,,,,,,,,0,Units,1,One
DATAFLOW,OECD.ELS.HD:DSD_SHA@DF_SHA(1.1),Health expenditure and financing,I,PRT,Portugal,A,Annual,EXP_HEALTH,Expenditure,PT_B1GQ,Percentage of GDP,_T,Total,_Z,Not application,_T,Total,_T,Total,_T,Total,_Z,Not applicable,_Z,Not applicable,_Z,Not applicable,2017,,9.412,,,,,,,,,,,,0,Units,1,One
DATAFLOW,OECD.ELS.HD:DSD_SHA@DF_SHA(1.1),Health expenditure and financing,I,PRT,Portugal,A,Annual,EXP_HEALTH,Expenditure,PT_B1GQ,Percentage of GDP,_T,Total,_Z,Not application,_T,Total,_T,Total,_T,Total,_Z,Not applicable,_Z,Not applicable,_Z,Not applicable,2018,,9.503,,,,,,,,,,,,0,Units,1,One
DATAFLOW,OECD.ELS.HD:DSD_SHA@DF_SHA(1.1),Health expenditure and financing,I,PRT,Portugal,A,Annual,EXP_HEALTH,Expenditure,PT_B1GQ,Percentage of GDP,_T,Total,_Z,Not application,_T,Total,_T,Total,_T,Total,_Z,Not applicable,_Z,Not applicable,_Z,Not applicable,2019,,9.61,,,,,,,,,,,,0,Units,1,One
DATAFLOW,OECD.ELS.HD:DSD_SHA@DF_SHA(1.1),Health expenditure and financing,I,PRT,Portugal,A,Annual,EXP_HEALTH,Expenditure,PT_B1GQ,Percentage of GDP,_T,Total,_Z,Not application,_T,Total,_T,Total,_T,Total,_Z,Not applicable,_Z,Not applicable,_Z,Not applicable,2020,,10.641,,,,,,,,,,,,0,Units,1,One
DATAFLOW,OECD.ELS.HD:DSD_SHA@DF_SHA(1.1),Health expenditure and financing,I,PRT,Portugal,A,Annual,EXP_HEALTH,Expenditure,PT_B1GQ,Percentage of GDP,_T,Total,_Z,Not application,_T,Total,_T,Total,_T,Total,_Z,Not applicable,_Z,Not applicable,_Z,Not applicable,2021,,11.222,,,,,,,,,,,,0,Units,1,One
DATAFLOW,OECD.ELS.HD:DSD_SHA@DF_SHA(1.1),Health expenditure and financing,I,KOR,Korea,A,Annual,EXP_HEALTH,Expenditure,PT_B1GQ,Percentage of GDP,_T,Total,_Z,Not application,_T,Total,_T,Total,_T,Total,_Z,Not applicable,_Z,Not applicable,_Z,Not applicable,2008,,5.245,,,,,,,,,,,,0,Units,1,One
DATAFLOW,OECD.ELS.HD:DSD_SHA@DF_SHA(1.1),Health expenditure and financing,I,KOR,Korea,A,Annual,EXP_HEALTH,Expenditure,PT_B1GQ,Percentage of GDP,_T,Total,_Z,Not application,_T,Total,_T,Total,_T,Total,_Z,Not applicable,_Z,Not applicable,_Z,Not applicable,2009,,5.683,,,,,,,,,,,,0,Units,1,One
DATAFLOW,OECD.ELS.HD:DSD_SHA@DF_SHA(1.1),Health expenditure and financing,I,KOR,Korea,A,Annual,EXP_HEALTH,Expenditure,PT_B1GQ,Percentage of GDP,_T,Total,_Z,Not application,_T,Total,_T,Total,_T,Total,_Z,Not applicable,_Z,Not applicable,_Z,Not applicable,2010,,5.792,,,,,,,,,,,,0,Units,1,One
DATAFLOW,OECD.ELS.HD:DSD_SHA@DF_SHA(1.1),Health expenditure and financing,I,KOR,Korea,A,Annual,EXP_HEALTH,Expenditure,PT_B1GQ,Percentage of GDP,_T,Total,_Z,Not application,_T,Total,_T,Total,_T,Total,_Z,Not applicable,_Z,Not applicable,_Z,Not applicable,2011,,5.9,,,,,,,,,,,,0,Units,1,One
DATAFLOW,OECD.ELS.HD:DSD_SHA@DF_SHA(1.1),Health expenditure and financing,I,KOR,Korea,A,Annual,EXP_HEALTH,Expenditure,PT_B1GQ,Percentage of GDP,_T,Total,_Z,Not application,_T,Total,_T,Total,_T,Total,_Z,Not applicable,_Z,Not applicable,_Z,Not applicable,2012,,5.955,,,,,,,,,,,,0,Units,1,One
DATAFLOW,OECD.ELS.HD:DSD_SHA@DF_SHA(1.1),Health expenditure and financing,I,KOR,Korea,A,Annual,EXP_HEALTH,Expenditure,PT_B1GQ,Percentage of GDP,_T,Total,_Z,Not application,_T,Total,_T,Total,_T,Total,_Z,Not applicable,_Z,Not applicable,_Z,Not applicable,2013,,6.066,,,,,,,,,,,,0,Units,1,One
DATAFLOW,OECD.ELS.HD:DSD_SHA@DF_SHA(1.1),Health expenditure and financing,I,KOR,Korea,A,Annual,EXP_HEALTH,Expenditure,PT_B1GQ,Percentage of GDP,_T,Total,_Z,Not application,_T,Total,_T,Total,_T,Total,_Z,Not applicable,_Z,Not applicable,_Z,Not applicable,2014,,6.243,,,,,,,,,,,,0,Units,1,One
DATAFLOW,OECD.ELS.HD:DSD_SHA@DF_SHA(1.1),Health expenditure and financing,I,KOR,Korea,A,Annual,EXP_HEALTH,Expenditure,PT_B1GQ,Percentage of GDP,_T,Total,_Z,Not application,_T,Total,_T,Total,_T,Total,_Z,Not applicable,_Z,Not applicable,_Z,Not applicable,2015,,6.46,,,,,,,,,,,,0,Units,1,One
DATAFLOW,OECD.ELS.HD:DSD_SHA@DF_SHA(1.1),Health expenditure and financing,I,KOR,Korea,A,Annual,EXP_HEALTH,Expenditure,PT_B1GQ,Percentage of GDP,_T,Total,_Z,Not application,_T,Total,_T,Total,_T,Total,_Z,Not applicable,_Z,Not applicable,_Z,Not applicable,2016,,6.634,,,,,,,,,,,,0,Units,1,One
DATAFLOW,OECD.ELS.HD:DSD_SHA@DF_SHA(1.1),Health expenditure and financing,I,KOR,Korea,A,Annual,EXP_HEALTH,Expenditure,PT_B1GQ,Percentage of GDP,_T,Total,_Z,Not application,_T,Total,_T,Total,_T,Total,_Z,Not applicable,_Z,Not applicable,_Z,Not applicable,2017,,6.796,,,,,,,,,,,,0,Units,1,One
DATAFLOW,OECD.ELS.HD:DSD_SHA@DF_SHA(1.1),Health expenditure and financing,I,KOR,Korea,A,Annual,EXP_HEALTH,Expenditure,PT_B1GQ,Percentage of GDP,_T,Total,_Z,Not application,_T,Total,_T,Total,_T,Total,_Z,Not applicable,_Z,Not applicable,_Z,Not applicable,2018,,7.14,,,,,,,,,,,,0,Units,1,One
DATAFLOW,OECD.ELS.HD:DSD_SHA@DF_SHA(1.1),Health expenditure and financing,I,KOR,Korea,A,Annual,EXP_HEALTH,Expenditure,PT_B1GQ,Percentage of GDP,_T,Total,_Z,Not application,_T,Total,_T,Total,_T,Total,_Z,Not applicable,_Z,Not applicable,_Z,Not applicable,2019,,7.691,,,,,,,,,,,,0,Units,1,One
DATAFLOW,OECD.ELS.HD:DSD_SHA@DF_SHA(1.1),Health expenditure and financing,I,KOR,Korea,A,Annual,EXP_HEALTH,Expenditure,PT_B1GQ,Percentage of GDP,_T,Total,_Z,Not application,_T,Total,_T,Total,_T,Total,_Z,Not applicable,_Z,Not applicable,_Z,Not applicable,2020,,8.025,,,,,,,,,,,,0,Units,1,One
DATAFLOW,OECD.ELS.HD:DSD_SHA@DF_SHA(1.1),Health expenditure and financing,I,KOR,Korea,A,Annual,EXP_HEALTH,Expenditure,PT_B1GQ,Percentage of GDP,_T,Total,_Z,Not application,_T,Total,_T,Total,_T,Total,_Z,Not applicable,_Z,Not applicable,_Z,Not applicable,2021,,8.327,,,,,,,,,,,,0,Units,1,One
DATAFLOW,OECD.ELS.HD:DSD_SHA@DF_SHA(1.1),Health expenditure and financing,I,KOR,Korea,A,Annual,EXP_HEALTH,Expenditure,PT_B1GQ,Percentage of GDP,_T,Total,_Z,Not application,_T,Total,_T,Total,_T,Total,_Z,Not applicable,_Z,Not applicable,_Z,Not applicable,2022,,8.843,,,,,,,,,,,,0,Units,1,One
DATAFLOW,OECD.ELS.HD:DSD_SHA@DF_SHA(1.1),Health expenditure and financing,I,KOR,Korea,A,Annual,EXP_HEALTH,Expenditure,PT_B1GQ,Percentage of GDP,_T,Total,_Z,Not application,_T,Total,_T,Total,_T,Total,_Z,Not applicable,_Z,Not applicable,_Z,Not applicable,2023,,8.445,,,,,,,,,,,,0,Units,1,One
DATAFLOW,OECD.ELS.HD:DSD_SHA@DF_SHA(1.1),Health expenditure and financing,I,LUX,Luxembourg,A,Annual,EXP_HEALTH,Expenditure,PT_B1GQ,Percentage of GDP,_T,Total,_Z,Not application,_T,Total,_T,Total,_T,Total,_Z,Not applicable,_Z,Not applicable,_Z,Not applicable,2005,,7.125,,,,,,,,,,,,0,Units,1,One
DATAFLOW,OECD.ELS.HD:DSD_SHA@DF_SHA(1.1),Health expenditure and financing,I,LUX,Luxembourg,A,Annual,EXP_HEALTH,Expenditure,PT_B1GQ,Percentage of GDP,_T,Total,_Z,Not application,_T,Total,_T,Total,_T,Total,_Z,Not applicable,_Z,Not applicable,_Z,Not applicable,2006,,6.638,,,,,,,,,,,,0,Units,1,One
DATAFLOW,OECD.ELS.HD:DSD_SHA@DF_SHA(1.1),Health expenditure and financing,I,LUX,Luxembourg,A,Annual,EXP_HEALTH,Expenditure,PT_B1GQ,Percentage of GDP,_T,Total,_Z,Not application,_T,Total,_T,Total,_T,Total,_Z,Not applicable,_Z,Not applicable,_Z,Not applicable,2007,,6.158,,,,,,,,,,,,0,Units,1,One
DATAFLOW,OECD.ELS.HD:DSD_SHA@DF_SHA(1.1),Health expenditure and financing,I,LUX,Luxembourg,A,Annual,EXP_HEALTH,Expenditure,PT_B1GQ,Percentage of GDP,_T,Total,_Z,Not application,_T,Total,_T,Total,_T,Total,_Z,Not applicable,_Z,Not applicable,_Z,Not applicable,2008,,6.231,,,,,,,,,,,,0,Units,1,One
DATAFLOW,OECD.ELS.HD:DSD_SHA@DF_SHA(1.1),Health expenditure and financing,I,LUX,Luxembourg,A,Annual,EXP_HEALTH,Expenditure,PT_B1GQ,Percentage of GDP,_T,Total,_Z,Not application,_T,Total,_T,Total,_T,Total,_Z,Not applicable,_Z,Not applicable,_Z,Not applicable,2009,,6.95,,,,,,,,,,,,0,Units,1,One
DATAFLOW,OECD.ELS.HD:DSD_SHA@DF_SHA(1.1),Health expenditure and financing,I,LUX,Luxembourg,A,Annual,EXP_HEALTH,Expenditure,PT_B1GQ,Percentage of GDP,_T,Total,_Z,Not application,_T,Total,_T,Total,_T,Total,_Z,Not applicable,_Z,Not applicable,_Z,Not applicable,2010,,6.662,,,,,,,,,,,,0,Units,1,One
DATAFLOW,OECD.ELS.HD:DSD_SHA@DF_SHA(1.1),Health expenditure and financing,I,LUX,Luxembourg,A,Annual,EXP_HEALTH,Expenditure,PT_B1GQ,Percentage of GDP,_T,Total,_Z,Not application,_T,Total,_T,Total,_T,Total,_Z,Not applicable,_Z,Not applicable,_Z,Not applicable,2013,,5.236,,,,,,,,,,,,0,Units,1,One
DATAFLOW,OECD.ELS.HD:DSD_SHA@DF_SHA(1.1),Health expenditure and financing,I,LUX,Luxembourg,A,Annual,EXP_HEALTH,Expenditure,PT_B1GQ,Percentage of GDP,_T,Total,_Z,Not application,_T,Total,_T,Total,_T,Total,_Z,Not applicable,_Z,Not applicable,_Z,Not applicable,2014,,5.23,,,,,,,,,,,,0,Units,1,One
DATAFLOW,OECD.ELS.HD:DSD_SHA@DF_SHA(1.1),Health expenditure and financing,I,LUX,Luxembourg,A,Annual,EXP_HEALTH,Expenditure,PT_B1GQ,Percentage of GDP,_T,Total,_Z,Not application,_T,Total,_T,Total,_T,Total,_Z,Not applicable,_Z,Not applicable,_Z,Not applicable,2015,,5.081,,,,,,,,,,,,0,Units,1,One
DATAFLOW,OECD.ELS.HD:DSD_SHA@DF_SHA(1.1),Health expenditure and financing,I,LUX,Luxembourg,A,Annual,EXP_HEALTH,Expenditure,PT_B1GQ,Percentage of GDP,_T,Total,_Z,Not application,_T,Total,_T,Total,_T,Total,_Z,Not applicable,_Z,Not applicable,_Z,Not applicable,2016,,5.071,,,,,,,,,,,,0,Units,1,One
DATAFLOW,OECD.ELS.HD:DSD_SHA@DF_SHA(1.1),Health expenditure and financing,I,LUX,Luxembourg,A,Annual,EXP_HEALTH,Expenditure,PT_B1GQ,Percentage of GDP,_T,Total,_Z,Not application,_T,Total,_T,Total,_T,Total,_Z,Not applicable,_Z,Not applicable,_Z,Not applicable,2017,,5.135,,,,,,,,,,,,0,Units,1,One
DATAFLOW,OECD.ELS.HD:DSD_SHA@DF_SHA(1.1),Health expenditure and financing,I,LUX,Luxembourg,A,Annual,EXP_HEALTH,Expenditure,PT_B1GQ,Percentage of GDP,_T,Total,_Z,Not application,_T,Total,_T,Total,_T,Total,_Z,Not applicable,_Z,Not applicable,_Z,Not applicable,2018,,5.274,,,,,,,,,,,,0,Units,1,One
DATAFLOW,OECD.ELS.HD:DSD_SHA@DF_SHA(1.1),Health expenditure and financing,I,LUX,Luxembourg,A,Annual,EXP_HEALTH,Expenditure,PT_B1GQ,Percentage of GDP,_T,Total,_Z,Not application,_T,Total,_T,Total,_T,Total,_Z,Not applicable,_Z,Not applicable,_Z,Not applicable,2019,,5.466,,,,,,,,,,,,0,Units,1,One
DATAFLOW,OECD.ELS.HD:DSD_SHA@DF_SHA(1.1),Health expenditure and financing,I,LUX,Luxembourg,A,Annual,EXP_HEALTH,Expenditure,PT_B1GQ,Percentage of GDP,_T,Total,_Z,Not application,_T,Total,_T,Total,_T,Total,_Z,Not applicable,_Z,Not applicable,_Z,Not applicable,2020,,5.767,,,,,,,,,,,,0,Units,1,One
DATAFLOW,OECD.ELS.HD:DSD_SHA@DF_SHA(1.1),Health expenditure and financing,I,LUX,Luxembourg,A,Annual,EXP_HEALTH,Expenditure,PT_B1GQ,Percentage of GDP,_T,Total,_Z,Not application,_T,Total,_T,Total,_T,Total,_Z,Not applicable,_Z,Not applicable,_Z,Not applicable,2021,,5.608,,,,,,,,,,,,0,Units,1,One
DATAFLOW,OECD.ELS.HD:DSD_SHA@DF_SHA(1.1),Health expenditure and financing,I,LUX,Luxembourg,A,Annual,EXP_HEALTH,Expenditure,PT_B1GQ,Percentage of GDP,_T,Total,_Z,Not application,_T,Total,_T,Total,_T,Total,_Z,Not applicable,_Z,Not applicable,_Z,Not applicable,2022,,5.609,,,,,,,,,,,,0,Units,1,One
DATAFLOW,OECD.ELS.HD:DSD_SHA@DF_SHA(1.1),Health expenditure and financing,I,LUX,Luxembourg,A,Annual,EXP_HEALTH,Expenditure,PT_B1GQ,Percentage of GDP,_T,Total,_Z,Not application,_T,Total,_T,Total,_T,Total,_Z,Not applicable,_Z,Not applicable,_Z,Not applicable,2023,,5.59,,,,,,,,,,,,0,Units,1,One
DATAFLOW,OECD.ELS.HD:DSD_SHA@DF_SHA(1.1),Health expenditure and financing,I,LUX,Luxembourg,A,Annual,EXP_HEALTH,Expenditure,PT_B1GQ,Percentage of GDP,_T,Total,_Z,Not application,_T,Total,_T,Total,_T,Total,_Z,Not applicable,_Z,Not applicable,_Z,Not applicable,2011,,5.952,,,,,,B,Time series break,,,,,0,Units,1,One
DATAFLOW,OECD.ELS.HD:DSD_SHA@DF_SHA(1.1),Health expenditure and financing,I,LUX,Luxembourg,A,Annual,EXP_HEALTH,Expenditure,PT_B1GQ,Percentage of GDP,_T,Total,_Z,Not application,_T,Total,_T,Total,_T,Total,_Z,Not applicable,_Z,Not applicable,_Z,Not applicable,2012,,5.294,,,,,,B,Time series break,,,,,0,Units,1,One
DATAFLOW,OECD.ELS.HD:DSD_SHA@DF_SHA(1.1),Health expenditure and financing,I,CAN,Canada,A,Annual,EXP_HEALTH,Expenditure,PT_B1GQ,Percentage of GDP,_T,Total,_Z,Not application,_T,Total,_T,Total,_T,Total,_Z,Not applicable,_Z,Not applicable,_Z,Not applicable,2020,,12.991,,,,,,D,Definition differs,,,,,0,Units,1,One
DATAFLOW,OECD.ELS.HD:DSD_SHA@DF_SHA(1.1),Health expenditure and financing,I,CAN,Canada,A,Annual,EXP_HEALTH,Expenditure,PT_B1GQ,Percentage of GDP,_T,Total,_Z,Not application,_T,Total,_T,Total,_T,Total,_Z,Not applicable,_Z,Not applicable,_Z,Not applicable,2021,,12.366,,,,,,D,Definition differs,,,,,0,Units,1,One
DATAFLOW,OECD.ELS.HD:DSD_SHA@DF_SHA(1.1),Health expenditure and financing,I,AUS,Australia,A,Annual,EXP_HEALTH,Expenditure,PT_B1GQ,Percentage of GDP,_T,Total,_Z,Not application,_T,Total,_T,Total,_T,Total,_Z,Not applicable,_Z,Not applicable,_Z,Not applicable,2000,,7.574,,,,,,D,Definition differs,,,,,0,Units,1,One
DATAFLOW,OECD.ELS.HD:DSD_SHA@DF_SHA(1.1),Health expenditure and financing,I,AUS,Australia,A,Annual,EXP_HEALTH,Expenditure,PT_B1GQ,Percentage of GDP,_T,Total,_Z,Not application,_T,Total,_T,Total,_T,Total,_Z,Not applicable,_Z,Not applicable,_Z,Not applicable,2001,,7.661,,,,,,D,Definition differs,,,,,0,Units,1,One
DATAFLOW,OECD.ELS.HD:DSD_SHA@DF_SHA(1.1),Health expenditure and financing,I,MEX,Mexico,A,Annual,EXP_HEALTH,Expenditure,PT_B1GQ,Percentage of GDP,_T,Total,_Z,Not application,_T,Total,_T,Total,_T,Total,_Z,Not applicable,_Z,Not applicable,_Z,Not applicable,2003,,4.741,,,,,,B,Time series break,,,,,0,Units,1,One
DATAFLOW,OECD.ELS.HD:DSD_SHA@DF_SHA(1.1),Health expenditure and financing,I,HUN,Hungary,A,Annual,EXP_HEALTH,Expenditure,PT_B1GQ,Percentage of GDP,_T,Total,_Z,Not application,_T,Total,_T,Total,_T,Total,_Z,Not applicable,_Z,Not applicable,_Z,Not applicable,2003,,8.13,,,,,,B,Time series break,,,,,0,Units,1,One
DATAFLOW,OECD.ELS.HD:DSD_SHA@DF_SHA(1.1),Health expenditure and financing,I,HUN,Hungary,A,Annual,EXP_HEALTH,Expenditure,PT_B1GQ,Percentage of GDP,_T,Total,_Z,Not application,_T,Total,_T,Total,_T,Total,_Z,Not applicable,_Z,Not applicable,_Z,Not applicable,2017,,6.733,,,,,,,,,,,,0,Units,1,One
DATAFLOW,OECD.ELS.HD:DSD_SHA@DF_SHA(1.1),Health expenditure and financing,I,HUN,Hungary,A,Annual,EXP_HEALTH,Expenditure,PT_B1GQ,Percentage of GDP,_T,Total,_Z,Not application,_T,Total,_T,Total,_T,Total,_Z,Not applicable,_Z,Not applicable,_Z,Not applicable,2018,,6.555,,,,,,,,,,,,0,Units,1,One
DATAFLOW,OECD.ELS.HD:DSD_SHA@DF_SHA(1.1),Health expenditure and financing,I,HUN,Hungary,A,Annual,EXP_HEALTH,Expenditure,PT_B1GQ,Percentage of GDP,_T,Total,_Z,Not application,_T,Total,_T,Total,_T,Total,_Z,Not applicable,_Z,Not applicable,_Z,Not applicable,2015,,6.85,,,,,,,,,,,,0,Units,1,One
DATAFLOW,OECD.ELS.HD:DSD_SHA@DF_SHA(1.1),Health expenditure and financing,I,HUN,Hungary,A,Annual,EXP_HEALTH,Expenditure,PT_B1GQ,Percentage of GDP,_T,Total,_Z,Not application,_T,Total,_T,Total,_T,Total,_Z,Not applicable,_Z,Not applicable,_Z,Not applicable,2016,,6.968,,,,,,,,,,,,0,Units,1,One
DATAFLOW,OECD.ELS.HD:DSD_SHA@DF_SHA(1.1),Health expenditure and financing,I,HUN,Hungary,A,Annual,EXP_HEALTH,Expenditure,PT_B1GQ,Percentage of GDP,_T,Total,_Z,Not application,_T,Total,_T,Total,_T,Total,_Z,Not applicable,_Z,Not applicable,_Z,Not applicable,2005,,7.992,,,,,,,,,,,,0,Units,1,One
DATAFLOW,OECD.ELS.HD:DSD_SHA@DF_SHA(1.1),Health expenditure and financing,I,HUN,Hungary,A,Annual,EXP_HEALTH,Expenditure,PT_B1GQ,Percentage of GDP,_T,Total,_Z,Not application,_T,Total,_T,Total,_T,Total,_Z,Not applicable,_Z,Not applicable,_Z,Not applicable,2004,,7.766,,,,,,,,,,,,0,Units,1,One
DATAFLOW,OECD.ELS.HD:DSD_SHA@DF_SHA(1.1),Health expenditure and financing,I,HUN,Hungary,A,Annual,EXP_HEALTH,Expenditure,PT_B1GQ,Percentage of GDP,_T,Total,_Z,Not application,_T,Total,_T,Total,_T,Total,_Z,Not applicable,_Z,Not applicable,_Z,Not applicable,2002,,7.118,,,,,,,,,,,,0,Units,1,One
DATAFLOW,OECD.ELS.HD:DSD_SHA@DF_SHA(1.1),Health expenditure and financing,I,HUN,Hungary,A,Annual,EXP_HEALTH,Expenditure,PT_B1GQ,Percentage of GDP,_T,Total,_Z,Not application,_T,Total,_T,Total,_T,Total,_Z,Not applicable,_Z,Not applicable,_Z,Not applicable,2006,,7.786,,,,,,,,,,,,0,Units,1,One
DATAFLOW,OECD.ELS.HD:DSD_SHA@DF_SHA(1.1),Health expenditure and financing,I,EST,Estonia,A,Annual,EXP_HEALTH,Expenditure,PT_B1GQ,Percentage of GDP,_T,Total,_Z,Not application,_T,Total,_T,Total,_T,Total,_Z,Not applicable,_Z,Not applicable,_Z,Not applicable,2017,,6.466,,,,,,,,,,,,0,Units,1,One
DATAFLOW,OECD.ELS.HD:DSD_SHA@DF_SHA(1.1),Health expenditure and financing,I,EST,Estonia,A,Annual,EXP_HEALTH,Expenditure,PT_B1GQ,Percentage of GDP,_T,Total,_Z,Not application,_T,Total,_T,Total,_T,Total,_Z,Not applicable,_Z,Not applicable,_Z,Not applicable,2010,,6.594,,,,,,,,,,,,0,Units,1,One
DATAFLOW,OECD.ELS.HD:DSD_SHA@DF_SHA(1.1),Health expenditure and financing,I,EST,Estonia,A,Annual,EXP_HEALTH,Expenditure,PT_B1GQ,Percentage of GDP,_T,Total,_Z,Not application,_T,Total,_T,Total,_T,Total,_Z,Not applicable,_Z,Not applicable,_Z,Not applicable,2014,,6.263,,,,,,,,,,,,0,Units,1,One
DATAFLOW,OECD.ELS.HD:DSD_SHA@DF_SHA(1.1),Health expenditure and financing,I,EST,Estonia,A,Annual,EXP_HEALTH,Expenditure,PT_B1GQ,Percentage of GDP,_T,Total,_Z,Not application,_T,Total,_T,Total,_T,Total,_Z,Not applicable,_Z,Not applicable,_Z,Not applicable,2011,,6.055,,,,,,,,,,,,0,Units,1,One
DATAFLOW,OECD.ELS.HD:DSD_SHA@DF_SHA(1.1),Health expenditure and financing,I,EST,Estonia,A,Annual,EXP_HEALTH,Expenditure,PT_B1GQ,Percentage of GDP,_T,Total,_Z,Not application,_T,Total,_T,Total,_T,Total,_Z,Not applicable,_Z,Not applicable,_Z,Not applicable,2016,,6.569,,,,,,,,,,,,0,Units,1,One
DATAFLOW,OECD.ELS.HD:DSD_SHA@DF_SHA(1.1),Health expenditure and financing,I,EST,Estonia,A,Annual,EXP_HEALTH,Expenditure,PT_B1GQ,Percentage of GDP,_T,Total,_Z,Not application,_T,Total,_T,Total,_T,Total,_Z,Not applicable,_Z,Not applicable,_Z,Not applicable,2012,,6.038,,,,,,,,,,,,0,Units,1,One
DATAFLOW,OECD.ELS.HD:DSD_SHA@DF_SHA(1.1),Health expenditure and financing,I,EST,Estonia,A,Annual,EXP_HEALTH,Expenditure,PT_B1GQ,Percentage of GDP,_T,Total,_Z,Not application,_T,Total,_T,Total,_T,Total,_Z,Not applicable,_Z,Not applicable,_Z,Not applicable,2013,,6.198,,,,,,,,,,,,0,Units,1,One
DATAFLOW,OECD.ELS.HD:DSD_SHA@DF_SHA(1.1),Health expenditure and financing,I,EST,Estonia,A,Annual,EXP_HEALTH,Expenditure,PT_B1GQ,Percentage of GDP,_T,Total,_Z,Not application,_T,Total,_T,Total,_T,Total,_Z,Not applicable,_Z,Not applicable,_Z,Not applicable,2015,,6.521,,,,,,,,,,,,0,Units,1,One
DATAFLOW,OECD.ELS.HD:DSD_SHA@DF_SHA(1.1),Health expenditure and financing,I,DEU,Germany,A,Annual,EXP_HEALTH,Expenditure,PT_B1GQ,Percentage of GDP,_T,Total,_Z,Not application,_T,Total,_T,Total,_T,Total,_Z,Not applicable,_Z,Not applicable,_Z,Not applicable,2011,,10.525,,,,,,,,,,,,0,Units,1,One
DATAFLOW,OECD.ELS.HD:DSD_SHA@DF_SHA(1.1),Health expenditure and financing,I,DEU,Germany,A,Annual,EXP_HEALTH,Expenditure,PT_B1GQ,Percentage of GDP,_T,Total,_Z,Not application,_T,Total,_T,Total,_T,Total,_Z,Not applicable,_Z,Not applicable,_Z,Not applicable,2014,,10.771,,,,,,,,,,,,0,Units,1,One
DATAFLOW,OECD.ELS.HD:DSD_SHA@DF_SHA(1.1),Health expenditure and financing,I,DEU,Germany,A,Annual,EXP_HEALTH,Expenditure,PT_B1GQ,Percentage of GDP,_T,Total,_Z,Not application,_T,Total,_T,Total,_T,Total,_Z,Not applicable,_Z,Not applicable,_Z,Not applicable,2013,,10.746,,,,,,,,,,,,0,Units,1,One
DATAFLOW,OECD.ELS.HD:DSD_SHA@DF_SHA(1.1),Health expenditure and financing,I,DEU,Germany,A,Annual,EXP_HEALTH,Expenditure,PT_B1GQ,Percentage of GDP,_T,Total,_Z,Not application,_T,Total,_T,Total,_T,Total,_Z,Not applicable,_Z,Not applicable,_Z,Not applicable,2012,,10.598,,,,,,,,,,,,0,Units,1,One
DATAFLOW,OECD.ELS.HD:DSD_SHA@DF_SHA(1.1),Health expenditure and financing,I,CHE,Switzerland,A,Annual,EXP_HEALTH,Expenditure,PT_B1GQ,Percentage of GDP,_T,Total,_Z,Not application,_T,Total,_T,Total,_T,Total,_Z,Not applicable,_Z,Not applicable,_Z,Not applicable,2022,,11.194,,,,,,,,,,,,0,Units,1,One
DATAFLOW,OECD.ELS.HD:DSD_SHA@DF_SHA(1.1),Health expenditure and financing,I,CHE,Switzerland,A,Annual,EXP_HEALTH,Expenditure,PT_B1GQ,Percentage of GDP,_T,Total,_Z,Not application,_T,Total,_T,Total,_T,Total,_Z,Not applicable,_Z,Not applicable,_Z,Not applicable,2023,,11.196,,,,,,,,,,,,0,Units,1,One
DATAFLOW,OECD.ELS.HD:DSD_SHA@DF_SHA(1.1),Health expenditure and financing,I,CAN,Canada,A,Annual,EXP_HEALTH,Expenditure,PT_B1GQ,Percentage of GDP,_T,Total,_Z,Not application,_T,Total,_T,Total,_T,Total,_Z,Not applicable,_Z,Not applicable,_Z,Not applicable,2016,,11.045,,,,,,,,,,,,0,Units,1,One
DATAFLOW,OECD.ELS.HD:DSD_SHA@DF_SHA(1.1),Health expenditure and financing,I,CAN,Canada,A,Annual,EXP_HEALTH,Expenditure,PT_B1GQ,Percentage of GDP,_T,Total,_Z,Not application,_T,Total,_T,Total,_T,Total,_Z,Not applicable,_Z,Not applicable,_Z,Not applicable,2019,,11.023,,,,,,,,,,,,0,Units,1,One
DATAFLOW,OECD.ELS.HD:DSD_SHA@DF_SHA(1.1),Health expenditure and financing,I,CAN,Canada,A,Annual,EXP_HEALTH,Expenditure,PT_B1GQ,Percentage of GDP,_T,Total,_Z,Not application,_T,Total,_T,Total,_T,Total,_Z,Not applicable,_Z,Not applicable,_Z,Not applicable,2018,,10.9,,,,,,,,,,,,0,Units,1,One
DATAFLOW,OECD.ELS.HD:DSD_SHA@DF_SHA(1.1),Health expenditure and financing,I,CAN,Canada,A,Annual,EXP_HEALTH,Expenditure,PT_B1GQ,Percentage of GDP,_T,Total,_Z,Not application,_T,Total,_T,Total,_T,Total,_Z,Not applicable,_Z,Not applicable,_Z,Not applicable,2017,,10.935,,,,,,,,,,,,0,Units,1,One
DATAFLOW,OECD.ELS.HD:DSD_SHA@DF_SHA(1.1),Health expenditure and financing,I,FRA,France,A,Annual,EXP_HEALTH,Expenditure,PT_B1GQ,Percentage of GDP,_T,Total,_Z,Not application,_T,Total,_T,Total,_T,Total,_Z,Not applicable,_Z,Not applicable,_Z,Not applicable,2015,,11.279,,,,,,,,,,,,0,Units,1,One
DATAFLOW,OECD.ELS.HD:DSD_SHA@DF_SHA(1.1),Health expenditure and financing,I,FRA,France,A,Annual,EXP_HEALTH,Expenditure,PT_B1GQ,Percentage of GDP,_T,Total,_Z,Not application,_T,Total,_T,Total,_T,Total,_Z,Not applicable,_Z,Not applicable,_Z,Not applicable,2014,,11.342,,,,,,,,,,,,0,Units,1,One
DATAFLOW,OECD.ELS.HD:DSD_SHA@DF_SHA(1.1),Health expenditure and financing,I,CZE,Czechia,A,Annual,EXP_HEALTH,Expenditure,PT_B1GQ,Percentage of GDP,_T,Total,_Z,Not application,_T,Total,_T,Total,_T,Total,_Z,Not applicable,_Z,Not applicable,_Z,Not applicable,2007,,5.99,,,,,,,,,,,,0,Units,1,One
DATAFLOW,OECD.ELS.HD:DSD_SHA@DF_SHA(1.1),Health expenditure and financing,I,CZE,Czechia,A,Annual,EXP_HEALTH,Expenditure,PT_B1GQ,Percentage of GDP,_T,Total,_Z,Not application,_T,Total,_T,Total,_T,Total,_Z,Not applicable,_Z,Not applicable,_Z,Not applicable,2006,,6.165,,,,,,,,,,,,0,Units,1,One
DATAFLOW,OECD.ELS.HD:DSD_SHA@DF_SHA(1.1),Health expenditure and financing,I,CZE,Czechia,A,Annual,EXP_HEALTH,Expenditure,PT_B1GQ,Percentage of GDP,_T,Total,_Z,Not application,_T,Total,_T,Total,_T,Total,_Z,Not applicable,_Z,Not applicable,_Z,Not applicable,2008,,6.339,,,,,,,,,,,,0,Units,1,One
DATAFLOW,OECD.ELS.HD:DSD_SHA@DF_SHA(1.1),Health expenditure and financing,I,CZE,Czechia,A,Annual,EXP_HEALTH,Expenditure,PT_B1GQ,Percentage of GDP,_T,Total,_Z,Not application,_T,Total,_T,Total,_T,Total,_Z,Not applicable,_Z,Not applicable,_Z,Not applicable,2009,,7.265,,,,,,,,,,,,0,Units,1,One
DATAFLOW,OECD.ELS.HD:DSD_SHA@DF_SHA(1.1),Health expenditure and financing,I,MEX,Mexico,A,Annual,EXP_HEALTH,Expenditure,PT_B1GQ,Percentage of GDP,_T,Total,_Z,Not application,_T,Total,_T,Total,_T,Total,_Z,Not applicable,_Z,Not applicable,_Z,Not applicable,2004,,4.904,,,,,,,,,,,,0,Units,1,One
DATAFLOW,OECD.ELS.HD:DSD_SHA@DF_SHA(1.1),Health expenditure and financing,I,MEX,Mexico,A,Annual,EXP_HEALTH,Expenditure,PT_B1GQ,Percentage of GDP,_T,Total,_Z,Not application,_T,Total,_T,Total,_T,Total,_Z,Not applicable,_Z,Not applicable,_Z,Not applicable,2000,,4.244,,,,,,,,,,,,0,Units,1,One
DATAFLOW,OECD.ELS.HD:DSD_SHA@DF_SHA(1.1),Health expenditure and financing,I,MEX,Mexico,A,Annual,EXP_HEALTH,Expenditure,PT_B1GQ,Percentage of GDP,_T,Total,_Z,Not application,_T,Total,_T,Total,_T,Total,_Z,Not applicable,_Z,Not applicable,_Z,Not applicable,2001,,4.582,,,,,,,,,,,,0,Units,1,One
DATAFLOW,OECD.ELS.HD:DSD_SHA@DF_SHA(1.1),Health expenditure and financing,I,MEX,Mexico,A,Annual,EXP_HEALTH,Expenditure,PT_B1GQ,Percentage of GDP,_T,Total,_Z,Not application,_T,Total,_T,Total,_T,Total,_Z,Not applicable,_Z,Not applicable,_Z,Not applicable,2002,,4.83,,,,,,,,,,,,0,Units,1,One
DATAFLOW,OECD.ELS.HD:DSD_SHA@DF_SHA(1.1),Health expenditure and financing,I,TUR,Türkiye,A,Annual,EXP_HEALTH,Expenditure,PT_B1GQ,Percentage of GDP,_T,Total,_Z,Not application,_T,Total,_T,Total,_T,Total,_Z,Not applicable,_Z,Not applicable,_Z,Not applicable,2000,,4.592,,,,,,,,,,,,0,Units,1,One
DATAFLOW,OECD.ELS.HD:DSD_SHA@DF_SHA(1.1),Health expenditure and financing,I,TUR,Türkiye,A,Annual,EXP_HEALTH,Expenditure,PT_B1GQ,Percentage of GDP,_T,Total,_Z,Not application,_T,Total,_T,Total,_T,Total,_Z,Not applicable,_Z,Not applicable,_Z,Not applicable,2001,,4.877,,,,,,,,,,,,0,Units,1,One
DATAFLOW,OECD.ELS.HD:DSD_SHA@DF_SHA(1.1),Health expenditure and financing,I,TUR,Türkiye,A,Annual,EXP_HEALTH,Expenditure,PT_B1GQ,Percentage of GDP,_T,Total,_Z,Not application,_T,Total,_T,Total,_T,Total,_Z,Not applicable,_Z,Not applicable,_Z,Not applicable,2002,,5.051,,,,,,,,,,,,0,Units,1,One
DATAFLOW,OECD.ELS.HD:DSD_SHA@DF_SHA(1.1),Health expenditure and financing,I,TUR,Türkiye,A,Annual,EXP_HEALTH,Expenditure,PT_B1GQ,Percentage of GDP,_T,Total,_Z,Not application,_T,Total,_T,Total,_T,Total,_Z,Not applicable,_Z,Not applicable,_Z,Not applicable,2003,,5.002,,,,,,,,,,,,0,Units,1,One
DATAFLOW,OECD.ELS.HD:DSD_SHA@DF_SHA(1.1),Health expenditure and financing,I,TUR,Türkiye,A,Annual,EXP_HEALTH,Expenditure,PT_B1GQ,Percentage of GDP,_T,Total,_Z,Not application,_T,Total,_T,Total,_T,Total,_Z,Not applicable,_Z,Not applicable,_Z,Not applicable,2004,,4.894,,,,,,,,,,,,0,Units,1,One
DATAFLOW,OECD.ELS.HD:DSD_SHA@DF_SHA(1.1),Health expenditure and financing,I,TUR,Türkiye,A,Annual,EXP_HEALTH,Expenditure,PT_B1GQ,Percentage of GDP,_T,Total,_Z,Not application,_T,Total,_T,Total,_T,Total,_Z,Not applicable,_Z,Not applicable,_Z,Not applicable,2005,,4.875,,,,,,,,,,,,0,Units,1,One
DATAFLOW,OECD.ELS.HD:DSD_SHA@DF_SHA(1.1),Health expenditure and financing,I,ISR,Israel,A,Annual,EXP_HEALTH,Expenditure,PT_B1GQ,Percentage of GDP,_T,Total,_Z,Not application,_T,Total,_T,Total,_T,Total,_Z,Not applicable,_Z,Not applicable,_Z,Not applicable,2000,,6.599,,,,,,,,,,,,0,Units,1,One
DATAFLOW,OECD.ELS.HD:DSD_SHA@DF_SHA(1.1),Health expenditure and financing,I,ISR,Israel,A,Annual,EXP_HEALTH,Expenditure,PT_B1GQ,Percentage of GDP,_T,Total,_Z,Not application,_T,Total,_T,Total,_T,Total,_Z,Not applicable,_Z,Not applicable,_Z,Not applicable,2001,,7.005,,,,,,,,,,,,0,Units,1,One
DATAFLOW,OECD.ELS.HD:DSD_SHA@DF_SHA(1.1),Health expenditure and financing,I,ISR,Israel,A,Annual,EXP_HEALTH,Expenditure,PT_B1GQ,Percentage of GDP,_T,Total,_Z,Not application,_T,Total,_T,Total,_T,Total,_Z,Not applicable,_Z,Not applicable,_Z,Not applicable,2002,,6.914,,,,,,,,,,,,0,Units,1,One
DATAFLOW,OECD.ELS.HD:DSD_SHA@DF_SHA(1.1),Health expenditure and financing,I,ISR,Israel,A,Annual,EXP_HEALTH,Expenditure,PT_B1GQ,Percentage of GDP,_T,Total,_Z,Not application,_T,Total,_T,Total,_T,Total,_Z,Not applicable,_Z,Not applicable,_Z,Not applicable,2003,,6.857,,,,,,,,,,,,0,Units,1,One
DATAFLOW,OECD.ELS.HD:DSD_SHA@DF_SHA(1.1),Health expenditure and financing,I,ISR,Israel,A,Annual,EXP_HEALTH,Expenditure,PT_B1GQ,Percentage of GDP,_T,Total,_Z,Not application,_T,Total,_T,Total,_T,Total,_Z,Not applicable,_Z,Not applicable,_Z,Not applicable,2004,,6.803,,,,,,,,,,,,0,Units,1,One
DATAFLOW,OECD.ELS.HD:DSD_SHA@DF_SHA(1.1),Health expenditure and financing,I,ISR,Israel,A,Annual,EXP_HEALTH,Expenditure,PT_B1GQ,Percentage of GDP,_T,Total,_Z,Not application,_T,Total,_T,Total,_T,Total,_Z,Not applicable,_Z,Not applicable,_Z,Not applicable,2005,,6.891,,,,,,,,,,,,0,Units,1,One
DATAFLOW,OECD.ELS.HD:DSD_SHA@DF_SHA(1.1),Health expenditure and financing,I,ISR,Israel,A,Annual,EXP_HEALTH,Expenditure,PT_B1GQ,Percentage of GDP,_T,Total,_Z,Not application,_T,Total,_T,Total,_T,Total,_Z,Not applicable,_Z,Not applicable,_Z,Not applicable,2007,,6.681,,,,,,,,,,,,0,Units,1,One
DATAFLOW,OECD.ELS.HD:DSD_SHA@DF_SHA(1.1),Health expenditure and financing,I,ISR,Israel,A,Annual,EXP_HEALTH,Expenditure,PT_B1GQ,Percentage of GDP,_T,Total,_Z,Not application,_T,Total,_T,Total,_T,Total,_Z,Not applicable,_Z,Not applicable,_Z,Not applicable,2008,,6.815,,,,,,,,,,,,0,Units,1,One
DATAFLOW,OECD.ELS.HD:DSD_SHA@DF_SHA(1.1),Health expenditure and financing,I,ISR,Israel,A,Annual,EXP_HEALTH,Expenditure,PT_B1GQ,Percentage of GDP,_T,Total,_Z,Not application,_T,Total,_T,Total,_T,Total,_Z,Not applicable,_Z,Not applicable,_Z,Not applicable,2009,,6.879,,,,,,,,,,,,0,Units,1,One
DATAFLOW,OECD.ELS.HD:DSD_SHA@DF_SHA(1.1),Health expenditure and financing,I,ISR,Israel,A,Annual,EXP_HEALTH,Expenditure,PT_B1GQ,Percentage of GDP,_T,Total,_Z,Not application,_T,Total,_T,Total,_T,Total,_Z,Not applicable,_Z,Not applicable,_Z,Not applicable,2010,,6.859,,,,,,,,,,,,0,Units,1,One
DATAFLOW,OECD.ELS.HD:DSD_SHA@DF_SHA(1.1),Health expenditure and financing,I,ISR,Israel,A,Annual,EXP_HEALTH,Expenditure,PT_B1GQ,Percentage of GDP,_T,Total,_Z,Not application,_T,Total,_T,Total,_T,Total,_Z,Not applicable,_Z,Not applicable,_Z,Not applicable,2011,,6.815,,,,,,,,,,,,0,Units,1,One
DATAFLOW,OECD.ELS.HD:DSD_SHA@DF_SHA(1.1),Health expenditure and financing,I,ISR,Israel,A,Annual,EXP_HEALTH,Expenditure,PT_B1GQ,Percentage of GDP,_T,Total,_Z,Not application,_T,Total,_T,Total,_T,Total,_Z,Not applicable,_Z,Not applicable,_Z,Not applicable,2012,,6.953,,,,,,,,,,,,0,Units,1,One
DATAFLOW,OECD.ELS.HD:DSD_SHA@DF_SHA(1.1),Health expenditure and financing,I,ISR,Israel,A,Annual,EXP_HEALTH,Expenditure,PT_B1GQ,Percentage of GDP,_T,Total,_Z,Not application,_T,Total,_T,Total,_T,Total,_Z,Not applicable,_Z,Not applicable,_Z,Not applicable,2013,,6.951,,,,,,,,,,,,0,Units,1,One
DATAFLOW,OECD.ELS.HD:DSD_SHA@DF_SHA(1.1),Health expenditure and financing,I,ISR,Israel,A,Annual,EXP_HEALTH,Expenditure,PT_B1GQ,Percentage of GDP,_T,Total,_Z,Not application,_T,Total,_T,Total,_T,Total,_Z,Not applicable,_Z,Not applicable,_Z,Not applicable,2014,,7.044,,,,,,,,,,,,0,Units,1,One
DATAFLOW,OECD.ELS.HD:DSD_SHA@DF_SHA(1.1),Health expenditure and financing,I,ISR,Israel,A,Annual,EXP_HEALTH,Expenditure,PT_B1GQ,Percentage of GDP,_T,Total,_Z,Not application,_T,Total,_T,Total,_T,Total,_Z,Not applicable,_Z,Not applicable,_Z,Not applicable,2015,,7.036,,,,,,,,,,,,0,Units,1,One
DATAFLOW,OECD.ELS.HD:DSD_SHA@DF_SHA(1.1),Health expenditure and financing,I,ISR,Israel,A,Annual,EXP_HEALTH,Expenditure,PT_B1GQ,Percentage of GDP,_T,Total,_Z,Not application,_T,Total,_T,Total,_T,Total,_Z,Not applicable,_Z,Not applicable,_Z,Not applicable,2016,,7.118,,,,,,,,,,,,0,Units,1,One
DATAFLOW,OECD.ELS.HD:DSD_SHA@DF_SHA(1.1),Health expenditure and financing,I,ISR,Israel,A,Annual,EXP_HEALTH,Expenditure,PT_B1GQ,Percentage of GDP,_T,Total,_Z,Not application,_T,Total,_T,Total,_T,Total,_Z,Not applicable,_Z,Not applicable,_Z,Not applicable,2017,,7.194,,,,,,,,,,,,0,Units,1,One
DATAFLOW,OECD.ELS.HD:DSD_SHA@DF_SHA(1.1),Health expenditure and financing,I,ISR,Israel,A,Annual,EXP_HEALTH,Expenditure,PT_B1GQ,Percentage of GDP,_T,Total,_Z,Not application,_T,Total,_T,Total,_T,Total,_Z,Not applicable,_Z,Not applicable,_Z,Not applicable,2018,,7.252,,,,,,,,,,,,0,Units,1,One
DATAFLOW,OECD.ELS.HD:DSD_SHA@DF_SHA(1.1),Health expenditure and financing,I,ISR,Israel,A,Annual,EXP_HEALTH,Expenditure,PT_B1GQ,Percentage of GDP,_T,Total,_Z,Not application,_T,Total,_T,Total,_T,Total,_Z,Not applicable,_Z,Not applicable,_Z,Not applicable,2019,,7.233,,,,,,,,,,,,0,Units,1,One
DATAFLOW,OECD.ELS.HD:DSD_SHA@DF_SHA(1.1),Health expenditure and financing,I,ISR,Israel,A,Annual,EXP_HEALTH,Expenditure,PT_B1GQ,Percentage of GDP,_T,Total,_Z,Not application,_T,Total,_T,Total,_T,Total,_Z,Not applicable,_Z,Not applicable,_Z,Not applicable,2020,,7.745,,,,,,,,,,,,0,Units,1,One
DATAFLOW,OECD.ELS.HD:DSD_SHA@DF_SHA(1.1),Health expenditure and financing,I,ISR,Israel,A,Annual,EXP_HEALTH,Expenditure,PT_B1GQ,Percentage of GDP,_T,Total,_Z,Not application,_T,Total,_T,Total,_T,Total,_Z,Not applicable,_Z,Not applicable,_Z,Not applicable,2021,,7.842,,,,,,,,,,,,0,Units,1,One
DATAFLOW,OECD.ELS.HD:DSD_SHA@DF_SHA(1.1),Health expenditure and financing,I,ISR,Israel,A,Annual,EXP_HEALTH,Expenditure,PT_B1GQ,Percentage of GDP,_T,Total,_Z,Not application,_T,Total,_T,Total,_T,Total,_Z,Not applicable,_Z,Not applicable,_Z,Not applicable,2022,,7.12,,,,,,,,,,,,0,Units,1,One
DATAFLOW,OECD.ELS.HD:DSD_SHA@DF_SHA(1.1),Health expenditure and financing,I,POL,Poland,A,Annual,EXP_HEALTH,Expenditure,PT_B1GQ,Percentage of GDP,_T,Total,_Z,Not application,_T,Total,_T,Total,_T,Total,_Z,Not applicable,_Z,Not applicable,_Z,Not applicable,2016,,6.526,,,,,,,,,,,,0,Units,1,One
DATAFLOW,OECD.ELS.HD:DSD_SHA@DF_SHA(1.1),Health expenditure and financing,I,POL,Poland,A,Annual,EXP_HEALTH,Expenditure,PT_B1GQ,Percentage of GDP,_T,Total,_Z,Not application,_T,Total,_T,Total,_T,Total,_Z,Not applicable,_Z,Not applicable,_Z,Not applicable,2017,,6.537,,,,,,,,,,,,0,Units,1,One
DATAFLOW,OECD.ELS.HD:DSD_SHA@DF_SHA(1.1),Health expenditure and financing,I,POL,Poland,A,Annual,EXP_HEALTH,Expenditure,PT_B1GQ,Percentage of GDP,_T,Total,_Z,Not application,_T,Total,_T,Total,_T,Total,_Z,Not applicable,_Z,Not applicable,_Z,Not applicable,2018,,6.251,,,,,,,,,,,,0,Units,1,One
DATAFLOW,OECD.ELS.HD:DSD_SHA@DF_SHA(1.1),Health expenditure and financing,I,POL,Poland,A,Annual,EXP_HEALTH,Expenditure,PT_B1GQ,Percentage of GDP,_T,Total,_Z,Not application,_T,Total,_T,Total,_T,Total,_Z,Not applicable,_Z,Not applicable,_Z,Not applicable,2019,,6.389,,,,,,,,,,,,0,Units,1,One
DATAFLOW,OECD.ELS.HD:DSD_SHA@DF_SHA(1.1),Health expenditure and financing,I,POL,Poland,A,Annual,EXP_HEALTH,Expenditure,PT_B1GQ,Percentage of GDP,_T,Total,_Z,Not application,_T,Total,_T,Total,_T,Total,_Z,Not applicable,_Z,Not applicable,_Z,Not applicable,2020,,6.427,,,,,,,,,,,,0,Units,1,One
DATAFLOW,OECD.ELS.HD:DSD_SHA@DF_SHA(1.1),Health expenditure and financing,I,POL,Poland,A,Annual,EXP_HEALTH,Expenditure,PT_B1GQ,Percentage of GDP,_T,Total,_Z,Not application,_T,Total,_T,Total,_T,Total,_Z,Not applicable,_Z,Not applicable,_Z,Not applicable,2021,,6.45,,,,,,,,,,,,0,Units,1,One
DATAFLOW,OECD.ELS.HD:DSD_SHA@DF_SHA(1.1),Health expenditure and financing,I,POL,Poland,A,Annual,EXP_HEALTH,Expenditure,PT_B1GQ,Percentage of GDP,_T,Total,_Z,Not application,_T,Total,_T,Total,_T,Total,_Z,Not applicable,_Z,Not applicable,_Z,Not applicable,2022,,6.641,,,,,,,,,,,,0,Units,1,One
DATAFLOW,OECD.ELS.HD:DSD_SHA@DF_SHA(1.1),Health expenditure and financing,I,POL,Poland,A,Annual,EXP_HEALTH,Expenditure,PT_B1GQ,Percentage of GDP,_T,Total,_Z,Not application,_T,Total,_T,Total,_T,Total,_Z,Not applicable,_Z,Not applicable,_Z,Not applicable,2023,,7.138,,,,,,,,,,,,0,Units,1,One
DATAFLOW,OECD.ELS.HD:DSD_SHA@DF_SHA(1.1),Health expenditure and financing,I,FIN,Finland,A,Annual,EXP_HEALTH,Expenditure,PT_B1GQ,Percentage of GDP,_T,Total,_Z,Not application,_T,Total,_T,Total,_T,Total,_Z,Not applicable,_Z,Not applicable,_Z,Not applicable,2001,,7.252,,,,,,,,,,,,0,Units,1,One
DATAFLOW,OECD.ELS.HD:DSD_SHA@DF_SHA(1.1),Health expenditure and financing,I,FIN,Finland,A,Annual,EXP_HEALTH,Expenditure,PT_B1GQ,Percentage of GDP,_T,Total,_Z,Not application,_T,Total,_T,Total,_T,Total,_Z,Not applicable,_Z,Not applicable,_Z,Not applicable,2002,,7.63,,,,,,,,,,,,0,Units,1,One
DATAFLOW,OECD.ELS.HD:DSD_SHA@DF_SHA(1.1),Health expenditure and financing,I,FIN,Finland,A,Annual,EXP_HEALTH,Expenditure,PT_B1GQ,Percentage of GDP,_T,Total,_Z,Not application,_T,Total,_T,Total,_T,Total,_Z,Not applicable,_Z,Not applicable,_Z,Not applicable,2004,,8.06,,,,,,,,,,,,0,Units,1,One
DATAFLOW,OECD.ELS.HD:DSD_SHA@DF_SHA(1.1),Health expenditure and financing,I,FIN,Finland,A,Annual,EXP_HEALTH,Expenditure,PT_B1GQ,Percentage of GDP,_T,Total,_Z,Not application,_T,Total,_T,Total,_T,Total,_Z,Not applicable,_Z,Not applicable,_Z,Not applicable,2003,,7.94,,,,,,,,,,,,0,Units,1,One
DATAFLOW,OECD.ELS.HD:DSD_SHA@DF_SHA(1.1),Health expenditure and financing,I,FIN,Finland,A,Annual,EXP_HEALTH,Expenditure,PT_B1GQ,Percentage of GDP,_T,Total,_Z,Not application,_T,Total,_T,Total,_T,Total,_Z,Not applicable,_Z,Not applicable,_Z,Not applicable,2023,,10.502,,,,,,,,,,,,0,Units,1,One
DATAFLOW,OECD.ELS.HD:DSD_SHA@DF_SHA(1.1),Health expenditure and financing,I,ISL,Iceland,A,Annual,EXP_HEALTH,Expenditure,PT_B1GQ,Percentage of GDP,_T,Total,_Z,Not application,_T,Total,_T,Total,_T,Total,_Z,Not applicable,_Z,Not applicable,_Z,Not applicable,2017,,8.215,,,,,,,,,,,,0,Units,1,One
DATAFLOW,OECD.ELS.HD:DSD_SHA@DF_SHA(1.1),Health expenditure and financing,I,ISL,Iceland,A,Annual,EXP_HEALTH,Expenditure,PT_B1GQ,Percentage of GDP,_T,Total,_Z,Not application,_T,Total,_T,Total,_T,Total,_Z,Not applicable,_Z,Not applicable,_Z,Not applicable,2018,,8.307,,,,,,,,,,,,0,Units,1,One
DATAFLOW,OECD.ELS.HD:DSD_SHA@DF_SHA(1.1),Health expenditure and financing,I,ISL,Iceland,A,Annual,EXP_HEALTH,Expenditure,PT_B1GQ,Percentage of GDP,_T,Total,_Z,Not application,_T,Total,_T,Total,_T,Total,_Z,Not applicable,_Z,Not applicable,_Z,Not applicable,2019,,8.535,,,,,,,,,,,,0,Units,1,One
DATAFLOW,OECD.ELS.HD:DSD_SHA@DF_SHA(1.1),Health expenditure and financing,I,ISL,Iceland,A,Annual,EXP_HEALTH,Expenditure,PT_B1GQ,Percentage of GDP,_T,Total,_Z,Not application,_T,Total,_T,Total,_T,Total,_Z,Not applicable,_Z,Not applicable,_Z,Not applicable,2020,,9.473,,,,,,,,,,,,0,Units,1,One
DATAFLOW,OECD.ELS.HD:DSD_SHA@DF_SHA(1.1),Health expenditure and financing,I,ISL,Iceland,A,Annual,EXP_HEALTH,Expenditure,PT_B1GQ,Percentage of GDP,_T,Total,_Z,Not application,_T,Total,_T,Total,_T,Total,_Z,Not applicable,_Z,Not applicable,_Z,Not applicable,2021,,9.549,,,,,,,,,,,,0,Units,1,One
DATAFLOW,OECD.ELS.HD:DSD_SHA@DF_SHA(1.1),Health expenditure and financing,I,ISL,Iceland,A,Annual,EXP_HEALTH,Expenditure,PT_B1GQ,Percentage of GDP,_T,Total,_Z,Not application,_T,Total,_T,Total,_T,Total,_Z,Not applicable,_Z,Not applicable,_Z,Not applicable,2022,,8.92,,,,,,,,,,,,0,Units,1,One
DATAFLOW,OECD.ELS.HD:DSD_SHA@DF_SHA(1.1),Health expenditure and financing,I,ISL,Iceland,A,Annual,EXP_HEALTH,Expenditure,PT_B1GQ,Percentage of GDP,_T,Total,_Z,Not application,_T,Total,_T,Total,_T,Total,_Z,Not applicable,_Z,Not applicable,_Z,Not applicable,2023,,8.64,,,,,,,,,,,,0,Units,1,One
DATAFLOW,OECD.ELS.HD:DSD_SHA@DF_SHA(1.1),Health expenditure and financing,I,DEU,Germany,A,Annual,EXP_HEALTH,Expenditure,PT_B1GQ,Percentage of GDP,_T,Total,_Z,Not application,_T,Total,_T,Total,_T,Total,_Z,Not applicable,_Z,Not applicable,_Z,Not applicable,2006,,9.962,,,,,,,,,,,,0,Units,1,One
DATAFLOW,OECD.ELS.HD:DSD_SHA@DF_SHA(1.1),Health expenditure and financing,I,DEU,Germany,A,Annual,EXP_HEALTH,Expenditure,PT_B1GQ,Percentage of GDP,_T,Total,_Z,Not application,_T,Total,_T,Total,_T,Total,_Z,Not applicable,_Z,Not applicable,_Z,Not applicable,2007,,9.835,,,,,,,,,,,,0,Units,1,One
DATAFLOW,OECD.ELS.HD:DSD_SHA@DF_SHA(1.1),Health expenditure and financing,I,DEU,Germany,A,Annual,EXP_HEALTH,Expenditure,PT_B1GQ,Percentage of GDP,_T,Total,_Z,Not application,_T,Total,_T,Total,_T,Total,_Z,Not applicable,_Z,Not applicable,_Z,Not applicable,2008,,10.033,,,,,,,,,,,,0,Units,1,One
DATAFLOW,OECD.ELS.HD:DSD_SHA@DF_SHA(1.1),Health expenditure and financing,I,DEU,Germany,A,Annual,EXP_HEALTH,Expenditure,PT_B1GQ,Percentage of GDP,_T,Total,_Z,Not application,_T,Total,_T,Total,_T,Total,_Z,Not applicable,_Z,Not applicable,_Z,Not applicable,2009,,10.974,,,,,,,,,,,,0,Units,1,One
DATAFLOW,OECD.ELS.HD:DSD_SHA@DF_SHA(1.1),Health expenditure and financing,I,DEU,Germany,A,Annual,EXP_HEALTH,Expenditure,PT_B1GQ,Percentage of GDP,_T,Total,_Z,Not application,_T,Total,_T,Total,_T,Total,_Z,Not applicable,_Z,Not applicable,_Z,Not applicable,2010,,10.835,,,,,,,,,,,,0,Units,1,One
DATAFLOW,OECD.ELS.HD:DSD_SHA@DF_SHA(1.1),Health expenditure and financing,I,ITA,Italy,A,Annual,EXP_HEALTH,Expenditure,PT_B1GQ,Percentage of GDP,_T,Total,_Z,Not application,_T,Total,_T,Total,_T,Total,_Z,Not applicable,_Z,Not applicable,_Z,Not applicable,2000,,7.547,,,,,,,,,,,,0,Units,1,One
DATAFLOW,OECD.ELS.HD:DSD_SHA@DF_SHA(1.1),Health expenditure and financing,I,ITA,Italy,A,Annual,EXP_HEALTH,Expenditure,PT_B1GQ,Percentage of GDP,_T,Total,_Z,Not application,_T,Total,_T,Total,_T,Total,_Z,Not applicable,_Z,Not applicable,_Z,Not applicable,2001,,7.711,,,,,,,,,,,,0,Units,1,One
DATAFLOW,OECD.ELS.HD:DSD_SHA@DF_SHA(1.1),Health expenditure and financing,I,ITA,Italy,A,Annual,EXP_HEALTH,Expenditure,PT_B1GQ,Percentage of GDP,_T,Total,_Z,Not application,_T,Total,_T,Total,_T,Total,_Z,Not applicable,_Z,Not applicable,_Z,Not applicable,2002,,7.836,,,,,,,,,,,,0,Units,1,One
DATAFLOW,OECD.ELS.HD:DSD_SHA@DF_SHA(1.1),Health expenditure and financing,I,ITA,Italy,A,Annual,EXP_HEALTH,Expenditure,PT_B1GQ,Percentage of GDP,_T,Total,_Z,Not application,_T,Total,_T,Total,_T,Total,_Z,Not applicable,_Z,Not applicable,_Z,Not applicable,2003,,7.807,,,,,,,,,,,,0,Units,1,One
DATAFLOW,OECD.ELS.HD:DSD_SHA@DF_SHA(1.1),Health expenditure and financing,I,ITA,Italy,A,Annual,EXP_HEALTH,Expenditure,PT_B1GQ,Percentage of GDP,_T,Total,_Z,Not application,_T,Total,_T,Total,_T,Total,_Z,Not applicable,_Z,Not applicable,_Z,Not applicable,2004,,8.137,,,,,,,,,,,,0,Units,1,One
DATAFLOW,OECD.ELS.HD:DSD_SHA@DF_SHA(1.1),Health expenditure and financing,I,ITA,Italy,A,Annual,EXP_HEALTH,Expenditure,PT_B1GQ,Percentage of GDP,_T,Total,_Z,Not application,_T,Total,_T,Total,_T,Total,_Z,Not applicable,_Z,Not applicable,_Z,Not applicable,2005,,8.309,,,,,,,,,,,,0,Units,1,One
DATAFLOW,OECD.ELS.HD:DSD_SHA@DF_SHA(1.1),Health expenditure and financing,I,ITA,Italy,A,Annual,EXP_HEALTH,Expenditure,PT_B1GQ,Percentage of GDP,_T,Total,_Z,Not application,_T,Total,_T,Total,_T,Total,_Z,Not applicable,_Z,Not applicable,_Z,Not applicable,2006,,8.398,,,,,,,,,,,,0,Units,1,One
DATAFLOW,OECD.ELS.HD:DSD_SHA@DF_SHA(1.1),Health expenditure and financing,I,ITA,Italy,A,Annual,EXP_HEALTH,Expenditure,PT_B1GQ,Percentage of GDP,_T,Total,_Z,Not application,_T,Total,_T,Total,_T,Total,_Z,Not applicable,_Z,Not applicable,_Z,Not applicable,2007,,8.102,,,,,,,,,,,,0,Units,1,One
DATAFLOW,OECD.ELS.HD:DSD_SHA@DF_SHA(1.1),Health expenditure and financing,I,ITA,Italy,A,Annual,EXP_HEALTH,Expenditure,PT_B1GQ,Percentage of GDP,_T,Total,_Z,Not application,_T,Total,_T,Total,_T,Total,_Z,Not applicable,_Z,Not applicable,_Z,Not applicable,2008,,8.502,,,,,,,,,,,,0,Units,1,One
DATAFLOW,OECD.ELS.HD:DSD_SHA@DF_SHA(1.1),Health expenditure and financing,I,ITA,Italy,A,Annual,EXP_HEALTH,Expenditure,PT_B1GQ,Percentage of GDP,_T,Total,_Z,Not application,_T,Total,_T,Total,_T,Total,_Z,Not applicable,_Z,Not applicable,_Z,Not applicable,2009,,8.913,,,,,,,,,,,,0,Units,1,One
DATAFLOW,OECD.ELS.HD:DSD_SHA@DF_SHA(1.1),Health expenditure and financing,I,ITA,Italy,A,Annual,EXP_HEALTH,Expenditure,PT_B1GQ,Percentage of GDP,_T,Total,_Z,Not application,_T,Total,_T,Total,_T,Total,_Z,Not applicable,_Z,Not applicable,_Z,Not applicable,2010,,8.879,,,,,,,,,,,,0,Units,1,One
DATAFLOW,OECD.ELS.HD:DSD_SHA@DF_SHA(1.1),Health expenditure and financing,I,ITA,Italy,A,Annual,EXP_HEALTH,Expenditure,PT_B1GQ,Percentage of GDP,_T,Total,_Z,Not application,_T,Total,_T,Total,_T,Total,_Z,Not applicable,_Z,Not applicable,_Z,Not applicable,2011,,8.729,,,,,,,,,,,,0,Units,1,One
DATAFLOW,OECD.ELS.HD:DSD_SHA@DF_SHA(1.1),Health expenditure and financing,I,ITA,Italy,A,Annual,EXP_HEALTH,Expenditure,PT_B1GQ,Percentage of GDP,_T,Total,_Z,Not application,_T,Total,_T,Total,_T,Total,_Z,Not applicable,_Z,Not applicable,_Z,Not applicable,2013,,8.79,,,,,,,,,,,,0,Units,1,One
DATAFLOW,OECD.ELS.HD:DSD_SHA@DF_SHA(1.1),Health expenditure and financing,I,ITA,Italy,A,Annual,EXP_HEALTH,Expenditure,PT_B1GQ,Percentage of GDP,_T,Total,_Z,Not application,_T,Total,_T,Total,_T,Total,_Z,Not applicable,_Z,Not applicable,_Z,Not applicable,2014,,8.859,,,,,,,,,,,,0,Units,1,One
DATAFLOW,OECD.ELS.HD:DSD_SHA@DF_SHA(1.1),Health expenditure and financing,I,ITA,Italy,A,Annual,EXP_HEALTH,Expenditure,PT_B1GQ,Percentage of GDP,_T,Total,_Z,Not application,_T,Total,_T,Total,_T,Total,_Z,Not applicable,_Z,Not applicable,_Z,Not applicable,2015,,8.846,,,,,,,,,,,,0,Units,1,One
DATAFLOW,OECD.ELS.HD:DSD_SHA@DF_SHA(1.1),Health expenditure and financing,I,ITA,Italy,A,Annual,EXP_HEALTH,Expenditure,PT_B1GQ,Percentage of GDP,_T,Total,_Z,Not application,_T,Total,_T,Total,_T,Total,_Z,Not applicable,_Z,Not applicable,_Z,Not applicable,2016,,8.72,,,,,,,,,,,,0,Units,1,One
DATAFLOW,OECD.ELS.HD:DSD_SHA@DF_SHA(1.1),Health expenditure and financing,I,ITA,Italy,A,Annual,EXP_HEALTH,Expenditure,PT_B1GQ,Percentage of GDP,_T,Total,_Z,Not application,_T,Total,_T,Total,_T,Total,_Z,Not applicable,_Z,Not applicable,_Z,Not applicable,2017,,8.691,,,,,,,,,,,,0,Units,1,One
DATAFLOW,OECD.ELS.HD:DSD_SHA@DF_SHA(1.1),Health expenditure and financing,I,ITA,Italy,A,Annual,EXP_HEALTH,Expenditure,PT_B1GQ,Percentage of GDP,_T,Total,_Z,Not application,_T,Total,_T,Total,_T,Total,_Z,Not applicable,_Z,Not applicable,_Z,Not applicable,2018,,8.655,,,,,,,,,,,,0,Units,1,One
DATAFLOW,OECD.ELS.HD:DSD_SHA@DF_SHA(1.1),Health expenditure and financing,I,ITA,Italy,A,Annual,EXP_HEALTH,Expenditure,PT_B1GQ,Percentage of GDP,_T,Total,_Z,Not application,_T,Total,_T,Total,_T,Total,_Z,Not applicable,_Z,Not applicable,_Z,Not applicable,2019,,8.615,,,,,,,,,,,,0,Units,1,One
DATAFLOW,OECD.ELS.HD:DSD_SHA@DF_SHA(1.1),Health expenditure and financing,I,ITA,Italy,A,Annual,EXP_HEALTH,Expenditure,PT_B1GQ,Percentage of GDP,_T,Total,_Z,Not application,_T,Total,_T,Total,_T,Total,_Z,Not applicable,_Z,Not applicable,_Z,Not applicable,2020,,9.564,,,,,,,,,,,,0,Units,1,One
DATAFLOW,OECD.ELS.HD:DSD_SHA@DF_SHA(1.1),Health expenditure and financing,I,ITA,Italy,A,Annual,EXP_HEALTH,Expenditure,PT_B1GQ,Percentage of GDP,_T,Total,_Z,Not application,_T,Total,_T,Total,_T,Total,_Z,Not applicable,_Z,Not applicable,_Z,Not applicable,2021,,9.282,,,,,,,,,,,,0,Units,1,One
DATAFLOW,OECD.ELS.HD:DSD_SHA@DF_SHA(1.1),Health expenditure and financing,I,CAN,Canada,A,Annual,EXP_HEALTH,Expenditure,PT_B1GQ,Percentage of GDP,_T,Total,_Z,Not application,_T,Total,_T,Total,_T,Total,_Z,Not applicable,_Z,Not applicable,_Z,Not applicable,2000,,8.248,,,,,,,,,,,,0,Units,1,One
DATAFLOW,OECD.ELS.HD:DSD_SHA@DF_SHA(1.1),Health expenditure and financing,I,CAN,Canada,A,Annual,EXP_HEALTH,Expenditure,PT_B1GQ,Percentage of GDP,_T,Total,_Z,Not application,_T,Total,_T,Total,_T,Total,_Z,Not applicable,_Z,Not applicable,_Z,Not applicable,2001,,8.625,,,,,,,,,,,,0,Units,1,One
DATAFLOW,OECD.ELS.HD:DSD_SHA@DF_SHA(1.1),Health expenditure and financing,I,CAN,Canada,A,Annual,EXP_HEALTH,Expenditure,PT_B1GQ,Percentage of GDP,_T,Total,_Z,Not application,_T,Total,_T,Total,_T,Total,_Z,Not applicable,_Z,Not applicable,_Z,Not applicable,2002,,8.857,,,,,,,,,,,,0,Units,1,One
DATAFLOW,OECD.ELS.HD:DSD_SHA@DF_SHA(1.1),Health expenditure and financing,I,CAN,Canada,A,Annual,EXP_HEALTH,Expenditure,PT_B1GQ,Percentage of GDP,_T,Total,_Z,Not application,_T,Total,_T,Total,_T,Total,_Z,Not applicable,_Z,Not applicable,_Z,Not applicable,2003,,9.011,,,,,,,,,,,,0,Units,1,One
DATAFLOW,OECD.ELS.HD:DSD_SHA@DF_SHA(1.1),Health expenditure and financing,I,CZE,Czechia,A,Annual,EXP_HEALTH,Expenditure,PT_B1GQ,Percentage of GDP,_T,Total,_Z,Not application,_T,Total,_T,Total,_T,Total,_Z,Not applicable,_Z,Not applicable,_Z,Not applicable,2016,,7.323,,,,,,,,,,,,0,Units,1,One
DATAFLOW,OECD.ELS.HD:DSD_SHA@DF_SHA(1.1),Health expenditure and financing,I,CZE,Czechia,A,Annual,EXP_HEALTH,Expenditure,PT_B1GQ,Percentage of GDP,_T,Total,_Z,Not application,_T,Total,_T,Total,_T,Total,_Z,Not applicable,_Z,Not applicable,_Z,Not applicable,2015,,7.293,,,,,,,,,,,,0,Units,1,One
DATAFLOW,OECD.ELS.HD:DSD_SHA@DF_SHA(1.1),Health expenditure and financing,I,CZE,Czechia,A,Annual,EXP_HEALTH,Expenditure,PT_B1GQ,Percentage of GDP,_T,Total,_Z,Not application,_T,Total,_T,Total,_T,Total,_Z,Not applicable,_Z,Not applicable,_Z,Not applicable,2014,,7.539,,,,,,,,,,,,0,Units,1,One
DATAFLOW,OECD.ELS.HD:DSD_SHA@DF_SHA(1.1),Health expenditure and financing,I,CZE,Czechia,A,Annual,EXP_HEALTH,Expenditure,PT_B1GQ,Percentage of GDP,_T,Total,_Z,Not application,_T,Total,_T,Total,_T,Total,_Z,Not applicable,_Z,Not applicable,_Z,Not applicable,2013,,7.448,,,,,,,,,,,,0,Units,1,One
DATAFLOW,OECD.ELS.HD:DSD_SHA@DF_SHA(1.1),Health expenditure and financing,I,FRA,France,A,Annual,EXP_HEALTH,Expenditure,PT_B1GQ,Percentage of GDP,_T,Total,_Z,Not application,_T,Total,_T,Total,_T,Total,_Z,Not applicable,_Z,Not applicable,_Z,Not applicable,2000,,9.617,,,,,,,,,,,,0,Units,1,One
DATAFLOW,OECD.ELS.HD:DSD_SHA@DF_SHA(1.1),Health expenditure and financing,I,FRA,France,A,Annual,EXP_HEALTH,Expenditure,PT_B1GQ,Percentage of GDP,_T,Total,_Z,Not application,_T,Total,_T,Total,_T,Total,_Z,Not applicable,_Z,Not applicable,_Z,Not applicable,2001,,9.757,,,,,,,,,,,,0,Units,1,One
DATAFLOW,OECD.ELS.HD:DSD_SHA@DF_SHA(1.1),Health expenditure and financing,I,FRA,France,A,Annual,EXP_HEALTH,Expenditure,PT_B1GQ,Percentage of GDP,_T,Total,_Z,Not application,_T,Total,_T,Total,_T,Total,_Z,Not applicable,_Z,Not applicable,_Z,Not applicable,2002,,10.083,,,,,,,,,,,,0,Units,1,One
DATAFLOW,OECD.ELS.HD:DSD_SHA@DF_SHA(1.1),Health expenditure and financing,I,FRA,France,A,Annual,EXP_HEALTH,Expenditure,PT_B1GQ,Percentage of GDP,_T,Total,_Z,Not application,_T,Total,_T,Total,_T,Total,_Z,Not applicable,_Z,Not applicable,_Z,Not applicable,2004,,10.212,,,,,,,,,,,,0,Units,1,One
DATAFLOW,OECD.ELS.HD:DSD_SHA@DF_SHA(1.1),Health expenditure and financing,I,FRA,France,A,Annual,EXP_HEALTH,Expenditure,PT_B1GQ,Percentage of GDP,_T,Total,_Z,Not application,_T,Total,_T,Total,_T,Total,_Z,Not applicable,_Z,Not applicable,_Z,Not applicable,2005,,10.237,,,,,,,,,,,,0,Units,1,One
DATAFLOW,OECD.ELS.HD:DSD_SHA@DF_SHA(1.1),Health expenditure and financing,I,BEL,Belgium,A,Annual,EXP_HEALTH,Expenditure,PT_B1GQ,Percentage of GDP,_T,Total,_Z,Not application,_T,Total,_T,Total,_T,Total,_Z,Not applicable,_Z,Not applicable,_Z,Not applicable,2022,,10.801,,,,,,,,,,,,0,Units,1,One
DATAFLOW,OECD.ELS.HD:DSD_SHA@DF_SHA(1.1),Health expenditure and financing,I,BEL,Belgium,A,Annual,EXP_HEALTH,Expenditure,PT_B1GQ,Percentage of GDP,_T,Total,_Z,Not application,_T,Total,_T,Total,_T,Total,_Z,Not applicable,_Z,Not applicable,_Z,Not applicable,2023,,10.793,,,,,,,,,,,,0,Units,1,One
DATAFLOW,OECD.ELS.HD:DSD_SHA@DF_SHA(1.1),Health expenditure and financing,I,IRL,Ireland,A,Annual,EXP_HEALTH,Expenditure,PT_B1GQ,Percentage of GDP,_T,Total,_Z,Not application,_T,Total,_T,Total,_T,Total,_Z,Not applicable,_Z,Not applicable,_Z,Not applicable,2000,,5.899,,,,,,,,,,,,0,Units,1,One
DATAFLOW,OECD.ELS.HD:DSD_SHA@DF_SHA(1.1),Health expenditure and financing,I,IRL,Ireland,A,Annual,EXP_HEALTH,Expenditure,PT_B1GQ,Percentage of GDP,_T,Total,_Z,Not application,_T,Total,_T,Total,_T,Total,_Z,Not applicable,_Z,Not applicable,_Z,Not applicable,2001,,6.392,,,,,,,,,,,,0,Units,1,One
DATAFLOW,OECD.ELS.HD:DSD_SHA@DF_SHA(1.1),Health expenditure and financing,I,IRL,Ireland,A,Annual,EXP_HEALTH,Expenditure,PT_B1GQ,Percentage of GDP,_T,Total,_Z,Not application,_T,Total,_T,Total,_T,Total,_Z,Not applicable,_Z,Not applicable,_Z,Not applicable,2002,,6.673,,,,,,,,,,,,0,Units,1,One
DATAFLOW,OECD.ELS.HD:DSD_SHA@DF_SHA(1.1),Health expenditure and financing,I,IRL,Ireland,A,Annual,EXP_HEALTH,Expenditure,PT_B1GQ,Percentage of GDP,_T,Total,_Z,Not application,_T,Total,_T,Total,_T,Total,_Z,Not applicable,_Z,Not applicable,_Z,Not applicable,2003,,7.008,,,,,,,,,,,,0,Units,1,One
DATAFLOW,OECD.ELS.HD:DSD_SHA@DF_SHA(1.1),Health expenditure and financing,I,IRL,Ireland,A,Annual,EXP_HEALTH,Expenditure,PT_B1GQ,Percentage of GDP,_T,Total,_Z,Not application,_T,Total,_T,Total,_T,Total,_Z,Not applicable,_Z,Not applicable,_Z,Not applicable,2004,,7.22,,,,,,,,,,,,0,Units,1,One
DATAFLOW,OECD.ELS.HD:DSD_SHA@DF_SHA(1.1),Health expenditure and financing,I,IRL,Ireland,A,Annual,EXP_HEALTH,Expenditure,PT_B1GQ,Percentage of GDP,_T,Total,_Z,Not application,_T,Total,_T,Total,_T,Total,_Z,Not applicable,_Z,Not applicable,_Z,Not applicable,2005,,7.642,,,,,,,,,,,,0,Units,1,One
DATAFLOW,OECD.ELS.HD:DSD_SHA@DF_SHA(1.1),Health expenditure and financing,I,IRL,Ireland,A,Annual,EXP_HEALTH,Expenditure,PT_B1GQ,Percentage of GDP,_T,Total,_Z,Not application,_T,Total,_T,Total,_T,Total,_Z,Not applicable,_Z,Not applicable,_Z,Not applicable,2006,,7.516,,,,,,,,,,,,0,Units,1,One
DATAFLOW,OECD.ELS.HD:DSD_SHA@DF_SHA(1.1),Health expenditure and financing,I,IRL,Ireland,A,Annual,EXP_HEALTH,Expenditure,PT_B1GQ,Percentage of GDP,_T,Total,_Z,Not application,_T,Total,_T,Total,_T,Total,_Z,Not applicable,_Z,Not applicable,_Z,Not applicable,2007,,7.808,,,,,,,,,,,,0,Units,1,One
DATAFLOW,OECD.ELS.HD:DSD_SHA@DF_SHA(1.1),Health expenditure and financing,I,IRL,Ireland,A,Annual,EXP_HEALTH,Expenditure,PT_B1GQ,Percentage of GDP,_T,Total,_Z,Not application,_T,Total,_T,Total,_T,Total,_Z,Not applicable,_Z,Not applicable,_Z,Not applicable,2008,,9.126,,,,,,,,,,,,0,Units,1,One
DATAFLOW,OECD.ELS.HD:DSD_SHA@DF_SHA(1.1),Health expenditure and financing,I,IRL,Ireland,A,Annual,EXP_HEALTH,Expenditure,PT_B1GQ,Percentage of GDP,_T,Total,_Z,Not application,_T,Total,_T,Total,_T,Total,_Z,Not applicable,_Z,Not applicable,_Z,Not applicable,2009,,10.523,,,,,,,,,,,,0,Units,1,One
DATAFLOW,OECD.ELS.HD:DSD_SHA@DF_SHA(1.1),Health expenditure and financing,I,IRL,Ireland,A,Annual,EXP_HEALTH,Expenditure,PT_B1GQ,Percentage of GDP,_T,Total,_Z,Not application,_T,Total,_T,Total,_T,Total,_Z,Not applicable,_Z,Not applicable,_Z,Not applicable,2010,,10.533,,,,,,,,,,,,0,Units,1,One
DATAFLOW,OECD.ELS.HD:DSD_SHA@DF_SHA(1.1),Health expenditure and financing,I,IRL,Ireland,A,Annual,EXP_HEALTH,Expenditure,PT_B1GQ,Percentage of GDP,_T,Total,_Z,Not application,_T,Total,_T,Total,_T,Total,_Z,Not applicable,_Z,Not applicable,_Z,Not applicable,2011,,10.502,,,,,,,,,,,,0,Units,1,One
DATAFLOW,OECD.ELS.HD:DSD_SHA@DF_SHA(1.1),Health expenditure and financing,I,IRL,Ireland,A,Annual,EXP_HEALTH,Expenditure,PT_B1GQ,Percentage of GDP,_T,Total,_Z,Not application,_T,Total,_T,Total,_T,Total,_Z,Not applicable,_Z,Not applicable,_Z,Not applicable,2012,,10.484,,,,,,,,,,,,0,Units,1,One
DATAFLOW,OECD.ELS.HD:DSD_SHA@DF_SHA(1.1),Health expenditure and financing,I,IRL,Ireland,A,Annual,EXP_HEALTH,Expenditure,PT_B1GQ,Percentage of GDP,_T,Total,_Z,Not application,_T,Total,_T,Total,_T,Total,_Z,Not applicable,_Z,Not applicable,_Z,Not applicable,2013,,10.013,,,,,,,,,,,,0,Units,1,One
DATAFLOW,OECD.ELS.HD:DSD_SHA@DF_SHA(1.1),Health expenditure and financing,I,IRL,Ireland,A,Annual,EXP_HEALTH,Expenditure,PT_B1GQ,Percentage of GDP,_T,Total,_Z,Not application,_T,Total,_T,Total,_T,Total,_Z,Not applicable,_Z,Not applicable,_Z,Not applicable,2014,,9.266,,,,,,,,,,,,0,Units,1,One
DATAFLOW,OECD.ELS.HD:DSD_SHA@DF_SHA(1.1),Health expenditure and financing,I,IRL,Ireland,A,Annual,EXP_HEALTH,Expenditure,PT_B1GQ,Percentage of GDP,_T,Total,_Z,Not application,_T,Total,_T,Total,_T,Total,_Z,Not applicable,_Z,Not applicable,_Z,Not applicable,2015,,7.076,,,,,,,,,,,,0,Units,1,One
DATAFLOW,OECD.ELS.HD:DSD_SHA@DF_SHA(1.1),Health expenditure and financing,I,IRL,Ireland,A,Annual,EXP_HEALTH,Expenditure,PT_B1GQ,Percentage of GDP,_T,Total,_Z,Not application,_T,Total,_T,Total,_T,Total,_Z,Not applicable,_Z,Not applicable,_Z,Not applicable,2016,,7.33,,,,,,,,,,,,0,Units,1,One
DATAFLOW,OECD.ELS.HD:DSD_SHA@DF_SHA(1.1),Health expenditure and financing,I,IRL,Ireland,A,Annual,EXP_HEALTH,Expenditure,PT_B1GQ,Percentage of GDP,_T,Total,_Z,Not application,_T,Total,_T,Total,_T,Total,_Z,Not applicable,_Z,Not applicable,_Z,Not applicable,2017,,6.9,,,,,,,,,,,,0,Units,1,One
DATAFLOW,OECD.ELS.HD:DSD_SHA@DF_SHA(1.1),Health expenditure and financing,I,IRL,Ireland,A,Annual,EXP_HEALTH,Expenditure,PT_B1GQ,Percentage of GDP,_T,Total,_Z,Not application,_T,Total,_T,Total,_T,Total,_Z,Not applicable,_Z,Not applicable,_Z,Not applicable,2018,,6.714,,,,,,,,,,,,0,Units,1,One
DATAFLOW,OECD.ELS.HD:DSD_SHA@DF_SHA(1.1),Health expenditure and financing,I,IRL,Ireland,A,Annual,EXP_HEALTH,Expenditure,PT_B1GQ,Percentage of GDP,_T,Total,_Z,Not application,_T,Total,_T,Total,_T,Total,_Z,Not applicable,_Z,Not applicable,_Z,Not applicable,2019,,6.558,,,,,,,,,,,,0,Units,1,One
DATAFLOW,OECD.ELS.HD:DSD_SHA@DF_SHA(1.1),Health expenditure and financing,I,IRL,Ireland,A,Annual,EXP_HEALTH,Expenditure,PT_B1GQ,Percentage of GDP,_T,Total,_Z,Not application,_T,Total,_T,Total,_T,Total,_Z,Not applicable,_Z,Not applicable,_Z,Not applicable,2020,,6.94,,,,,,,,,,,,0,Units,1,One
DATAFLOW,OECD.ELS.HD:DSD_SHA@DF_SHA(1.1),Health expenditure and financing,I,IRL,Ireland,A,Annual,EXP_HEALTH,Expenditure,PT_B1GQ,Percentage of GDP,_T,Total,_Z,Not application,_T,Total,_T,Total,_T,Total,_Z,Not applicable,_Z,Not applicable,_Z,Not applicable,2021,,6.419,,,,,,,,,,,,0,Units,1,One
DATAFLOW,OECD.ELS.HD:DSD_SHA@DF_SHA(1.1),Health expenditure and financing,I,IRL,Ireland,A,Annual,EXP_HEALTH,Expenditure,PT_B1GQ,Percentage of GDP,_T,Total,_Z,Not application,_T,Total,_T,Total,_T,Total,_Z,Not applicable,_Z,Not applicable,_Z,Not applicable,2022,,5.95,,,,,,,,,,,,0,Units,1,One
DATAFLOW,OECD.ELS.HD:DSD_SHA@DF_SHA(1.1),Health expenditure and financing,I,IRL,Ireland,A,Annual,EXP_HEALTH,Expenditure,PT_B1GQ,Percentage of GDP,_T,Total,_Z,Not application,_T,Total,_T,Total,_T,Total,_Z,Not applicable,_Z,Not applicable,_Z,Not applicable,2023,,6.341,,,,,,,,,,,,0,Units,1,One
DATAFLOW,OECD.ELS.HD:DSD_SHA@DF_SHA(1.1),Health expenditure and financing,I,ISR,Israel,A,Annual,EXP_HEALTH,Expenditure,PT_B1GQ,Percentage of GDP,_T,Total,_Z,Not application,_T,Total,_T,Total,_T,Total,_Z,Not applicable,_Z,Not applicable,_Z,Not applicable,2006,,6.708,,,,,,B,Time series break,,,,,0,Units,1,One
DATAFLOW,OECD.ELS.HD:DSD_SHA@DF_SHA(1.1),Health expenditure and financing,I,ITA,Italy,A,Annual,EXP_HEALTH,Expenditure,PT_B1GQ,Percentage of GDP,_T,Total,_Z,Not application,_T,Total,_T,Total,_T,Total,_Z,Not applicable,_Z,Not applicable,_Z,Not applicable,2012,,8.798,,,,,,B,Time series break,,,,,0,Units,1,One
DATAFLOW,OECD.ELS.HD:DSD_SHA@DF_SHA(1.1),Health expenditure and financing,I,FRA,France,A,Annual,EXP_HEALTH,Expenditure,PT_B1GQ,Percentage of GDP,_T,Total,_Z,Not application,_T,Total,_T,Total,_T,Total,_Z,Not applicable,_Z,Not applicable,_Z,Not applicable,2003,,10.135,,,,,,B,Time series break,,,,,0,Units,1,One
DATAFLOW,OECD.ELS.HD:DSD_SHA@DF_SHA(1.1),Health expenditure and financing,I,ISR,Israel,A,Annual,EXP_HEALTH,Expenditure,PT_B1GQ,Percentage of GDP,_T,Total,_Z,Not application,_T,Total,_T,Total,_T,Total,_Z,Not applicable,_Z,Not applicable,_Z,Not applicable,2023,,7.081,,,,,,D,Definition differs,P,Provisional value,,,0,Units,1,One
DATAFLOW,OECD.ELS.HD:DSD_SHA@DF_SHA(1.1),Health expenditure and financing,I,CHL,Chile,A,Annual,EXP_HEALTH,Expenditure,PT_B1GQ,Percentage of GDP,_T,Total,_Z,Not application,_T,Total,_T,Total,_T,Total,_Z,Not applicable,_Z,Not applicable,_Z,Not applicable,2015,,8.351,,,,,,,,,,,,0,Units,1,One
DATAFLOW,OECD.ELS.HD:DSD_SHA@DF_SHA(1.1),Health expenditure and financing,I,CHL,Chile,A,Annual,EXP_HEALTH,Expenditure,PT_B1GQ,Percentage of GDP,_T,Total,_Z,Not application,_T,Total,_T,Total,_T,Total,_Z,Not applicable,_Z,Not applicable,_Z,Not applicable,2009,,7.25,,,,,,,,,,,,0,Units,1,One
DATAFLOW,OECD.ELS.HD:DSD_SHA@DF_SHA(1.1),Health expenditure and financing,I,CHL,Chile,A,Annual,EXP_HEALTH,Expenditure,PT_B1GQ,Percentage of GDP,_T,Total,_Z,Not application,_T,Total,_T,Total,_T,Total,_Z,Not applicable,_Z,Not applicable,_Z,Not applicable,2000,,7,,,,,,,,,,,,0,Units,1,One
DATAFLOW,OECD.ELS.HD:DSD_SHA@DF_SHA(1.1),Health expenditure and financing,I,CHL,Chile,A,Annual,EXP_HEALTH,Expenditure,PT_B1GQ,Percentage of GDP,_T,Total,_Z,Not application,_T,Total,_T,Total,_T,Total,_Z,Not applicable,_Z,Not applicable,_Z,Not applicable,2001,,7.097,,,,,,,,,,,,0,Units,1,One
DATAFLOW,OECD.ELS.HD:DSD_SHA@DF_SHA(1.1),Health expenditure and financing,I,CHL,Chile,A,Annual,EXP_HEALTH,Expenditure,PT_B1GQ,Percentage of GDP,_T,Total,_Z,Not application,_T,Total,_T,Total,_T,Total,_Z,Not applicable,_Z,Not applicable,_Z,Not applicable,2002,,7.208,,,,,,,,,,,,0,Units,1,One
DATAFLOW,OECD.ELS.HD:DSD_SHA@DF_SHA(1.1),Health expenditure and financing,I,CHL,Chile,A,Annual,EXP_HEALTH,Expenditure,PT_B1GQ,Percentage of GDP,_T,Total,_Z,Not application,_T,Total,_T,Total,_T,Total,_Z,Not applicable,_Z,Not applicable,_Z,Not applicable,2003,,7.25,,,,,,,,,,,,0,Units,1,One
DATAFLOW,OECD.ELS.HD:DSD_SHA@DF_SHA(1.1),Health expenditure and financing,I,CHL,Chile,A,Annual,EXP_HEALTH,Expenditure,PT_B1GQ,Percentage of GDP,_T,Total,_Z,Not application,_T,Total,_T,Total,_T,Total,_Z,Not applicable,_Z,Not applicable,_Z,Not applicable,2004,,6.91,,,,,,,,,,,,0,Units,1,One
DATAFLOW,OECD.ELS.HD:DSD_SHA@DF_SHA(1.1),Health expenditure and financing,I,CHL,Chile,A,Annual,EXP_HEALTH,Expenditure,PT_B1GQ,Percentage of GDP,_T,Total,_Z,Not application,_T,Total,_T,Total,_T,Total,_Z,Not applicable,_Z,Not applicable,_Z,Not applicable,2005,,6.624,,,,,,,,,,,,0,Units,1,One
DATAFLOW,OECD.ELS.HD:DSD_SHA@DF_SHA(1.1),Health expenditure and financing,I,CHL,Chile,A,Annual,EXP_HEALTH,Expenditure,PT_B1GQ,Percentage of GDP,_T,Total,_Z,Not application,_T,Total,_T,Total,_T,Total,_Z,Not applicable,_Z,Not applicable,_Z,Not applicable,2006,,6.072,,,,,,,,,,,,0,Units,1,One
DATAFLOW,OECD.ELS.HD:DSD_SHA@DF_SHA(1.1),Health expenditure and financing,I,CHL,Chile,A,Annual,EXP_HEALTH,Expenditure,PT_B1GQ,Percentage of GDP,_T,Total,_Z,Not application,_T,Total,_T,Total,_T,Total,_Z,Not applicable,_Z,Not applicable,_Z,Not applicable,2007,,6.213,,,,,,,,,,,,0,Units,1,One
DATAFLOW,OECD.ELS.HD:DSD_SHA@DF_SHA(1.1),Health expenditure and financing,I,CHL,Chile,A,Annual,EXP_HEALTH,Expenditure,PT_B1GQ,Percentage of GDP,_T,Total,_Z,Not application,_T,Total,_T,Total,_T,Total,_Z,Not applicable,_Z,Not applicable,_Z,Not applicable,2008,,6.74,,,,,,,,,,,,0,Units,1,One
DATAFLOW,OECD.ELS.HD:DSD_SHA@DF_SHA(1.1),Health expenditure and financing,I,CHL,Chile,A,Annual,EXP_HEALTH,Expenditure,PT_B1GQ,Percentage of GDP,_T,Total,_Z,Not application,_T,Total,_T,Total,_T,Total,_Z,Not applicable,_Z,Not applicable,_Z,Not applicable,2010,,6.82,,,,,,,,,,,,0,Units,1,One
DATAFLOW,OECD.ELS.HD:DSD_SHA@DF_SHA(1.1),Health expenditure and financing,I,CHL,Chile,A,Annual,EXP_HEALTH,Expenditure,PT_B1GQ,Percentage of GDP,_T,Total,_Z,Not application,_T,Total,_T,Total,_T,Total,_Z,Not applicable,_Z,Not applicable,_Z,Not applicable,2011,,6.799,,,,,,,,,,,,0,Units,1,One
DATAFLOW,OECD.ELS.HD:DSD_SHA@DF_SHA(1.1),Health expenditure and financing,I,CHL,Chile,A,Annual,EXP_HEALTH,Expenditure,PT_B1GQ,Percentage of GDP,_T,Total,_Z,Not application,_T,Total,_T,Total,_T,Total,_Z,Not applicable,_Z,Not applicable,_Z,Not applicable,2012,,7.02,,,,,,,,,,,,0,Units,1,One
DATAFLOW,OECD.ELS.HD:DSD_SHA@DF_SHA(1.1),Health expenditure and financing,I,CHL,Chile,A,Annual,EXP_HEALTH,Expenditure,PT_B1GQ,Percentage of GDP,_T,Total,_Z,Not application,_T,Total,_T,Total,_T,Total,_Z,Not applicable,_Z,Not applicable,_Z,Not applicable,2013,,7.476,,,,,,,,,,,,0,Units,1,One
DATAFLOW,OECD.ELS.HD:DSD_SHA@DF_SHA(1.1),Health expenditure and financing,I,CHL,Chile,A,Annual,EXP_HEALTH,Expenditure,PT_B1GQ,Percentage of GDP,_T,Total,_Z,Not application,_T,Total,_T,Total,_T,Total,_Z,Not applicable,_Z,Not applicable,_Z,Not applicable,2014,,7.842,,,,,,,,,,,,0,Units,1,One
DATAFLOW,OECD.ELS.HD:DSD_SHA@DF_SHA(1.1),Health expenditure and financing,I,CHL,Chile,A,Annual,EXP_HEALTH,Expenditure,PT_B1GQ,Percentage of GDP,_T,Total,_Z,Not application,_T,Total,_T,Total,_T,Total,_Z,Not applicable,_Z,Not applicable,_Z,Not applicable,2016,,8.558,,,,,,,,,,,,0,Units,1,One
DATAFLOW,OECD.ELS.HD:DSD_SHA@DF_SHA(1.1),Health expenditure and financing,I,CHL,Chile,A,Annual,EXP_HEALTH,Expenditure,PT_B1GQ,Percentage of GDP,_T,Total,_Z,Not application,_T,Total,_T,Total,_T,Total,_Z,Not applicable,_Z,Not applicable,_Z,Not applicable,2017,,9.091,,,,,,,,,,,,0,Units,1,One
DATAFLOW,OECD.ELS.HD:DSD_SHA@DF_SHA(1.1),Health expenditure and financing,I,GRC,Greece,A,Annual,EXP_HEALTH,Expenditure,PT_B1GQ,Percentage of GDP,_T,Total,_Z,Not application,_T,Total,_T,Total,_T,Total,_Z,Not applicable,_Z,Not applicable,_Z,Not applicable,2003,,8.683,,,,,,B,Time series break,,,,,0,Units,1,One
DATAFLOW,OECD.ELS.HD:DSD_SHA@DF_SHA(1.1),Health expenditure and financing,I,CZE,Czechia,A,Annual,EXP_HEALTH,Expenditure,PT_B1GQ,Percentage of GDP,_T,Total,_Z,Not application,_T,Total,_T,Total,_T,Total,_Z,Not applicable,_Z,Not applicable,_Z,Not applicable,2003,,6.502,,,,,,B,Time series break,,,,,0,Units,1,One
DATAFLOW,OECD.ELS.HD:DSD_SHA@DF_SHA(1.1),Health expenditure and financing,I,LUX,Luxembourg,A,Annual,EXP_HEALTH,Expenditure,PT_B1GQ,Percentage of GDP,_T,Total,_Z,Not application,_T,Total,_T,Total,_T,Total,_Z,Not applicable,_Z,Not applicable,_Z,Not applicable,2000,,5.925,,,,,,B,Time series break,,,,,0,Units,1,One
DATAFLOW,OECD.ELS.HD:DSD_SHA@DF_SHA(1.1),Health expenditure and financing,I,ISL,Iceland,A,Annual,EXP_HEALTH,Expenditure,PT_B1GQ,Percentage of GDP,_T,Total,_Z,Not application,_T,Total,_T,Total,_T,Total,_Z,Not applicable,_Z,Not applicable,_Z,Not applicable,2000,,8.788,,,,,,B,Time series break,,,,,0,Units,1,One
DATAFLOW,OECD.ELS.HD:DSD_SHA@DF_SHA(1.1),Health expenditure and financing,I,CZE,Czechia,A,Annual,EXP_HEALTH,Expenditure,PT_B1GQ,Percentage of GDP,_T,Total,_Z,Not application,_T,Total,_T,Total,_T,Total,_Z,Not applicable,_Z,Not applicable,_Z,Not applicable,2000,,5.669,,,,,,B,Time series break,,,,,0,Units,1,One
DATAFLOW,OECD.ELS.HD:DSD_SHA@DF_SHA(1.1),Health expenditure and financing,I,CHL,Chile,A,Annual,EXP_HEALTH,Expenditure,PT_B1GQ,Percentage of GDP,_T,Total,_Z,Not application,_T,Total,_T,Total,_T,Total,_Z,Not applicable,_Z,Not applicable,_Z,Not applicable,2023,,10.297,,,,,,,,,,,,0,Units,1,One
DATAFLOW,OECD.ELS.HD:DSD_SHA@DF_SHA(1.1),Health expenditure and financing,I,CHL,Chile,A,Annual,EXP_HEALTH,Expenditure,PT_B1GQ,Percentage of GDP,_T,Total,_Z,Not application,_T,Total,_T,Total,_T,Total,_Z,Not applicable,_Z,Not applicable,_Z,Not applicable,2021,,9.719,,,,,,,,,,,,0,Units,1,One
DATAFLOW,OECD.ELS.HD:DSD_SHA@DF_SHA(1.1),Health expenditure and financing,I,CHL,Chile,A,Annual,EXP_HEALTH,Expenditure,PT_B1GQ,Percentage of GDP,_T,Total,_Z,Not application,_T,Total,_T,Total,_T,Total,_Z,Not applicable,_Z,Not applicable,_Z,Not applicable,2020,,9.697,,,,,,,,,,,,0,Units,1,One
DATAFLOW,OECD.ELS.HD:DSD_SHA@DF_SHA(1.1),Health expenditure and financing,I,CHL,Chile,A,Annual,EXP_HEALTH,Expenditure,PT_B1GQ,Percentage of GDP,_T,Total,_Z,Not application,_T,Total,_T,Total,_T,Total,_Z,Not applicable,_Z,Not applicable,_Z,Not applicable,2022,,10.01,,,,,,,,,,,,0,Units,1,One
DATAFLOW,OECD.ELS.HD:DSD_SHA@DF_SHA(1.1),Health expenditure and financing,I,CHL,Chile,A,Annual,EXP_HEALTH,Expenditure,PT_B1GQ,Percentage of GDP,_T,Total,_Z,Not application,_T,Total,_T,Total,_T,Total,_Z,Not applicable,_Z,Not applicable,_Z,Not applicable,2018,,9.15,,,,,,,,,,,,0,Units,1,One
DATAFLOW,OECD.ELS.HD:DSD_SHA@DF_SHA(1.1),Health expenditure and financing,I,CHL,Chile,A,Annual,EXP_HEALTH,Expenditure,PT_B1GQ,Percentage of GDP,_T,Total,_Z,Not application,_T,Total,_T,Total,_T,Total,_Z,Not applicable,_Z,Not applicable,_Z,Not applicable,2019,,9.334,,,,,,,,,,,,0,Units,1,One
DATAFLOW,OECD.ELS.HD:DSD_SHA@DF_SHA(1.1),Health expenditure and financing,I,HUN,Hungary,A,Annual,EXP_HEALTH,Expenditure,PT_B1GQ,Percentage of GDP,_T,Total,_Z,Not application,_T,Total,_T,Total,_T,Total,_Z,Not applicable,_Z,Not applicable,_Z,Not applicable,2023,,6.402,,,,,,,,,,,,0,Units,1,One
DATAFLOW,OECD.ELS.HD:DSD_SHA@DF_SHA(1.1),Health expenditure and financing,I,BEL,Belgium,A,Annual,EXP_HEALTH,Expenditure,PT_B1GQ,Percentage of GDP,_T,Total,_Z,Not application,_T,Total,_T,Total,_T,Total,_Z,Not applicable,_Z,Not applicable,_Z,Not applicable,2018,,10.984,,,,,,,,,,,,0,Units,1,One
DATAFLOW,OECD.ELS.HD:DSD_SHA@DF_SHA(1.1),Health expenditure and financing,I,BEL,Belgium,A,Annual,EXP_HEALTH,Expenditure,PT_B1GQ,Percentage of GDP,_T,Total,_Z,Not application,_T,Total,_T,Total,_T,Total,_Z,Not applicable,_Z,Not applicable,_Z,Not applicable,2019,,10.847,,,,,,,,,,,,0,Units,1,One
DATAFLOW,OECD.ELS.HD:DSD_SHA@DF_SHA(1.1),Health expenditure and financing,I,ISL,Iceland,A,Annual,EXP_HEALTH,Expenditure,PT_B1GQ,Percentage of GDP,_T,Total,_Z,Not application,_T,Total,_T,Total,_T,Total,_Z,Not applicable,_Z,Not applicable,_Z,Not applicable,2002,,9.306,,,,,,,,,,,,0,Units,1,One
DATAFLOW,OECD.ELS.HD:DSD_SHA@DF_SHA(1.1),Health expenditure and financing,I,ISL,Iceland,A,Annual,EXP_HEALTH,Expenditure,PT_B1GQ,Percentage of GDP,_T,Total,_Z,Not application,_T,Total,_T,Total,_T,Total,_Z,Not applicable,_Z,Not applicable,_Z,Not applicable,2001,,8.66,,,,,,,,,,,,0,Units,1,One
DATAFLOW,OECD.ELS.HD:DSD_SHA@DF_SHA(1.1),Health expenditure and financing,I,CZE,Czechia,A,Annual,EXP_HEALTH,Expenditure,PT_B1GQ,Percentage of GDP,_T,Total,_Z,Not application,_T,Total,_T,Total,_T,Total,_Z,Not applicable,_Z,Not applicable,_Z,Not applicable,2004,,6.333,,,,,,,,,,,,0,Units,1,One
DATAFLOW,OECD.ELS.HD:DSD_SHA@DF_SHA(1.1),Health expenditure and financing,I,CZE,Czechia,A,Annual,EXP_HEALTH,Expenditure,PT_B1GQ,Percentage of GDP,_T,Total,_Z,Not application,_T,Total,_T,Total,_T,Total,_Z,Not applicable,_Z,Not applicable,_Z,Not applicable,2001,,5.835,,,,,,,,,,,,0,Units,1,One
DATAFLOW,OECD.ELS.HD:DSD_SHA@DF_SHA(1.1),Health expenditure and financing,I,CZE,Czechia,A,Annual,EXP_HEALTH,Expenditure,PT_B1GQ,Percentage of GDP,_T,Total,_Z,Not application,_T,Total,_T,Total,_T,Total,_Z,Not applicable,_Z,Not applicable,_Z,Not applicable,2002,,6.147,,,,,,,,,,,,0,Units,1,One
DATAFLOW,OECD.ELS.HD:DSD_SHA@DF_SHA(1.1),Health expenditure and financing,I,CZE,Czechia,A,Annual,EXP_HEALTH,Expenditure,PT_B1GQ,Percentage of GDP,_T,Total,_Z,Not application,_T,Total,_T,Total,_T,Total,_Z,Not applicable,_Z,Not applicable,_Z,Not applicable,2005,,6.335,,,,,,,,,,,,0,Units,1,One
DATAFLOW,OECD.ELS.HD:DSD_SHA@DF_SHA(1.1),Health expenditure and financing,I,COL,Colombia,A,Annual,EXP_HEALTH,Expenditure,PT_B1GQ,Percentage of GDP,_T,Total,_Z,Not application,_T,Total,_T,Total,_T,Total,_Z,Not applicable,_Z,Not applicable,_Z,Not applicable,2000,,5.635,,,,,,,,,,,,0,Units,1,One
DATAFLOW,OECD.ELS.HD:DSD_SHA@DF_SHA(1.1),Health expenditure and financing,I,COL,Colombia,A,Annual,EXP_HEALTH,Expenditure,PT_B1GQ,Percentage of GDP,_T,Total,_Z,Not application,_T,Total,_T,Total,_T,Total,_Z,Not applicable,_Z,Not applicable,_Z,Not applicable,2001,,5.942,,,,,,,,,,,,0,Units,1,One
DATAFLOW,OECD.ELS.HD:DSD_SHA@DF_SHA(1.1),Health expenditure and financing,I,COL,Colombia,A,Annual,EXP_HEALTH,Expenditure,PT_B1GQ,Percentage of GDP,_T,Total,_Z,Not application,_T,Total,_T,Total,_T,Total,_Z,Not applicable,_Z,Not applicable,_Z,Not applicable,2002,,5.733,,,,,,,,,,,,0,Units,1,One
DATAFLOW,OECD.ELS.HD:DSD_SHA@DF_SHA(1.1),Health expenditure and financing,I,COL,Colombia,A,Annual,EXP_HEALTH,Expenditure,PT_B1GQ,Percentage of GDP,_T,Total,_Z,Not application,_T,Total,_T,Total,_T,Total,_Z,Not applicable,_Z,Not applicable,_Z,Not applicable,2003,,5.775,,,,,,,,,,,,0,Units,1,One
DATAFLOW,OECD.ELS.HD:DSD_SHA@DF_SHA(1.1),Health expenditure and financing,I,COL,Colombia,A,Annual,EXP_HEALTH,Expenditure,PT_B1GQ,Percentage of GDP,_T,Total,_Z,Not application,_T,Total,_T,Total,_T,Total,_Z,Not applicable,_Z,Not applicable,_Z,Not applicable,2004,,5.799,,,,,,,,,,,,0,Units,1,One
DATAFLOW,OECD.ELS.HD:DSD_SHA@DF_SHA(1.1),Health expenditure and financing,I,COL,Colombia,A,Annual,EXP_HEALTH,Expenditure,PT_B1GQ,Percentage of GDP,_T,Total,_Z,Not application,_T,Total,_T,Total,_T,Total,_Z,Not applicable,_Z,Not applicable,_Z,Not applicable,2005,,6.067,,,,,,,,,,,,0,Units,1,One
DATAFLOW,OECD.ELS.HD:DSD_SHA@DF_SHA(1.1),Health expenditure and financing,I,COL,Colombia,A,Annual,EXP_HEALTH,Expenditure,PT_B1GQ,Percentage of GDP,_T,Total,_Z,Not application,_T,Total,_T,Total,_T,Total,_Z,Not applicable,_Z,Not applicable,_Z,Not applicable,2006,,6.336,,,,,,,,,,,,0,Units,1,One
DATAFLOW,OECD.ELS.HD:DSD_SHA@DF_SHA(1.1),Health expenditure and financing,I,COL,Colombia,A,Annual,EXP_HEALTH,Expenditure,PT_B1GQ,Percentage of GDP,_T,Total,_Z,Not application,_T,Total,_T,Total,_T,Total,_Z,Not applicable,_Z,Not applicable,_Z,Not applicable,2007,,6.491,,,,,,,,,,,,0,Units,1,One
DATAFLOW,OECD.ELS.HD:DSD_SHA@DF_SHA(1.1),Health expenditure and financing,I,COL,Colombia,A,Annual,EXP_HEALTH,Expenditure,PT_B1GQ,Percentage of GDP,_T,Total,_Z,Not application,_T,Total,_T,Total,_T,Total,_Z,Not applicable,_Z,Not applicable,_Z,Not applicable,2008,,6.842,,,,,,,,,,,,0,Units,1,One
DATAFLOW,OECD.ELS.HD:DSD_SHA@DF_SHA(1.1),Health expenditure and financing,I,COL,Colombia,A,Annual,EXP_HEALTH,Expenditure,PT_B1GQ,Percentage of GDP,_T,Total,_Z,Not application,_T,Total,_T,Total,_T,Total,_Z,Not applicable,_Z,Not applicable,_Z,Not applicable,2009,,7.311,,,,,,,,,,,,0,Units,1,One
DATAFLOW,OECD.ELS.HD:DSD_SHA@DF_SHA(1.1),Health expenditure and financing,I,COL,Colombia,A,Annual,EXP_HEALTH,Expenditure,PT_B1GQ,Percentage of GDP,_T,Total,_Z,Not application,_T,Total,_T,Total,_T,Total,_Z,Not applicable,_Z,Not applicable,_Z,Not applicable,2010,,7.071,,,,,,,,,,,,0,Units,1,One
DATAFLOW,OECD.ELS.HD:DSD_SHA@DF_SHA(1.1),Health expenditure and financing,I,COL,Colombia,A,Annual,EXP_HEALTH,Expenditure,PT_B1GQ,Percentage of GDP,_T,Total,_Z,Not application,_T,Total,_T,Total,_T,Total,_Z,Not applicable,_Z,Not applicable,_Z,Not applicable,2011,,6.781,,,,,,,,,,,,0,Units,1,One
DATAFLOW,OECD.ELS.HD:DSD_SHA@DF_SHA(1.1),Health expenditure and financing,I,COL,Colombia,A,Annual,EXP_HEALTH,Expenditure,PT_B1GQ,Percentage of GDP,_T,Total,_Z,Not application,_T,Total,_T,Total,_T,Total,_Z,Not applicable,_Z,Not applicable,_Z,Not applicable,2012,,6.746,,,,,,,,,,,,0,Units,1,One
DATAFLOW,OECD.ELS.HD:DSD_SHA@DF_SHA(1.1),Health expenditure and financing,I,GRC,Greece,A,Annual,EXP_HEALTH,Expenditure,PT_B1GQ,Percentage of GDP,_T,Total,_Z,Not application,_T,Total,_T,Total,_T,Total,_Z,Not applicable,_Z,Not applicable,_Z,Not applicable,2000,,7.514,,,,,,,,,,,,0,Units,1,One
DATAFLOW,OECD.ELS.HD:DSD_SHA@DF_SHA(1.1),Health expenditure and financing,I,GRC,Greece,A,Annual,EXP_HEALTH,Expenditure,PT_B1GQ,Percentage of GDP,_T,Total,_Z,Not application,_T,Total,_T,Total,_T,Total,_Z,Not applicable,_Z,Not applicable,_Z,Not applicable,2001,,8.245,,,,,,,,,,,,0,Units,1,One
DATAFLOW,OECD.ELS.HD:DSD_SHA@DF_SHA(1.1),Health expenditure and financing,I,GRC,Greece,A,Annual,EXP_HEALTH,Expenditure,PT_B1GQ,Percentage of GDP,_T,Total,_Z,Not application,_T,Total,_T,Total,_T,Total,_Z,Not applicable,_Z,Not applicable,_Z,Not applicable,2002,,8.47,,,,,,,,,,,,0,Units,1,One
DATAFLOW,OECD.ELS.HD:DSD_SHA@DF_SHA(1.1),Health expenditure and financing,I,GRC,Greece,A,Annual,EXP_HEALTH,Expenditure,PT_B1GQ,Percentage of GDP,_T,Total,_Z,Not application,_T,Total,_T,Total,_T,Total,_Z,Not applicable,_Z,Not applicable,_Z,Not applicable,2004,,8.3,,,,,,,,,,,,0,Units,1,One
DATAFLOW,OECD.ELS.HD:DSD_SHA@DF_SHA(1.1),Health expenditure and financing,I,NLD,Netherlands,A,Annual,EXP_HEALTH,Expenditure,PT_B1GQ,Percentage of GDP,_T,Total,_Z,Not application,_T,Total,_T,Total,_T,Total,_Z,Not applicable,_Z,Not applicable,_Z,Not applicable,2009,,9.908,,,,,,,,,,,,0,Units,1,One
DATAFLOW,OECD.ELS.HD:DSD_SHA@DF_SHA(1.1),Health expenditure and financing,I,NLD,Netherlands,A,Annual,EXP_HEALTH,Expenditure,PT_B1GQ,Percentage of GDP,_T,Total,_Z,Not application,_T,Total,_T,Total,_T,Total,_Z,Not applicable,_Z,Not applicable,_Z,Not applicable,2008,,9.218,,,,,,,,,,,,0,Units,1,One
DATAFLOW,OECD.ELS.HD:DSD_SHA@DF_SHA(1.1),Health expenditure and financing,I,FIN,Finland,A,Annual,EXP_HEALTH,Expenditure,PT_B1GQ,Percentage of GDP,_T,Total,_Z,Not application,_T,Total,_T,Total,_T,Total,_Z,Not applicable,_Z,Not applicable,_Z,Not applicable,2000,,7.095,,,,,,,,,,,,0,Units,1,One
DATAFLOW,OECD.ELS.HD:DSD_SHA@DF_SHA(1.1),Health expenditure and financing,I,LUX,Luxembourg,A,Annual,EXP_HEALTH,Expenditure,PT_B1GQ,Percentage of GDP,_T,Total,_Z,Not application,_T,Total,_T,Total,_T,Total,_Z,Not applicable,_Z,Not applicable,_Z,Not applicable,2001,,6.381,,,,,,,,,,,,0,Units,1,One
DATAFLOW,OECD.ELS.HD:DSD_SHA@DF_SHA(1.1),Health expenditure and financing,I,LUX,Luxembourg,A,Annual,EXP_HEALTH,Expenditure,PT_B1GQ,Percentage of GDP,_T,Total,_Z,Not application,_T,Total,_T,Total,_T,Total,_Z,Not applicable,_Z,Not applicable,_Z,Not applicable,2002,,6.76,,,,,,,,,,,,0,Units,1,One
DATAFLOW,OECD.ELS.HD:DSD_SHA@DF_SHA(1.1),Health expenditure and financing,I,LUX,Luxembourg,A,Annual,EXP_HEALTH,Expenditure,PT_B1GQ,Percentage of GDP,_T,Total,_Z,Not application,_T,Total,_T,Total,_T,Total,_Z,Not applicable,_Z,Not applicable,_Z,Not applicable,2003,,6.961,,,,,,,,,,,,0,Units,1,One
DATAFLOW,OECD.ELS.HD:DSD_SHA@DF_SHA(1.1),Health expenditure and financing,I,LUX,Luxembourg,A,Annual,EXP_HEALTH,Expenditure,PT_B1GQ,Percentage of GDP,_T,Total,_Z,Not application,_T,Total,_T,Total,_T,Total,_Z,Not applicable,_Z,Not applicable,_Z,Not applicable,2004,,7.28,,,,,,,,,,,,0,Units,1,One
DATAFLOW,OECD.ELS.HD:DSD_SHA@DF_SHA(1.1),Health expenditure and financing,I,EST,Estonia,A,Annual,EXP_HEALTH,Expenditure,PT_B1GQ,Percentage of GDP,_T,Total,_Z,Not application,_T,Total,_T,Total,_T,Total,_Z,Not applicable,_Z,Not applicable,_Z,Not applicable,2008,,5.957,,,,,,,,,,,,0,Units,1,One
DATAFLOW,OECD.ELS.HD:DSD_SHA@DF_SHA(1.1),Health expenditure and financing,I,EST,Estonia,A,Annual,EXP_HEALTH,Expenditure,PT_B1GQ,Percentage of GDP,_T,Total,_Z,Not application,_T,Total,_T,Total,_T,Total,_Z,Not applicable,_Z,Not applicable,_Z,Not applicable,2006,,4.973,,,,,,,,,,,,0,Units,1,One
DATAFLOW,OECD.ELS.HD:DSD_SHA@DF_SHA(1.1),Health expenditure and financing,I,EST,Estonia,A,Annual,EXP_HEALTH,Expenditure,PT_B1GQ,Percentage of GDP,_T,Total,_Z,Not application,_T,Total,_T,Total,_T,Total,_Z,Not applicable,_Z,Not applicable,_Z,Not applicable,2007,,5.184,,,,,,,,,,,,0,Units,1,One
DATAFLOW,OECD.ELS.HD:DSD_SHA@DF_SHA(1.1),Health expenditure and financing,I,EST,Estonia,A,Annual,EXP_HEALTH,Expenditure,PT_B1GQ,Percentage of GDP,_T,Total,_Z,Not application,_T,Total,_T,Total,_T,Total,_Z,Not applicable,_Z,Not applicable,_Z,Not applicable,2005,,5.294,,,,,,,,,,,,0,Units,1,One
DATAFLOW,OECD.ELS.HD:DSD_SHA@DF_SHA(1.1),Health expenditure and financing,I,EST,Estonia,A,Annual,EXP_HEALTH,Expenditure,PT_B1GQ,Percentage of GDP,_T,Total,_Z,Not application,_T,Total,_T,Total,_T,Total,_Z,Not applicable,_Z,Not applicable,_Z,Not applicable,2004,,5.336,,,,,,,,,,,,0,Units,1,One
DATAFLOW,OECD.ELS.HD:DSD_SHA@DF_SHA(1.1),Health expenditure and financing,I,EST,Estonia,A,Annual,EXP_HEALTH,Expenditure,PT_B1GQ,Percentage of GDP,_T,Total,_Z,Not application,_T,Total,_T,Total,_T,Total,_Z,Not applicable,_Z,Not applicable,_Z,Not applicable,2003,,5.137,,,,,,,,,,,,0,Units,1,One
DATAFLOW,OECD.ELS.HD:DSD_SHA@DF_SHA(1.1),Health expenditure and financing,I,EST,Estonia,A,Annual,EXP_HEALTH,Expenditure,PT_B1GQ,Percentage of GDP,_T,Total,_Z,Not application,_T,Total,_T,Total,_T,Total,_Z,Not applicable,_Z,Not applicable,_Z,Not applicable,2000,,5.164,,,,,,,,,,,,0,Units,1,One
DATAFLOW,OECD.ELS.HD:DSD_SHA@DF_SHA(1.1),Health expenditure and financing,I,EST,Estonia,A,Annual,EXP_HEALTH,Expenditure,PT_B1GQ,Percentage of GDP,_T,Total,_Z,Not application,_T,Total,_T,Total,_T,Total,_Z,Not applicable,_Z,Not applicable,_Z,Not applicable,2001,,4.784,,,,,,,,,,,,0,Units,1,One
DATAFLOW,OECD.ELS.HD:DSD_SHA@DF_SHA(1.1),Health expenditure and financing,I,EST,Estonia,A,Annual,EXP_HEALTH,Expenditure,PT_B1GQ,Percentage of GDP,_T,Total,_Z,Not application,_T,Total,_T,Total,_T,Total,_Z,Not applicable,_Z,Not applicable,_Z,Not applicable,2002,,4.702,,,,,,,,,,,,0,Units,1,One
DATAFLOW,OECD.ELS.HD:DSD_SHA@DF_SHA(1.1),Health expenditure and financing,I,EST,Estonia,A,Annual,EXP_HEALTH,Expenditure,PT_B1GQ,Percentage of GDP,_T,Total,_Z,Not application,_T,Total,_T,Total,_T,Total,_Z,Not applicable,_Z,Not applicable,_Z,Not applicable,2009,,6.844,,,,,,,,,,,,0,Units,1,One
DATAFLOW,OECD.ELS.HD:DSD_SHA@DF_SHA(1.1),Health expenditure and financing,I,DEU,Germany,A,Annual,EXP_HEALTH,Expenditure,PT_B1GQ,Percentage of GDP,_T,Total,_Z,Not application,_T,Total,_T,Total,_T,Total,_Z,Not applicable,_Z,Not applicable,_Z,Not applicable,2003,,10.223,,,,,,,,,,,,0,Units,1,One
DATAFLOW,OECD.ELS.HD:DSD_SHA@DF_SHA(1.1),Health expenditure and financing,I,DEU,Germany,A,Annual,EXP_HEALTH,Expenditure,PT_B1GQ,Percentage of GDP,_T,Total,_Z,Not application,_T,Total,_T,Total,_T,Total,_Z,Not applicable,_Z,Not applicable,_Z,Not applicable,2004,,9.975,,,,,,,,,,,,0,Units,1,One
DATAFLOW,OECD.ELS.HD:DSD_SHA@DF_SHA(1.1),Health expenditure and financing,I,DEU,Germany,A,Annual,EXP_HEALTH,Expenditure,PT_B1GQ,Percentage of GDP,_T,Total,_Z,Not application,_T,Total,_T,Total,_T,Total,_Z,Not applicable,_Z,Not applicable,_Z,Not applicable,2005,,10.107,,,,,,,,,,,,0,Units,1,One
DATAFLOW,OECD.ELS.HD:DSD_SHA@DF_SHA(1.1),Health expenditure and financing,I,DEU,Germany,A,Annual,EXP_HEALTH,Expenditure,PT_B1GQ,Percentage of GDP,_T,Total,_Z,Not application,_T,Total,_T,Total,_T,Total,_Z,Not applicable,_Z,Not applicable,_Z,Not applicable,2023,,11.637,,,,,,,,,,,,0,Units,1,One
DATAFLOW,OECD.ELS.HD:DSD_SHA@DF_SHA(1.1),Health expenditure and financing,I,LTU,Lithuania,A,Annual,EXP_HEALTH,Expenditure,PT_B1GQ,Percentage of GDP,_T,Total,_Z,Not application,_T,Total,_T,Total,_T,Total,_Z,Not applicable,_Z,Not applicable,_Z,Not applicable,2012,,6.308,,,,,,,,,,,,0,Units,1,One
DATAFLOW,OECD.ELS.HD:DSD_SHA@DF_SHA(1.1),Health expenditure and financing,I,LTU,Lithuania,A,Annual,EXP_HEALTH,Expenditure,PT_B1GQ,Percentage of GDP,_T,Total,_Z,Not application,_T,Total,_T,Total,_T,Total,_Z,Not applicable,_Z,Not applicable,_Z,Not applicable,2013,,6.155,,,,,,,,,,,,0,Units,1,One
DATAFLOW,OECD.ELS.HD:DSD_SHA@DF_SHA(1.1),Health expenditure and financing,I,LTU,Lithuania,A,Annual,EXP_HEALTH,Expenditure,PT_B1GQ,Percentage of GDP,_T,Total,_Z,Not application,_T,Total,_T,Total,_T,Total,_Z,Not applicable,_Z,Not applicable,_Z,Not applicable,2014,,6.222,,,,,,,,,,,,0,Units,1,One
DATAFLOW,OECD.ELS.HD:DSD_SHA@DF_SHA(1.1),Health expenditure and financing,I,LTU,Lithuania,A,Annual,EXP_HEALTH,Expenditure,PT_B1GQ,Percentage of GDP,_T,Total,_Z,Not application,_T,Total,_T,Total,_T,Total,_Z,Not applicable,_Z,Not applicable,_Z,Not applicable,2015,,6.474,,,,,,,,,,,,0,Units,1,One
DATAFLOW,OECD.ELS.HD:DSD_SHA@DF_SHA(1.1),Health expenditure and financing,I,LTU,Lithuania,A,Annual,EXP_HEALTH,Expenditure,PT_B1GQ,Percentage of GDP,_T,Total,_Z,Not application,_T,Total,_T,Total,_T,Total,_Z,Not applicable,_Z,Not applicable,_Z,Not applicable,2016,,6.649,,,,,,,,,,,,0,Units,1,One
DATAFLOW,OECD.ELS.HD:DSD_SHA@DF_SHA(1.1),Health expenditure and financing,I,LTU,Lithuania,A,Annual,EXP_HEALTH,Expenditure,PT_B1GQ,Percentage of GDP,_T,Total,_Z,Not application,_T,Total,_T,Total,_T,Total,_Z,Not applicable,_Z,Not applicable,_Z,Not applicable,2017,,6.464,,,,,,,,,,,,0,Units,1,One
DATAFLOW,OECD.ELS.HD:DSD_SHA@DF_SHA(1.1),Health expenditure and financing,I,LTU,Lithuania,A,Annual,EXP_HEALTH,Expenditure,PT_B1GQ,Percentage of GDP,_T,Total,_Z,Not application,_T,Total,_T,Total,_T,Total,_Z,Not applicable,_Z,Not applicable,_Z,Not applicable,2018,,6.469,,,,,,,,,,,,0,Units,1,One
DATAFLOW,OECD.ELS.HD:DSD_SHA@DF_SHA(1.1),Health expenditure and financing,I,LTU,Lithuania,A,Annual,EXP_HEALTH,Expenditure,PT_B1GQ,Percentage of GDP,_T,Total,_Z,Not application,_T,Total,_T,Total,_T,Total,_Z,Not applicable,_Z,Not applicable,_Z,Not applicable,2019,,6.945,,,,,,,,,,,,0,Units,1,One
DATAFLOW,OECD.ELS.HD:DSD_SHA@DF_SHA(1.1),Health expenditure and financing,I,LTU,Lithuania,A,Annual,EXP_HEALTH,Expenditure,PT_B1GQ,Percentage of GDP,_T,Total,_Z,Not application,_T,Total,_T,Total,_T,Total,_Z,Not applicable,_Z,Not applicable,_Z,Not applicable,2020,,7.416,,,,,,,,,,,,0,Units,1,One
DATAFLOW,OECD.ELS.HD:DSD_SHA@DF_SHA(1.1),Health expenditure and financing,I,LTU,Lithuania,A,Annual,EXP_HEALTH,Expenditure,PT_B1GQ,Percentage of GDP,_T,Total,_Z,Not application,_T,Total,_T,Total,_T,Total,_Z,Not applicable,_Z,Not applicable,_Z,Not applicable,2021,,7.728,,,,,,,,,,,,0,Units,1,One
DATAFLOW,OECD.ELS.HD:DSD_SHA@DF_SHA(1.1),Health expenditure and financing,I,LTU,Lithuania,A,Annual,EXP_HEALTH,Expenditure,PT_B1GQ,Percentage of GDP,_T,Total,_Z,Not application,_T,Total,_T,Total,_T,Total,_Z,Not applicable,_Z,Not applicable,_Z,Not applicable,2022,,7.284,,,,,,,,,,,,0,Units,1,One
DATAFLOW,OECD.ELS.HD:DSD_SHA@DF_SHA(1.1),Health expenditure and financing,I,LTU,Lithuania,A,Annual,EXP_HEALTH,Expenditure,PT_B1GQ,Percentage of GDP,_T,Total,_Z,Not application,_T,Total,_T,Total,_T,Total,_Z,Not applicable,_Z,Not applicable,_Z,Not applicable,2023,,7.268,,,,,,,,,,,,0,Units,1,One
DATAFLOW,OECD.ELS.HD:DSD_SHA@DF_SHA(1.1),Health expenditure and financing,I,AUT,Austria,A,Annual,EXP_HEALTH,Expenditure,PT_B1GQ,Percentage of GDP,_T,Total,_Z,Not application,_T,Total,_T,Total,_T,Total,_Z,Not applicable,_Z,Not applicable,_Z,Not applicable,2000,,9.389,,,,,,,,,,,,0,Units,1,One
DATAFLOW,OECD.ELS.HD:DSD_SHA@DF_SHA(1.1),Health expenditure and financing,I,AUT,Austria,A,Annual,EXP_HEALTH,Expenditure,PT_B1GQ,Percentage of GDP,_T,Total,_Z,Not application,_T,Total,_T,Total,_T,Total,_Z,Not applicable,_Z,Not applicable,_Z,Not applicable,2001,,9.452,,,,,,,,,,,,0,Units,1,One
DATAFLOW,OECD.ELS.HD:DSD_SHA@DF_SHA(1.1),Health expenditure and financing,I,AUT,Austria,A,Annual,EXP_HEALTH,Expenditure,PT_B1GQ,Percentage of GDP,_T,Total,_Z,Not application,_T,Total,_T,Total,_T,Total,_Z,Not applicable,_Z,Not applicable,_Z,Not applicable,2002,,9.591,,,,,,,,,,,,0,Units,1,One
DATAFLOW,OECD.ELS.HD:DSD_SHA@DF_SHA(1.1),Health expenditure and financing,I,AUT,Austria,A,Annual,EXP_HEALTH,Expenditure,PT_B1GQ,Percentage of GDP,_T,Total,_Z,Not application,_T,Total,_T,Total,_T,Total,_Z,Not applicable,_Z,Not applicable,_Z,Not applicable,2003,,9.698,,,,,,,,,,,,0,Units,1,One
DATAFLOW,OECD.ELS.HD:DSD_SHA@DF_SHA(1.1),Health expenditure and financing,I,AUT,Austria,A,Annual,EXP_HEALTH,Expenditure,PT_B1GQ,Percentage of GDP,_T,Total,_Z,Not application,_T,Total,_T,Total,_T,Total,_Z,Not applicable,_Z,Not applicable,_Z,Not applicable,2004,,9.815,,,,,,,,,,,,0,Units,1,One
DATAFLOW,OECD.ELS.HD:DSD_SHA@DF_SHA(1.1),Health expenditure and financing,I,AUT,Austria,A,Annual,EXP_HEALTH,Expenditure,PT_B1GQ,Percentage of GDP,_T,Total,_Z,Not application,_T,Total,_T,Total,_T,Total,_Z,Not applicable,_Z,Not applicable,_Z,Not applicable,2005,,9.718,,,,,,,,,,,,0,Units,1,One
DATAFLOW,OECD.ELS.HD:DSD_SHA@DF_SHA(1.1),Health expenditure and financing,I,AUT,Austria,A,Annual,EXP_HEALTH,Expenditure,PT_B1GQ,Percentage of GDP,_T,Total,_Z,Not application,_T,Total,_T,Total,_T,Total,_Z,Not applicable,_Z,Not applicable,_Z,Not applicable,2006,,9.641,,,,,,,,,,,,0,Units,1,One
DATAFLOW,OECD.ELS.HD:DSD_SHA@DF_SHA(1.1),Health expenditure and financing,I,AUT,Austria,A,Annual,EXP_HEALTH,Expenditure,PT_B1GQ,Percentage of GDP,_T,Total,_Z,Not application,_T,Total,_T,Total,_T,Total,_Z,Not applicable,_Z,Not applicable,_Z,Not applicable,2007,,9.605,,,,,,,,,,,,0,Units,1,One
DATAFLOW,OECD.ELS.HD:DSD_SHA@DF_SHA(1.1),Health expenditure and financing,I,AUT,Austria,A,Annual,EXP_HEALTH,Expenditure,PT_B1GQ,Percentage of GDP,_T,Total,_Z,Not application,_T,Total,_T,Total,_T,Total,_Z,Not applicable,_Z,Not applicable,_Z,Not applicable,2008,,9.834,,,,,,,,,,,,0,Units,1,One
DATAFLOW,OECD.ELS.HD:DSD_SHA@DF_SHA(1.1),Health expenditure and financing,I,AUT,Austria,A,Annual,EXP_HEALTH,Expenditure,PT_B1GQ,Percentage of GDP,_T,Total,_Z,Not application,_T,Total,_T,Total,_T,Total,_Z,Not applicable,_Z,Not applicable,_Z,Not applicable,2009,,10.312,,,,,,,,,,,,0,Units,1,One
DATAFLOW,OECD.ELS.HD:DSD_SHA@DF_SHA(1.1),Health expenditure and financing,I,AUT,Austria,A,Annual,EXP_HEALTH,Expenditure,PT_B1GQ,Percentage of GDP,_T,Total,_Z,Not application,_T,Total,_T,Total,_T,Total,_Z,Not applicable,_Z,Not applicable,_Z,Not applicable,2010,,10.316,,,,,,,,,,,,0,Units,1,One
DATAFLOW,OECD.ELS.HD:DSD_SHA@DF_SHA(1.1),Health expenditure and financing,I,AUT,Austria,A,Annual,EXP_HEALTH,Expenditure,PT_B1GQ,Percentage of GDP,_T,Total,_Z,Not application,_T,Total,_T,Total,_T,Total,_Z,Not applicable,_Z,Not applicable,_Z,Not applicable,2011,,10.137,,,,,,,,,,,,0,Units,1,One
DATAFLOW,OECD.ELS.HD:DSD_SHA@DF_SHA(1.1),Health expenditure and financing,I,AUT,Austria,A,Annual,EXP_HEALTH,Expenditure,PT_B1GQ,Percentage of GDP,_T,Total,_Z,Not application,_T,Total,_T,Total,_T,Total,_Z,Not applicable,_Z,Not applicable,_Z,Not applicable,2012,,10.302,,,,,,,,,,,,0,Units,1,One
DATAFLOW,OECD.ELS.HD:DSD_SHA@DF_SHA(1.1),Health expenditure and financing,I,AUT,Austria,A,Annual,EXP_HEALTH,Expenditure,PT_B1GQ,Percentage of GDP,_T,Total,_Z,Not application,_T,Total,_T,Total,_T,Total,_Z,Not applicable,_Z,Not applicable,_Z,Not applicable,2013,,10.406,,,,,,,,,,,,0,Units,1,One
DATAFLOW,OECD.ELS.HD:DSD_SHA@DF_SHA(1.1),Health expenditure and financing,I,AUT,Austria,A,Annual,EXP_HEALTH,Expenditure,PT_B1GQ,Percentage of GDP,_T,Total,_Z,Not application,_T,Total,_T,Total,_T,Total,_Z,Not applicable,_Z,Not applicable,_Z,Not applicable,2014,,10.512,,,,,,,,,,,,0,Units,1,One
DATAFLOW,OECD.ELS.HD:DSD_SHA@DF_SHA(1.1),Health expenditure and financing,I,AUT,Austria,A,Annual,EXP_HEALTH,Expenditure,PT_B1GQ,Percentage of GDP,_T,Total,_Z,Not application,_T,Total,_T,Total,_T,Total,_Z,Not applicable,_Z,Not applicable,_Z,Not applicable,2015,,10.517,,,,,,,,,,,,0,Units,1,One
DATAFLOW,OECD.ELS.HD:DSD_SHA@DF_SHA(1.1),Health expenditure and financing,I,AUT,Austria,A,Annual,EXP_HEALTH,Expenditure,PT_B1GQ,Percentage of GDP,_T,Total,_Z,Not application,_T,Total,_T,Total,_T,Total,_Z,Not applicable,_Z,Not applicable,_Z,Not applicable,2016,,10.517,,,,,,,,,,,,0,Units,1,One
DATAFLOW,OECD.ELS.HD:DSD_SHA@DF_SHA(1.1),Health expenditure and financing,I,AUT,Austria,A,Annual,EXP_HEALTH,Expenditure,PT_B1GQ,Percentage of GDP,_T,Total,_Z,Not application,_T,Total,_T,Total,_T,Total,_Z,Not applicable,_Z,Not applicable,_Z,Not applicable,2017,,10.571,,,,,,,,,,,,0,Units,1,One
DATAFLOW,OECD.ELS.HD:DSD_SHA@DF_SHA(1.1),Health expenditure and financing,I,AUT,Austria,A,Annual,EXP_HEALTH,Expenditure,PT_B1GQ,Percentage of GDP,_T,Total,_Z,Not application,_T,Total,_T,Total,_T,Total,_Z,Not applicable,_Z,Not applicable,_Z,Not applicable,2018,,10.516,,,,,,,,,,,,0,Units,1,One
DATAFLOW,OECD.ELS.HD:DSD_SHA@DF_SHA(1.1),Health expenditure and financing,I,AUT,Austria,A,Annual,EXP_HEALTH,Expenditure,PT_B1GQ,Percentage of GDP,_T,Total,_Z,Not application,_T,Total,_T,Total,_T,Total,_Z,Not applicable,_Z,Not applicable,_Z,Not applicable,2019,,10.625,,,,,,,,,,,,0,Units,1,One
DATAFLOW,OECD.ELS.HD:DSD_SHA@DF_SHA(1.1),Health expenditure and financing,I,AUT,Austria,A,Annual,EXP_HEALTH,Expenditure,PT_B1GQ,Percentage of GDP,_T,Total,_Z,Not application,_T,Total,_T,Total,_T,Total,_Z,Not applicable,_Z,Not applicable,_Z,Not applicable,2020,,11.413,,,,,,,,,,,,0,Units,1,One
DATAFLOW,OECD.ELS.HD:DSD_SHA@DF_SHA(1.1),Health expenditure and financing,I,AUT,Austria,A,Annual,EXP_HEALTH,Expenditure,PT_B1GQ,Percentage of GDP,_T,Total,_Z,Not application,_T,Total,_T,Total,_T,Total,_Z,Not applicable,_Z,Not applicable,_Z,Not applicable,2021,,12.185,,,,,,,,,,,,0,Units,1,One
DATAFLOW,OECD.ELS.HD:DSD_SHA@DF_SHA(1.1),Health expenditure and financing,I,AUT,Austria,A,Annual,EXP_HEALTH,Expenditure,PT_B1GQ,Percentage of GDP,_T,Total,_Z,Not application,_T,Total,_T,Total,_T,Total,_Z,Not applicable,_Z,Not applicable,_Z,Not applicable,2022,,11.191,,,,,,,,,,,,0,Units,1,One
DATAFLOW,OECD.ELS.HD:DSD_SHA@DF_SHA(1.1),Health expenditure and financing,I,AUT,Austria,A,Annual,EXP_HEALTH,Expenditure,PT_B1GQ,Percentage of GDP,_T,Total,_Z,Not application,_T,Total,_T,Total,_T,Total,_Z,Not applicable,_Z,Not applicable,_Z,Not applicable,2023,,11.176,,,,,,,,,,,,0,Units,1,One
DATAFLOW,OECD.ELS.HD:DSD_SHA@DF_SHA(1.1),Health expenditure and financing,I,AUS,Australia,A,Annual,EXP_HEALTH,Expenditure,PT_B1GQ,Percentage of GDP,_T,Total,_Z,Not application,_T,Total,_T,Total,_T,Total,_Z,Not applicable,_Z,Not applicable,_Z,Not applicable,2008,,8.221,,,,,,D,Definition differs,,,,,0,Units,1,One
DATAFLOW,OECD.ELS.HD:DSD_SHA@DF_SHA(1.1),Health expenditure and financing,I,AUS,Australia,A,Annual,EXP_HEALTH,Expenditure,PT_B1GQ,Percentage of GDP,_T,Total,_Z,Not application,_T,Total,_T,Total,_T,Total,_Z,Not applicable,_Z,Not applicable,_Z,Not applicable,2009,,8.515,,,,,,D,Definition differs,,,,,0,Units,1,One
DATAFLOW,OECD.ELS.HD:DSD_SHA@DF_SHA(1.1),Health expenditure and financing,I,AUS,Australia,A,Annual,EXP_HEALTH,Expenditure,PT_B1GQ,Percentage of GDP,_T,Total,_Z,Not application,_T,Total,_T,Total,_T,Total,_Z,Not applicable,_Z,Not applicable,_Z,Not applicable,2010,,8.393,,,,,,D,Definition differs,,,,,0,Units,1,One
DATAFLOW,OECD.ELS.HD:DSD_SHA@DF_SHA(1.1),Health expenditure and financing,I,AUS,Australia,A,Annual,EXP_HEALTH,Expenditure,PT_B1GQ,Percentage of GDP,_T,Total,_Z,Not application,_T,Total,_T,Total,_T,Total,_Z,Not applicable,_Z,Not applicable,_Z,Not applicable,2011,,8.506,,,,,,D,Definition differs,,,,,0,Units,1,One
DATAFLOW,OECD.ELS.HD:DSD_SHA@DF_SHA(1.1),Health expenditure and financing,I,AUS,Australia,A,Annual,EXP_HEALTH,Expenditure,PT_B1GQ,Percentage of GDP,_T,Total,_Z,Not application,_T,Total,_T,Total,_T,Total,_Z,Not applicable,_Z,Not applicable,_Z,Not applicable,2012,,8.634,,,,,,D,Definition differs,,,,,0,Units,1,One
DATAFLOW,OECD.ELS.HD:DSD_SHA@DF_SHA(1.1),Health expenditure and financing,I,AUS,Australia,A,Annual,EXP_HEALTH,Expenditure,PT_B1GQ,Percentage of GDP,_T,Total,_Z,Not application,_T,Total,_T,Total,_T,Total,_Z,Not applicable,_Z,Not applicable,_Z,Not applicable,2013,,8.709,,,,,,D,Definition differs,,,,,0,Units,1,One
DATAFLOW,OECD.ELS.HD:DSD_SHA@DF_SHA(1.1),Health expenditure and financing,I,AUS,Australia,A,Annual,EXP_HEALTH,Expenditure,PT_B1GQ,Percentage of GDP,_T,Total,_Z,Not application,_T,Total,_T,Total,_T,Total,_Z,Not applicable,_Z,Not applicable,_Z,Not applicable,2014,,9.788,,,,,,,,,,,,0,Units,1,One
DATAFLOW,OECD.ELS.HD:DSD_SHA@DF_SHA(1.1),Health expenditure and financing,I,AUS,Australia,A,Annual,EXP_HEALTH,Expenditure,PT_B1GQ,Percentage of GDP,_T,Total,_Z,Not application,_T,Total,_T,Total,_T,Total,_Z,Not applicable,_Z,Not applicable,_Z,Not applicable,2015,,10.097,,,,,,,,,,,,0,Units,1,One
DATAFLOW,OECD.ELS.HD:DSD_SHA@DF_SHA(1.1),Health expenditure and financing,I,AUS,Australia,A,Annual,EXP_HEALTH,Expenditure,PT_B1GQ,Percentage of GDP,_T,Total,_Z,Not application,_T,Total,_T,Total,_T,Total,_Z,Not applicable,_Z,Not applicable,_Z,Not applicable,2016,,10.06,,,,,,,,,,,,0,Units,1,One
DATAFLOW,OECD.ELS.HD:DSD_SHA@DF_SHA(1.1),Health expenditure and financing,I,AUS,Australia,A,Annual,EXP_HEALTH,Expenditure,PT_B1GQ,Percentage of GDP,_T,Total,_Z,Not application,_T,Total,_T,Total,_T,Total,_Z,Not applicable,_Z,Not applicable,_Z,Not applicable,2017,,10.093,,,,,,,,,,,,0,Units,1,One
DATAFLOW,OECD.ELS.HD:DSD_SHA@DF_SHA(1.1),Health expenditure and financing,I,AUS,Australia,A,Annual,EXP_HEALTH,Expenditure,PT_B1GQ,Percentage of GDP,_T,Total,_Z,Not application,_T,Total,_T,Total,_T,Total,_Z,Not applicable,_Z,Not applicable,_Z,Not applicable,2018,,10.082,,,,,,,,,,,,0,Units,1,One
DATAFLOW,OECD.ELS.HD:DSD_SHA@DF_SHA(1.1),Health expenditure and financing,I,AUS,Australia,A,Annual,EXP_HEALTH,Expenditure,PT_B1GQ,Percentage of GDP,_T,Total,_Z,Not application,_T,Total,_T,Total,_T,Total,_Z,Not applicable,_Z,Not applicable,_Z,Not applicable,2019,,10.262,,,,,,,,,,,,0,Units,1,One
DATAFLOW,OECD.ELS.HD:DSD_SHA@DF_SHA(1.1),Health expenditure and financing,I,AUS,Australia,A,Annual,EXP_HEALTH,Expenditure,PT_B1GQ,Percentage of GDP,_T,Total,_Z,Not application,_T,Total,_T,Total,_T,Total,_Z,Not applicable,_Z,Not applicable,_Z,Not applicable,2020,,10.743,,,,,,,,,,,,0,Units,1,One
DATAFLOW,OECD.ELS.HD:DSD_SHA@DF_SHA(1.1),Health expenditure and financing,I,AUS,Australia,A,Annual,EXP_HEALTH,Expenditure,PT_B1GQ,Percentage of GDP,_T,Total,_Z,Not application,_T,Total,_T,Total,_T,Total,_Z,Not applicable,_Z,Not applicable,_Z,Not applicable,2021,,10.561,,,,,,,,,,,,0,Units,1,One
DATAFLOW,OECD.ELS.HD:DSD_SHA@DF_SHA(1.1),Health expenditure and financing,I,AUS,Australia,A,Annual,EXP_HEALTH,Expenditure,PT_B1GQ,Percentage of GDP,_T,Total,_Z,Not application,_T,Total,_T,Total,_T,Total,_Z,Not applicable,_Z,Not applicable,_Z,Not applicable,2022,,9.957,,,,,,,,,,,,0,Units,1,One
DATAFLOW,OECD.ELS.HD:DSD_SHA@DF_SHA(1.1),Health expenditure and financing,I,AUS,Australia,A,Annual,EXP_HEALTH,Expenditure,PT_B1GQ,Percentage of GDP,_T,Total,_Z,Not application,_T,Total,_T,Total,_T,Total,_Z,Not applicable,_Z,Not applicable,_Z,Not applicable,2023,,10.362,,,,,,,,,,,,0,Units,1,One
DATAFLOW,OECD.ELS.HD:DSD_SHA@DF_SHA(1.1),Health expenditure and financing,I,BEL,Belgium,A,Annual,EXP_HEALTH,Expenditure,PT_B1GQ,Percentage of GDP,_T,Total,_Z,Not application,_T,Total,_T,Total,_T,Total,_Z,Not applicable,_Z,Not applicable,_Z,Not applicable,2000,,7.999,,,,,,,,,,,,0,Units,1,One
DATAFLOW,OECD.ELS.HD:DSD_SHA@DF_SHA(1.1),Health expenditure and financing,I,BEL,Belgium,A,Annual,EXP_HEALTH,Expenditure,PT_B1GQ,Percentage of GDP,_T,Total,_Z,Not application,_T,Total,_T,Total,_T,Total,_Z,Not applicable,_Z,Not applicable,_Z,Not applicable,2001,,8.15,,,,,,,,,,,,0,Units,1,One
DATAFLOW,OECD.ELS.HD:DSD_SHA@DF_SHA(1.1),Health expenditure and financing,I,BEL,Belgium,A,Annual,EXP_HEALTH,Expenditure,PT_B1GQ,Percentage of GDP,_T,Total,_Z,Not application,_T,Total,_T,Total,_T,Total,_Z,Not applicable,_Z,Not applicable,_Z,Not applicable,2002,,8.318,,,,,,,,,,,,0,Units,1,One
DATAFLOW,OECD.ELS.HD:DSD_SHA@DF_SHA(1.1),Health expenditure and financing,I,BEL,Belgium,A,Annual,EXP_HEALTH,Expenditure,PT_B1GQ,Percentage of GDP,_T,Total,_Z,Not application,_T,Total,_T,Total,_T,Total,_Z,Not applicable,_Z,Not applicable,_Z,Not applicable,2004,,9.328,,,,,,,,,,,,0,Units,1,One
DATAFLOW,OECD.ELS.HD:DSD_SHA@DF_SHA(1.1),Health expenditure and financing,I,BEL,Belgium,A,Annual,EXP_HEALTH,Expenditure,PT_B1GQ,Percentage of GDP,_T,Total,_Z,Not application,_T,Total,_T,Total,_T,Total,_Z,Not applicable,_Z,Not applicable,_Z,Not applicable,2005,,9.222,,,,,,,,,,,,0,Units,1,One
DATAFLOW,OECD.ELS.HD:DSD_SHA@DF_SHA(1.1),Health expenditure and financing,I,BEL,Belgium,A,Annual,EXP_HEALTH,Expenditure,PT_B1GQ,Percentage of GDP,_T,Total,_Z,Not application,_T,Total,_T,Total,_T,Total,_Z,Not applicable,_Z,Not applicable,_Z,Not applicable,2006,,9.128,,,,,,,,,,,,0,Units,1,One
DATAFLOW,OECD.ELS.HD:DSD_SHA@DF_SHA(1.1),Health expenditure and financing,I,BEL,Belgium,A,Annual,EXP_HEALTH,Expenditure,PT_B1GQ,Percentage of GDP,_T,Total,_Z,Not application,_T,Total,_T,Total,_T,Total,_Z,Not applicable,_Z,Not applicable,_Z,Not applicable,2007,,9.135,,,,,,,,,,,,0,Units,1,One
DATAFLOW,OECD.ELS.HD:DSD_SHA@DF_SHA(1.1),Health expenditure and financing,I,BEL,Belgium,A,Annual,EXP_HEALTH,Expenditure,PT_B1GQ,Percentage of GDP,_T,Total,_Z,Not application,_T,Total,_T,Total,_T,Total,_Z,Not applicable,_Z,Not applicable,_Z,Not applicable,2008,,9.595,,,,,,,,,,,,0,Units,1,One
DATAFLOW,OECD.ELS.HD:DSD_SHA@DF_SHA(1.1),Health expenditure and financing,I,BEL,Belgium,A,Annual,EXP_HEALTH,Expenditure,PT_B1GQ,Percentage of GDP,_T,Total,_Z,Not application,_T,Total,_T,Total,_T,Total,_Z,Not applicable,_Z,Not applicable,_Z,Not applicable,2009,,10.539,,,,,,,,,,,,0,Units,1,One
DATAFLOW,OECD.ELS.HD:DSD_SHA@DF_SHA(1.1),Health expenditure and financing,I,BEL,Belgium,A,Annual,EXP_HEALTH,Expenditure,PT_B1GQ,Percentage of GDP,_T,Total,_Z,Not application,_T,Total,_T,Total,_T,Total,_Z,Not applicable,_Z,Not applicable,_Z,Not applicable,2010,,10.408,,,,,,,,,,,,0,Units,1,One
DATAFLOW,OECD.ELS.HD:DSD_SHA@DF_SHA(1.1),Health expenditure and financing,I,BEL,Belgium,A,Annual,EXP_HEALTH,Expenditure,PT_B1GQ,Percentage of GDP,_T,Total,_Z,Not application,_T,Total,_T,Total,_T,Total,_Z,Not applicable,_Z,Not applicable,_Z,Not applicable,2011,,10.408,,,,,,,,,,,,0,Units,1,One
DATAFLOW,OECD.ELS.HD:DSD_SHA@DF_SHA(1.1),Health expenditure and financing,I,BEL,Belgium,A,Annual,EXP_HEALTH,Expenditure,PT_B1GQ,Percentage of GDP,_T,Total,_Z,Not application,_T,Total,_T,Total,_T,Total,_Z,Not applicable,_Z,Not applicable,_Z,Not applicable,2012,,10.58,,,,,,,,,,,,0,Units,1,One
DATAFLOW,OECD.ELS.HD:DSD_SHA@DF_SHA(1.1),Health expenditure and financing,I,BEL,Belgium,A,Annual,EXP_HEALTH,Expenditure,PT_B1GQ,Percentage of GDP,_T,Total,_Z,Not application,_T,Total,_T,Total,_T,Total,_Z,Not applicable,_Z,Not applicable,_Z,Not applicable,2013,,10.633,,,,,,,,,,,,0,Units,1,One
DATAFLOW,OECD.ELS.HD:DSD_SHA@DF_SHA(1.1),Health expenditure and financing,I,BEL,Belgium,A,Annual,EXP_HEALTH,Expenditure,PT_B1GQ,Percentage of GDP,_T,Total,_Z,Not application,_T,Total,_T,Total,_T,Total,_Z,Not applicable,_Z,Not applicable,_Z,Not applicable,2014,,10.616,,,,,,,,,,,,0,Units,1,One
DATAFLOW,OECD.ELS.HD:DSD_SHA@DF_SHA(1.1),Health expenditure and financing,I,BEL,Belgium,A,Annual,EXP_HEALTH,Expenditure,PT_B1GQ,Percentage of GDP,_T,Total,_Z,Not application,_T,Total,_T,Total,_T,Total,_Z,Not applicable,_Z,Not applicable,_Z,Not applicable,2015,,10.877,,,,,,,,,,,,0,Units,1,One
DATAFLOW,OECD.ELS.HD:DSD_SHA@DF_SHA(1.1),Health expenditure and financing,I,BEL,Belgium,A,Annual,EXP_HEALTH,Expenditure,PT_B1GQ,Percentage of GDP,_T,Total,_Z,Not application,_T,Total,_T,Total,_T,Total,_Z,Not applicable,_Z,Not applicable,_Z,Not applicable,2016,,10.884,,,,,,,,,,,,0,Units,1,One
DATAFLOW,OECD.ELS.HD:DSD_SHA@DF_SHA(1.1),Health expenditure and financing,I,BEL,Belgium,A,Annual,EXP_HEALTH,Expenditure,PT_B1GQ,Percentage of GDP,_T,Total,_Z,Not application,_T,Total,_T,Total,_T,Total,_Z,Not applicable,_Z,Not applicable,_Z,Not applicable,2017,,10.927,,,,,,,,,,,,0,Units,1,One
DATAFLOW,OECD.ELS.HD:DSD_SHA@DF_SHA(1.1),Health expenditure and financing,I,BEL,Belgium,A,Annual,EXP_HEALTH,Expenditure,PT_B1GQ,Percentage of GDP,_T,Total,_Z,Not application,_T,Total,_T,Total,_T,Total,_Z,Not applicable,_Z,Not applicable,_Z,Not applicable,2003,,9.165,,,,,,B,Time series break,,,,,0,Units,1,One
